name,serviceCode,startDate,rateCents
"Customer C-10757","SW-COMM-2","12/01/2024",12770
"Customer C-25570","SW-COMM-8YD","2021-08-28",22946
"Customer C-14703","SW-COMM-6YD","10/09/19",10963
"Customer C-01531","SW-RO-20","2022-12-15",42040
"Customer C-35298","SW-RO-40YD","07/09/19",56292
"Customer C-43819","SW-RO-20","03/02/2019",37894
"Customer C-44759","SW-RO-40YD","03/17/2019",62694
"Customer C-31552","SW-RO-30YD","24-Nov-23",54515
"Customer C-23109","SW-RO-20YD","09/19/24",43393
"Customer C-29246","SW-COMM-6YD","03/25/2019",10179
"Customer C-17631","LEGACY-CODE","01/20/19",14573
"Customer C-35991","SW-COMM-2YD","09/01/2019",11199
"Customer C-00845","SW-FL-6YD","01/02/2020",15052
"Customer C-30349","SW-RES-1-W","2021-05-28",39345
"Customer C-12565","SW-ROLLOFF-30YD","05/08/23",46583
"Customer C-04186","SW-COMM-8YD","11/28/2022",18707
"Customer C-20790","SW-RES-1-W","2022-01-27",39507
"Customer C-39939","SW-COMM-6YD","05/28/2019",13524
"Customer C-10871","SW-RO-10YD","10/17/2023",25178
"Customer C-24328","SW-ROLLOFF-30YD","2020-08-15",52677
"Customer C-11881","SW-ROLLOFF-40YD","05/06/23",62313
"Customer C-26540","SW-RO-30YD","2020-07-09",47641
"Customer C-03411","SW-RES-1-BW","2022-06-08",30423
"Customer C-01457","SW-RES-1-W","2019-07-06",44296
"Customer C-31128","SW-RO-20YD","11/23/2022",37221
"Customer C-25814","SW-ROLLOFF-30YD","20-Jul-24",46289
"Customer C-35724","SW-RO-30YD","10/08/19",47692
"Customer C-41752","SW-COMM-8YD","2023-10-08",15338
"Customer C-27552","SW-COMM-4YD","06/03/2020",9091
"Customer C-21168","SW-COMM-4","06/19/2024",12136
"Customer C-07819","SW-RO-40","2023-09-16",60722
"Customer C-21807","SW-RO-20","02/22/2022",43805
"Customer C-34497","SW-FL-8YD","08/03/2022",20405
"Customer C-35135","SW-RO-10YD","08/26/2021",31857
"Customer C-04864","SW-RO-20","17-Mar-23",35338
"Customer C-33215","SW-COMM-2","2024-11-02",4146
"Customer C-29422","SW-ROLLOFF-20YD","03/25/2020",35536
"Customer C-15200","SW-FL-4YD","01/13/21",8981
"Customer C-13220","SW-RO-20","04/04/2022",43381
"Customer C-21915","SW-ROLLOFF-40YD","04-Aug-24",62370
"Customer C-39558","SW-RO-40YD","03/20/19",62289
"Customer C-02022","SW-COMM-4YD","05/07/2021",10857
"Customer C-44909","SW-RO-20YD","08/25/2024",41472
"Customer C-06088","SW-ROLLOFF-30YD","01/08/2024",47236
"Customer C-38222","SW-RO-10YD","2020-03-05",33920
"Customer C-31590","SW-RES-1-M","07-Apr-19",26207
"Customer C-44942","SW-XX-99YD","10/13/19",9313
"Customer C-32801","SW-RO-40","2023-03-18",57776
"Customer C-22001","SW-COMM-8","03/27/24",15196
"Customer C-32642","SW-RES-1-M","21-Jul-24",19543
"Customer C-30153","SW-FL-8YD","04/28/2022",21402
"Customer C-38859","SW-ROLLOFF-40YD","10/22/2024",57275
"Customer C-11341","SW-COMM-4YD","08/27/2021",8085
"Customer C-44053","SW-FL-8YD","03/23/2019",22064
"Customer C-42055","SW-RES-1-M","2019-09-08",14930
"Customer C-36843","SW-COMM-XX","08-Jun-21",44247
"Customer C-12023","SW-FL-6YD","2020-01-11",10993
"Customer C-35107","SW-RO-40YD","04/07/2020",63824
"Customer C-33130","SW-COMM-2YD","07/27/24",5319
"Customer C-28303","SW-COMM-8","08/01/2021",19339
"Customer C-10918","SW-RO-20YD","02/09/2024",42743
"Customer C-44333","SW-FL-2YD","03/26/2024",13783
"Customer C-43188","SW-COMM-6","11/12/21",15740
"Customer C-38525","SW-FL-4YD","05/08/2019",7350
"Customer C-30354","SW-ROLLOFF-40YD","10/06/2024",58792
"Customer C-07595","LEGACY-CODE","11/21/2020",39808
"Customer C-25033","SW-COMM-2YD","12/19/2019",10591
"Customer C-14525","SW-RO-40YD","2021-09-15",56156
"Customer C-23691","SW-COMM-8","2021-08-10",20990
"Customer C-25966","OLD-SVC-7","26-Jan-20",48111
"Customer C-11227","SW-FL-2YD","12/16/2021",13153
"Customer C-37742","SW-RO-30","23-Oct-21",50544
"Customer C-08024","SW-RO-20","25-Jan-20",43327
"Customer C-30675","SW-RO-10","05-Sep-22",25199
"Customer C-02885","LEGACY-CODE","02/17/2020",19793
"Customer C-40688","SW-RO-30","01/09/22",54739
"Customer C-09442","SW-RO-10YD","02-Jul-19",30826
"Customer C-06397","SW-FL-8YD","24-Apr-21",21231
"Customer C-29726","SW-RES-1-BW","05/18/24",36501
"Customer C-07242","SW-COMM-8","04/06/2024",17413
"Customer C-24588","NOPE-1","16-Aug-21",43691
"Customer C-28622","SW-COMM-XX","02/24/2022",19220
"Customer C-37639","SW-RO-20","2019-11-04",35926
"Customer C-17895","SW-RO-30","10/19/2020",48413
"Customer C-30998","SW-ROLLOFF-20YD","06/06/24",42419
"Customer C-41940","SW-XX-99YD","10/10/2023",47169
"Customer C-21524","SW-ROLLOFF-10YD","10/02/22",27132
"Customer C-35769","SW-RES-1-W","12/28/23",12453
"Customer C-16681","SW-RO-20YD","13-Feb-23",35485
"Customer C-17053","SW-COMM-6YD","01/08/2019",12531
"Customer C-40206","SW-COMM-2","2021-05-02",4070
"Customer C-02320","SW-XX-99YD","13-Apr-22",15959
"Customer C-10967","SW-ROLLOFF-40YD","2021-04-06",55278
"Customer C-37020","SW-COMM-4","24-May-24",16832
"Customer C-27502","SW-COMM-2YD","11/25/2021",7551
"Customer C-05940","SW-COMM-4YD","01/24/21",9329
"Customer C-13083","SW-RO-30","10-Nov-23",54797
"Customer C-24787","SW-RO-10YD","2019-03-27",25905
"Customer C-14904","SW-RES-1-M","2019-08-10",42121
"Customer C-01969","SW-RO-10YD","09/10/2019",33494
"Customer C-29612","SW-COMM-4YD","06/26/2024",13851
"Customer C-31885","SW-COMM-8YD","21-Apr-21",13241
"Customer C-04426","SW-COMM-8","2019-04-28",16162
"Customer C-26980","SW-RO-30","09/22/24",46869
"Customer C-34205","SW-COMM-2","11/20/2019",13190
"Customer C-43866","SW-RO-20","10/15/2024",36333
"Customer C-12792","SW-COMM-8","2023-06-28",19840
"Customer C-34716","SW-RO-10","2023-12-05",26430
"Customer C-28485","SW-RO-10","10-Jul-21",27733
"Customer C-09716","SW-RES-1-M","12/11/2024",14736
"Customer C-05930","SW-ROLLOFF-20YD","21-Jun-19",41813
"Customer C-15303","SW-ROLLOFF-30YD","2019-01-03",47608
"Customer C-24811","SW-RO-40YD","2023-02-12",56936
"Customer C-08227","SW-RES-1-M","08/21/2019",25090
"Customer C-36216","SW-COMM-2","12-Oct-24",8630
"Customer C-22520","SW-ROLLOFF-10YD","02-Nov-20",25105
"Customer C-29734","SW-COMM-2","11/16/21",7128
"Customer C-43802","SW-FL-4YD","06/08/2021",14238
"Customer C-44667","SW-ROLLOFF-10YD","2023-04-27",26688
"Customer C-08877","SW-RO-20","06/10/2024",37031
"Customer C-40174","SW-ROLLOFF-30YD","10-Nov-23",48982
"Customer C-39223","SW-RO-40YD","09/14/24",64662
"Customer C-02103","SW-COMM-2YD","2023-01-23",8620
"Customer C-09939","SW-RO-10","03/09/2022",34779
"Customer C-01136","SW-ROLLOFF-40YD","09/20/22",62254
"Customer C-23153","SW-ROLLOFF-20YD","12/06/23",41657
"Customer C-30473","SW-RES-1-M","2019-06-25",51026
"Customer C-09905","SW-COMM-8","10/07/2023",16482
"Customer C-24196","SW-COMM-4","2019-08-04",14304
"Customer C-00449","SW-RO-40","04/15/22",55461
"Customer C-26939","SW-FL-4YD","01/07/20",9286
"Customer C-13377","SW-FL-6YD","02/06/2019",15365
"Customer C-27930","SW-RO-30YD","02/11/2019",54307
"Customer C-40803","SW-ROLLOFF-20YD","01/11/22",37514
"Customer C-31835","SW-RO-40YD","03/07/2022",64893
"Customer C-44593","SW-COMM-6","04/12/2019",10599
"Customer C-16675","SW-RO-30YD","07/20/22",47124
"Customer C-26545","SW-RO-30YD","2020-04-23",45458
"Customer C-35531","SW-FL-8YD","2020-02-11",15319
"Customer C-19883","SW-ROLLOFF-10YD","02/20/24",26190
"Customer C-02604","SW-COMM-6YD","03/10/20",13700
"Customer C-02141","SW-COMM-4YD","02/13/22",8813
"Customer C-11256","SW-RO-20","2024-12-27",44762
"Customer C-38681","SW-ROLLOFF-40YD","12/04/2019",55034
"Customer C-12981","SW-RO-30YD","22-Feb-21",52554
"Customer C-12323","SW-RO-40","26-Apr-21",57245
"Customer C-12359","SW-RO-10YD","2022-11-11",27813
"Customer C-05148","SW-FL-8YD","05/02/2024",13924
"Customer C-44832","SW-FL-2YD","06-Sep-21",11908
"Customer C-00822","SW-RO-30","2024-10-04",50014
"Customer C-39334","SW-RES-1-M","2020-07-25",6931
"Customer C-07078","SW-COMM-4","06-Jan-24",7646
"Customer C-23182","SW-COMM-4YD","2019-10-18",12338
"Customer C-42965","SW-COMM-2","26-Nov-22",6512
"Customer C-01856","SW-ROLLOFF-10YD","2024-03-13",26887
"Customer C-24493","SW-COMM-6","2022-11-14",18774
"Customer C-38052","SW-RO-20","15-Jun-21",43878
"Customer C-37338","SW-COMM-6YD","2020-10-02",18644
"Customer C-00149","SW-COMM-4YD","10/12/2023",13369
"Customer C-21414","SW-RO-40YD","2022-12-03",57705
"Customer C-04436","SW-ROLLOFF-30YD","10/11/24",49868
"Customer C-05012","SW-COMM-2","12/04/2020",5215
"Customer C-28892","SW-COMM-6YD","01/14/2022",16610
"Customer C-05486","SW-COMM-2","02/22/2019",10285
"Customer C-06277","SW-RO-20YD","13-Feb-23",40728
"Customer C-35957","SW-RO-30YD","11/21/2022",45393
"Customer C-19494","SW-RES-1-M","10/02/2022",19125
"Customer C-33085","SW-COMM-2","02/15/2024",5432
"Customer C-13000","SW-COMM-4","06/09/2021",15882
"Customer C-27101","SW-COMM-6YD","11/11/24",11870
"Customer C-19442","SW-FL-6YD","08-Apr-20",11786
"Customer C-13150","SW-RO-30","16-Feb-19",52379
"Customer C-22928","SW-ROLLOFF-30YD","07/23/20",45975
"Customer C-08209","SW-FL-8YD","03/20/22",19355
"Customer C-23838","SW-COMM-6","12/18/2019",10475
"Customer C-28930","SW-COMM-6YD","08/26/20",10774
"Customer C-27890","SW-COMM-4YD","04-Jul-22",7595
"Customer C-31777","SW-RO-40YD","05/21/2022",59683
"Customer C-19394","SW-FL-6YD","2023-12-16",16580
"Customer C-04910","SW-COMM-2YD","2021-06-17",10223
"Customer C-25119","SW-RO-20","12/01/2023",36556
"Customer C-11773","SW-FL-2YD","21-Oct-24",10127
"Customer C-22196","SW-RO-10YD","03/10/23",29477
"Customer C-33961","SW-XX-99YD","12/10/22",14430
"Customer C-35594","SW-RO-30YD","2019-10-28",49511
"Customer C-18723","SW-RO-20YD","04/12/19",38530
"Customer C-11946","SW-ROLLOFF-30YD","10-May-20",45214
"Customer C-25499","SW-RO-20YD","10/12/22",38287
"Customer C-00898","SW-ROLLOFF-40YD","2019-07-20",59576
"Customer C-19662","SW-ROLLOFF-10YD","10-Jan-19",33254
"Customer C-00447","SW-COMM-4YD","03/17/2020",12028
"Customer C-42138","SW-RO-40","2023-01-16",64163
"Customer C-17287","SW-COMM-8YD","05/17/24",20099
"Customer C-32612","SW-FL-4YD","10/25/2022",14139
"Customer C-40552","SW-COMM-2YD","06/04/2021",11758
"Customer C-39806","LEGACY-CODE","2021-01-28",12245
"Customer C-24172","SW-ROLLOFF-40YD","2020-02-28",58422
"Customer C-11410","SW-FL-8YD","2024-05-15",20216
"Customer C-07176","SW-ROLLOFF-40YD","02-Apr-23",56353
"Customer C-22166","SW-FL-4YD","2024-02-04",16231
"Customer C-37335","SW-COMM-6","2019-01-02",19264
"Customer C-09356","SW-COMM-2YD","07/09/2022",9254
"Customer C-38374","SW-FL-8YD","12/05/2020",21081
"Customer C-17333","SW-FL-2YD","12/03/20",4883
"Customer C-32164","SW-RO-20","2020-01-23",38960
"Customer C-33221","SW-RES-1-M","07/01/24",37803
"Customer C-24961","SW-RO-10YD","05/19/24",28815
"Customer C-20739","SW-RO-20","05/18/2022",37151
"Customer C-36876","SW-COMM-6","13-Apr-20",16737
"Customer C-41147","SW-RES-1-W","2021-08-14",36594
"Customer C-11387","SW-COMM-6YD","12/01/2022",19001
"Customer C-23913","SW-RO-20YD","25-May-23",35645
"Customer C-44842","SW-FL-2YD","2022-12-16",5216
"Customer C-02859","SW-ROLLOFF-20YD","2023-08-05",43189
"Customer C-37622","NOPE-1","2021-07-03",43869
"Customer C-17443","SW-COMM-6","11/06/23",18048
"Customer C-08241","SW-RO-10","12/13/2019",25529
"Customer C-35637","SW-ROLLOFF-30YD","12/08/2023",49403
"Customer C-14011","SW-FL-2YD","09/04/2022",8590
"Customer C-18320","SW-FL-6YD","2020-03-18",11628
"Customer C-33549","SW-FL-2YD","2020-07-28",9636
"Customer C-37168","SW-RO-30","10/13/22",50974
"Customer C-28487","SW-RO-10","08/15/2020",31455
"Customer C-34929","SW-RO-10","13-Dec-22",26983
"Customer C-44538","SW-FL-4YD","01/28/2024",9233
"Customer C-14568","SW-FL-2YD","02/17/2024",4600
"Customer C-25174","SW-ROLLOFF-20YD","2022-03-27",41335
"Customer C-20421","SW-ROLLOFF-20YD","2019-11-02",35708
"Customer C-21593","SW-RO-30","09/17/2024",49744
"Customer C-44234","SW-COMM-XX","12/26/2022",11940
"Customer C-32253","SW-COMM-8","03/04/2019",13980
"Customer C-42739","SW-FL-4YD","03/05/20",7137
"Customer C-31510","SW-RES-1-M","08/18/2021",12576
"Customer C-13895","SW-FL-4YD","08/24/2019",11878
"Customer C-39150","SW-ROLLOFF-10YD","07/01/2022",27860
"Customer C-20150","SW-RO-20YD","08/04/2023",37222
"Customer C-09011","SW-FL-4YD","2024-08-11",14669
"Customer C-40107","SW-RO-10","04/19/2024",31955
"Customer C-01509","SW-RO-10YD","07/22/2021",34987
"Customer C-05007","SW-COMM-2","03/27/20",5691
"Customer C-11120","SW-RO-20YD","10/01/19",39314
"Customer C-12247","SW-COMM-4YD","05/21/2022",12453
"Customer C-13425","SW-RO-20YD","2024-03-07",39242
"Customer C-37691","SW-COMM-6YD","2023-07-06",13963
"Customer C-31575","SW-COMM-6","2021-03-08",11597
"Customer C-40743","SW-RO-10YD","04/16/2024",29813
"Customer C-15244","SW-ROLLOFF-10YD","07/28/23",32840
"Customer C-20898","SW-FL-6YD","05/05/2022",13304
"Customer C-44771","SW-FL-4YD","03/04/2024",16344
"Customer C-40856","SW-ROLLOFF-20YD","2022-06-28",44646
"Customer C-30088","SW-COMM-4","06/19/2023",8825
"Customer C-18864","SW-RO-30YD","2021-05-03",46923
"Customer C-15105","SW-ROLLOFF-30YD","25-Jun-22",48086
"Customer C-27543","SW-FL-4YD","2024-10-04",8021
"Customer C-33564","SW-COMM-6","06/05/2020",15111
"Customer C-30582","SW-RO-20","2024-03-24",38610
"Customer C-07332","SW-RO-10","2021-10-20",28005
"Customer C-06118","SW-COMM-2","10-Feb-19",9755
"Customer C-37812","SW-RES-1-M","11/28/2022",15547
"Customer C-03619","SW-RO-40YD","11/14/2021",61694
"Customer C-01967","SW-FL-6YD","01/01/2021",18950
"Customer C-22915","OLD-SVC-7","07/13/2020",13262
"Customer C-12062","SW-RO-30YD","03/07/2019",53726
"Customer C-28701","SW-FL-2YD","11/01/2024",4092
"Customer C-42277","SW-XX-99YD","12/02/24",7716
"Customer C-37498","SW-COMM-8","2019-09-25",22451
"Customer C-31515","SW-ROLLOFF-30YD","07/08/22",45739
"Customer C-24752","SW-RO-40","28-Feb-21",60359
"Customer C-20002","SW-RO-20YD","10/17/2022",35516
"Customer C-12345","SW-COMM-XX","21-Oct-24",54221
"Customer C-32213","SW-COMM-6YD","02/06/24",15749
"Customer C-37059","SW-RES-1-BW","2023-07-17",4709
"Customer C-17303","SW-ROLLOFF-30YD","2024-05-16",48424
"Customer C-10481","SW-ROLLOFF-30YD","09/04/19",53619
"Customer C-20980","SW-FL-8YD","24-Sep-21",15109
"Customer C-24783","SW-RES-1-BW","08-Oct-19",35632
"Customer C-32975","SW-ROLLOFF-10YD","11/03/24",29146
"Customer C-01365","SW-RES-1-M","21-Jul-19",64719
"Customer C-10825","SW-RO-40YD","01/13/19",64613
"Customer C-14066","SW-ROLLOFF-20YD","06/02/2022",37164
"Customer C-11380","SW-RO-20YD","03/19/23",39222
"Customer C-26067","SW-RO-10YD","2024-06-22",32728
"Customer C-35997","NOPE-1","01/24/2022",12091
"Customer C-14752","SW-FL-6YD","2022-05-21",14589
"Customer C-39974","SW-FL-8YD","20-Nov-20",16171
"Customer C-34374","SW-COMM-XX","2024-03-20",28048
"Customer C-33086","SW-RO-20YD","05-Jul-21",39767
"Customer C-37637","SW-COMM-2","11/20/20",10188
"Customer C-39399","SW-RO-10YD","21-May-23",30753
"Customer C-37418","SW-RO-10","2022-12-01",32363
"Customer C-07621","SW-RO-20YD","2022-12-06",39730
"Customer C-00718","SW-RES-1-BW","21-Apr-22",11480
"Customer C-27607","SW-FL-4YD","2020-06-22",14373
"Customer C-43507","SW-COMM-2","27-Aug-22",12366
"Customer C-31218","SW-RO-10","01/10/2019",29707
"Customer C-42953","SW-RO-20","05/22/21",43837
"Customer C-31495","NOPE-1","02/24/2022",9700
"Customer C-09523","SW-RES-1-M","02/02/19",16802
"Customer C-43874","SW-RO-20YD","04-May-19",36974
"Customer C-30386","SW-COMM-4","20-Jun-21",16530
"Customer C-29005","SW-COMM-2YD","02-Aug-20",8070
"Customer C-20449","SW-RO-20","11/09/2021",40795
"Customer C-22937","SW-RO-20YD","05-Dec-22",36005
"Customer C-06856","SW-RO-20YD","07/02/21",35274
"Customer C-05802","SW-FL-8YD","10/18/2020",20828
"Customer C-23426","SW-RO-10","2021-01-09",34425
"Customer C-01469","SW-RO-30","12-Jun-23",52244
"Customer C-31742","SW-RO-40","2022-05-17",60085
"Customer C-28665","SW-COMM-6YD","05/24/2024",14536
"Customer C-01555","SW-COMM-6","2022-03-25",18575
"Customer C-24859","SW-COMM-2","10-Jun-23",7892
"Customer C-16057","SW-COMM-4YD","2024-12-23",15555
"Customer C-31526","SW-ROLLOFF-10YD","01/02/2024",28888
"Customer C-25090","SW-COMM-2","11/27/20",5250
"Customer C-09989","SW-ROLLOFF-10YD","12/03/2021",34659
"Customer C-19578","SW-FL-4YD","2024-01-26",15804
"Customer C-25992","SW-COMM-6YD","2024-01-18",14071
"Customer C-14174","SW-RES-1-BW","16-Feb-23",9266
"Customer C-23873","SW-RES-1-M","08/19/2024",15703
"Customer C-19994","SW-COMM-4YD","08/09/20",14189
"Customer C-31414","SW-ROLLOFF-10YD","2019-12-12",30153
"Customer C-26254","SW-COMM-8YD","2023-08-09",15969
"Customer C-25458","SW-ROLLOFF-20YD","2021-08-02",40340
"Customer C-02132","SW-RO-10YD","04/28/23",32874
"Customer C-28185","SW-ROLLOFF-20YD","07/20/2020",39064
"Customer C-26423","SW-COMM-8","06/25/19",20726
"Customer C-02347","SW-RES-1-BW","11/02/24",29377
"Customer C-28014","SW-FL-4YD","01/20/2024",13452
"Customer C-19482","SW-ROLLOFF-40YD","02/03/2022",61925
"Customer C-25796","SW-COMM-2YD","05/01/19",11899
"Customer C-07217","SW-RES-1-W","09/21/2023",57798
"Customer C-26783","SW-RO-20YD","08/01/2022",38041
"Customer C-08454","SW-RO-30","06/22/2021",53149
"Customer C-14550","SW-COMM-4YD","09/26/24",7316
"Customer C-37283","SW-FL-8YD","2019-11-05",22867
"Customer C-00116","SW-RO-30YD","2022-07-01",46853
"Customer C-34061","SW-RO-40YD","08/28/23",58247
"Customer C-34068","SW-FL-6YD","04/18/2023",13087
"Customer C-43822","SW-RO-40","23-Mar-23",58844
"Customer C-08897","SW-RES-1-BW","2019-07-08",63338
"Customer C-32296","SW-RO-30","08-Dec-21",53207
"Customer C-10896","SW-RO-40","2020-05-19",60068
"Customer C-41878","SW-RO-20YD","07/20/2020",35866
"Customer C-11836","SW-RO-40YD","04/26/2023",60649
"Customer C-08333","SW-ROLLOFF-20YD","2024-07-07",37936
"Customer C-01291","SW-RO-30","12/06/2021",50613
"Customer C-44466","SW-RO-10","05/25/2021",28543
"Customer C-24433","SW-RES-1-M","10/21/2022",52562
"Customer C-15106","SW-COMM-2","2022-01-11",11523
"Customer C-30912","SW-ROLLOFF-40YD","2021-06-26",64233
"Customer C-28193","SW-COMM-6YD","2019-07-08",16216
"Customer C-37645","SW-FL-6YD","22-Oct-24",10301
"Customer C-23799","SW-RO-30","2021-05-24",45272
"Customer C-20005","SW-COMM-8YD","2022-02-12",16825
"Customer C-31992","SW-FL-8YD","03/05/2021",22300
"Customer C-26190","SW-RO-40YD","18-Dec-24",62305
"Customer C-31090","SW-RO-20","12/27/22",43016
"Customer C-38284","SW-RO-30","11/10/23",54463
"Customer C-21023","SW-RO-10","05/24/19",29782
"Customer C-27628","SW-FL-2YD","01-Mar-21",12375
"Customer C-41956","OLD-SVC-7","2019-07-23",64468
"Customer C-44579","SW-RO-40","2024-02-09",58018
"Customer C-12448","SW-COMM-4","26-Apr-20",9739
"Customer C-38936","SW-RO-20","12/09/2019",39456
"Customer C-11767","SW-COMM-6YD","10/18/24",14170
"Customer C-05668","SW-RES-1-W","02-Mar-20",17726
"Customer C-01543","SW-RO-30YD","07-May-22",53035
"Customer C-17875","SW-FL-2YD","11/08/21",9793
"Customer C-38889","SW-RO-40","24-Dec-22",64638
"Customer C-20873","LEGACY-CODE","06/13/2021",7859
"Customer C-33627","SW-ROLLOFF-30YD","2023-01-16",46217
"Customer C-04197","SW-ROLLOFF-40YD","2024-01-10",63350
"Customer C-44099","SW-RO-40YD","2022-04-22",56808
"Customer C-14780","SW-RO-10","2021-03-20",34811
"Customer C-13493","SW-COMM-6","2022-05-25",16862
"Customer C-00176","SW-RES-1-W","07/23/2022",61714
"Customer C-21335","SW-RO-40","09/23/2021",56700
"Customer C-32798","SW-COMM-8YD","06-Dec-21",13326
"Customer C-05990","SW-COMM-4YD","2019-03-24",7943
"Customer C-07578","SW-ROLLOFF-20YD","08/18/2022",37264
"Customer C-16995","SW-RO-30YD","2022-06-16",53969
"Customer C-25341","SW-RO-40YD","01/04/2019",60114
"Customer C-02586","SW-RES-1-BW","10-Oct-19",9275
"Customer C-17224","SW-RO-10","04/23/20",25379
"Customer C-25890","SW-RO-30","17-Aug-20",50627
"Customer C-04859","SW-RO-40YD","02/16/21",58820
"Customer C-37992","SW-XX-99YD","01/06/23",49413
"Customer C-39564","SW-COMM-8YD","10/06/23",15645
"Customer C-25574","SW-RES-1-BW","08/02/21",50407
"Customer C-28426","SW-COMM-4YD","08/02/21",7307
"Customer C-25753","SW-COMM-4YD","01/24/22",12156
"Customer C-05649","SW-COMM-6YD","10/28/21",16690
"Customer C-39542","SW-COMM-8YD","2019-04-23",16902
"Customer C-25708","SW-COMM-2YD","02-Oct-20",6297
"Customer C-41586","SW-ROLLOFF-20YD","04/09/19",37232
"Customer C-39720","OLD-SVC-7","07-Aug-24",47986
"Customer C-42535","SW-ROLLOFF-20YD","2021-03-19",35294
"Customer C-31971","SW-FL-2YD","01/08/2020",7101
"Customer C-13904","SW-COMM-8","04/23/2024",18661
"Customer C-18469","SW-RO-10","2022-09-16",25865
"Customer C-30510","SW-RO-30YD","02/10/2023",54550
"Customer C-27445","SW-RO-10YD","07/27/20",33156
"Customer C-23349","SW-COMM-4","04/03/2024",7091
"Customer C-34248","OLD-SVC-7","04-Aug-24",59921
"Customer C-18562","SW-RO-10YD","03/27/21",30793
"Customer C-23615","SW-RO-10","08/16/2023",30194
"Customer C-36845","SW-COMM-XX","06/23/22",9655
"Customer C-36589","SW-RO-30YD","03/23/2023",47943
"Customer C-21730","SW-COMM-2","2023-03-24",7060
"Customer C-33659","SW-FL-2YD","05/14/2022",6760
"Customer C-30744","SW-FL-2YD","09/07/21",7764
"Customer C-05223","SW-RO-10YD","08/15/21",29275
"Customer C-09106","SW-ROLLOFF-20YD","2023-03-10",39222
"Customer C-11516","SW-FL-2YD","06/24/2022",11451
"Customer C-13647","SW-COMM-4","09/16/21",12231
"Customer C-42295","SW-COMM-6YD","02/01/23",16328
"Customer C-14727","SW-RO-10","2019-08-26",31629
"Customer C-10853","SW-COMM-2","11/12/23",10149
"Customer C-37109","SW-RO-30","11/01/2019",53253
"Customer C-04413","SW-RO-20YD","11/11/2021",41326
"Customer C-15099","SW-COMM-8","05/02/2019",18650
"Customer C-29879","SW-RO-20","03/21/19",36276
"Customer C-44058","SW-RO-30YD","2023-01-09",54148
"Customer C-26754","SW-COMM-2","2024-01-06",12431
"Customer C-01825","SW-RO-30YD","28-Sep-24",45965
"Customer C-18905","SW-RES-1-W","2021-01-10",14933
"Customer C-23763","SW-COMM-6YD","13-Dec-20",18831
"Customer C-02563","SW-RO-40","25-Sep-22",56144
"Customer C-31571","NOPE-1","12/23/2024",42452
"Customer C-12599","SW-COMM-8","11/06/2022",13949
"Customer C-33148","SW-RO-20YD","04/23/2019",35093
"Customer C-09343","SW-COMM-4","10/14/22",16775
"Customer C-37295","SW-RES-1-BW","05/19/2023",43048
"Customer C-36881","SW-FL-6YD","06/25/24",17347
"Customer C-09396","SW-ROLLOFF-30YD","10/10/2022",50902
"Customer C-16155","SW-COMM-4","10/12/2022",15572
"Customer C-40389","SW-COMM-8","12/19/2020",21525
"Customer C-19471","SW-RO-40","2021-10-13",62639
"Customer C-10322","SW-COMM-2","12/26/19",12002
"Customer C-35443","SW-RO-40YD","05/15/2020",61256
"Customer C-34296","SW-ROLLOFF-10YD","04/26/2024",30564
"Customer C-42177","SW-ROLLOFF-30YD","2019-09-04",54594
"Customer C-27112","SW-FL-8YD","2022-05-04",21805
"Customer C-14439","SW-FL-4YD","06/03/2024",10412
"Customer C-36130","SW-FL-4YD","02/07/24",14388
"Customer C-14887","SW-COMM-6YD","08-Feb-22",17174
"Customer C-09786","SW-ROLLOFF-20YD","2019-01-01",40378
"Customer C-11509","SW-COMM-2","2022-07-13",13952
"Customer C-17557","SW-RO-10","04/02/19",29436
"Customer C-42672","SW-ROLLOFF-10YD","10/12/2021",32626
"Customer C-07040","SW-COMM-6","08/26/2020",12788
"Customer C-05797","SW-FL-8YD","17-Sep-23",16080
"Customer C-01980","SW-COMM-2YD","09-Jan-20",13976
"Customer C-02269","SW-COMM-8YD","03/06/2023",16180
"Customer C-00372","SW-FL-8YD","07/28/19",22452
"Customer C-43771","SW-COMM-6YD","07/09/2019",16240
"Customer C-03754","SW-RES-1-BW","04-Aug-22",35371
"Customer C-24151","SW-RES-1-M","11-Nov-24",33144
"Customer C-13099","SW-COMM-4YD","2023-03-02",8868
"Customer C-05954","SW-COMM-8YD","02/08/2020",22095
"Customer C-28548","SW-RO-10YD","2023-03-19",30701
"Customer C-42195","SW-XX-99YD","04-Dec-20",54634
"Customer C-44494","SW-COMM-2YD","2019-09-25",13149
"Customer C-03938","SW-RES-1-BW","2022-01-23",5979
"Customer C-37358","SW-ROLLOFF-10YD","2022-07-15",30779
"Customer C-32943","SW-RO-10YD","2021-04-18",33193
"Customer C-37695","SW-FL-8YD","04/07/2020",13362
"Customer C-17617","SW-FL-8YD","05-Jul-24",20619
"Customer C-31635","SW-ROLLOFF-20YD","2022-05-25",43362
"Customer C-10111","SW-FL-8YD","06-Nov-21",13843
"Customer C-02037","SW-FL-2YD","06/10/24",12456
"Customer C-40400","SW-FL-6YD","08-Aug-19",16416
"Customer C-11784","SW-RO-40","2020-09-26",55980
"Customer C-18879","SW-RO-40","2023-09-12",64019
"Customer C-26323","SW-ROLLOFF-10YD","09/25/2021",31239
"Customer C-32998","SW-FL-8YD","09/16/2020",13171
"Customer C-26282","SW-COMM-2YD","2022-05-12",9865
"Customer C-21160","SW-ROLLOFF-10YD","13-Dec-24",31571
"Customer C-20004","SW-COMM-6YD","04/07/23",17853
"Customer C-19962","SW-RO-40","2020-06-22",62886
"Customer C-16013","SW-FL-6YD","06/07/2021",19459
"Customer C-00343","SW-RO-10","08/10/2022",28923
"Customer C-06208","OLD-SVC-7","2021-03-17",33263
"Customer C-00666","SW-ROLLOFF-30YD","09/09/2020",52394
"Customer C-09787","SW-RO-40YD","2020-10-02",56870
"Customer C-27707","SW-FL-4YD","07/12/2022",14803
"Customer C-17249","SW-COMM-8YD","01-Jan-19",22626
"Customer C-16130","SW-ROLLOFF-40YD","12/24/24",55526
"Customer C-43080","SW-ROLLOFF-30YD","02-Apr-22",54512
"Customer C-15316","SW-RES-1-BW","02-Nov-24",29338
"Customer C-23707","SW-COMM-8","2021-05-08",18251
"Customer C-11101","SW-RO-10YD","09/11/2024",33147
"Customer C-11285","SW-COMM-6YD","2024-04-09",15300
"Customer C-12367","SW-RO-30YD","02/27/2023",48483
"Customer C-36245","OLD-SVC-7","12/18/2023",62235
"Customer C-37783","SW-FL-2YD","17-Dec-22",7284
"Customer C-09874","SW-FL-4YD","01/08/2020",8232
"Customer C-38393","SW-RO-10YD","07/23/21",29995
"Customer C-25422","SW-ROLLOFF-20YD","10/14/2019",42203
"Customer C-09668","OLD-SVC-7","2022-03-13",45504
"Customer C-35701","SW-COMM-4YD","08/14/19",7916
"Customer C-01603","SW-ROLLOFF-10YD","2019-02-07",29815
"Customer C-34110","SW-RES-1-M","2019-01-03",42252
"Customer C-06636","SW-ROLLOFF-30YD","06-Feb-20",45322
"Customer C-35073","SW-RO-10","06/25/2022",30600
"Customer C-26195","SW-RO-40","12-Jan-22",63298
"Customer C-08574","SW-COMM-6YD","05/13/2020",17411
"Customer C-37102","SW-COMM-8","08/17/20",22627
"Customer C-03231","SW-COMM-2YD","2024-04-25",12356
"Customer C-39777","SW-COMM-2","2019-11-21",5693
"Customer C-32824","SW-RO-30YD","10/04/2022",46688
"Customer C-08318","SW-COMM-6","2023-02-17",15292
"Customer C-00783","SW-COMM-8YD","2020-02-20",22065
"Customer C-07161","SW-COMM-4","2020-11-18",8225
"Customer C-13920","SW-RO-20YD","11/07/2024",39506
"Customer C-31221","SW-RO-20","10-Mar-20",43422
"Customer C-01196","SW-XX-99YD","2019-03-10",6103
"Customer C-26656","SW-RO-10YD","2019-04-24",32150
"Customer C-06012","SW-RO-30YD","03/04/2019",48629
"Customer C-39718","SW-RO-30YD","06/14/2024",52305
"Customer C-33101","SW-FL-6YD","10/25/2022",14509
"Customer C-37860","SW-COMM-6","2019-04-19",11437
"Customer C-11008","SW-ROLLOFF-20YD","2024-11-11",40889
"Customer C-40899","SW-COMM-8YD","2023-10-24",22903
"Customer C-24453","SW-ROLLOFF-20YD","19-Aug-21",39608
"Customer C-08890","SW-COMM-6YD","2021-01-02",13095
"Customer C-27344","SW-RO-30YD","06/25/19",46945
"Customer C-17963","SW-RO-10YD","2024-03-06",30640
"Customer C-06138","SW-COMM-6","11/21/2021",19787
"Customer C-08739","SW-FL-4YD","2023-08-17",10806
"Customer C-41613","SW-RO-40YD","04/14/2023",58184
"Customer C-05235","SW-RES-1-W","12/22/2024",46245
"Customer C-06469","SW-RES-1-W","04-May-22",22517
"Customer C-19711","SW-RO-10","26-May-23",31677
"Customer C-35172","SW-RO-20","2019-09-12",40693
"Customer C-33329","SW-RO-10","08/23/2023",34659
"Customer C-30608","SW-ROLLOFF-30YD","04/16/2024",52550
"Customer C-11657","SW-COMM-6YD","10/23/23",14650
"Customer C-44360","SW-ROLLOFF-40YD","01/11/2021",55362
"Customer C-00953","SW-COMM-8","2019-11-12",19492
"Customer C-09284","SW-RES-1-BW","01/06/2020",47495
"Customer C-44374","SW-FL-6YD","2019-08-05",14875
"Customer C-25169","SW-COMM-6","06/02/2022",10304
"Customer C-37003","SW-COMM-6YD","2024-03-11",14248
"Customer C-36138","SW-FL-6YD","2024-11-01",17086
"Customer C-42513","SW-COMM-2","06/27/2024",13188
"Customer C-16802","SW-RO-40YD","04-Dec-20",64516
"Customer C-20782","SW-RO-30","06-Jul-20",48070
"Customer C-30814","SW-RES-1-M","05/22/21",13984
"Customer C-29156","SW-FL-6YD","16-Feb-19",11816
"Customer C-42112","SW-COMM-2","2021-04-02",4598
"Customer C-29729","SW-FL-2YD","22-May-21",11648
"Customer C-22124","SW-COMM-8YD","11/28/2024",21046
"Customer C-42500","SW-FL-4YD","07/11/2019",12207
"Customer C-14242","SW-ROLLOFF-30YD","02/13/24",53720
"Customer C-26886","SW-ROLLOFF-40YD","2024-06-24",59886
"Customer C-39439","SW-COMM-6YD","04/23/19",10178
"Customer C-17948","SW-ROLLOFF-20YD","2023-04-09",40230
"Customer C-21237","SW-COMM-4YD","05/02/20",10434
"Customer C-24160","LEGACY-CODE","2024-09-11",15953
"Customer C-30780","SW-FL-8YD","09/03/2022",15255
"Customer C-05899","SW-COMM-4","2020-02-18",13826
"Customer C-15507","SW-ROLLOFF-40YD","25-Sep-20",56956
"Customer C-34977","SW-COMM-4YD","12-Sep-22",15509
"Customer C-12576","SW-COMM-4","2021-09-06",15252
"Customer C-09267","SW-COMM-2","05/04/2020",5325
"Customer C-38639","SW-FL-6YD","19-Jun-22",10710
"Customer C-06746","SW-FL-4YD","08/21/24",15897
"Customer C-05437","SW-COMM-6","2020-06-20",13120
"Customer C-05081","SW-COMM-XX","07/07/2019",12395
"Customer C-42561","SW-RO-20YD","03/17/21",40808
"Customer C-15570","SW-FL-2YD","06-Nov-23",13125
"Customer C-41940","OLD-SVC-7","2021-07-16",36384
"Customer C-36746","SW-FL-4YD","2021-04-24",7551
"Customer C-17872","SW-ROLLOFF-30YD","07-Nov-19",50069
"Customer C-37878","SW-ROLLOFF-20YD","03/24/22",37067
"Customer C-40573","SW-RO-20YD","2020-01-21",39772
"Customer C-43402","SW-ROLLOFF-20YD","10/07/2022",42804
"Customer C-27302","SW-COMM-4YD","27-Aug-19",12693
"Customer C-01277","SW-ROLLOFF-10YD","18-Aug-22",25898
"Customer C-43642","SW-COMM-4YD","2020-08-21",7552
"Customer C-03741","SW-RES-1-BW","12/24/2019",7863
"Customer C-06213","SW-RO-10","03/28/22",34175
"Customer C-39276","SW-FL-6YD","01/11/23",19599
"Customer C-23341","SW-ROLLOFF-40YD","06/05/2021",59591
"Customer C-25665","SW-RES-1-M","27-Jan-24",64229
"Customer C-38819","SW-FL-6YD","12/12/2021",14061
"Customer C-05985","SW-FL-6YD","08/25/23",14847
"Customer C-25230","SW-COMM-2YD","05/07/22",11535
"Customer C-31128","SW-RO-10","20-Jul-23",32445
"Customer C-41178","SW-RO-20YD","08-Mar-21",44653
"Customer C-34145","SW-RO-20","04/03/2019",42330
"Customer C-35618","SW-COMM-6","10/09/24",11912
"Customer C-35685","SW-ROLLOFF-30YD","11/02/2021",48014
"Customer C-14312","SW-RO-30YD","04/10/21",46068
"Customer C-04445","SW-RO-30","2021-09-04",54603
"Customer C-35372","SW-COMM-2","10/04/24",5449
"Customer C-41118","SW-COMM-2YD","01/27/21",4707
"Customer C-23018","SW-RO-40YD","02/22/2024",59209
"Customer C-01364","SW-FL-4YD","04/28/19",11790
"Customer C-15906","SW-ROLLOFF-20YD","18-Oct-20",42032
"Customer C-31093","SW-ROLLOFF-10YD","05/02/24",31016
"Customer C-23652","SW-ROLLOFF-30YD","06/18/2022",46962
"Customer C-36468","SW-COMM-8","13-Nov-24",20383
"Customer C-31421","SW-ROLLOFF-40YD","08/23/2022",63746
"Customer C-32776","SW-COMM-6","06/25/2020",15478
"Customer C-08006","SW-ROLLOFF-40YD","03/23/2024",64080
"Customer C-41372","SW-ROLLOFF-40YD","12/05/2020",62886
"Customer C-02562","SW-COMM-8","07/13/2021",19640
"Customer C-09457","SW-RO-30YD","2024-10-26",53089
"Customer C-13082","SW-FL-6YD","07/14/22",12961
"Customer C-18139","SW-RO-40","03/27/19",56470
"Customer C-15634","SW-RO-40","09/17/20",63982
"Customer C-02198","SW-RO-30YD","04-Apr-21",48397
"Customer C-19646","SW-COMM-6","06/07/2021",17844
"Customer C-32255","SW-RO-30","03/12/2019",53328
"Customer C-28430","SW-ROLLOFF-20YD","12/28/21",40041
"Customer C-08786","SW-ROLLOFF-10YD","17-Jul-22",34095
"Customer C-16848","SW-ROLLOFF-10YD","04/24/2024",33447
"Customer C-38617","SW-COMM-6","11/18/2020",15319
"Customer C-06407","SW-RO-40","06-Jan-19",56316
"Customer C-11321","SW-COMM-8","2019-03-16",17930
"Customer C-38131","SW-FL-4YD","10/03/2022",10735
"Customer C-43114","SW-RES-1-M","12/03/2022",45109
"Customer C-00380","SW-ROLLOFF-20YD","19-Aug-23",36800
"Customer C-07431","SW-COMM-6","11/19/20",13415
"Customer C-27089","SW-RO-30","07/15/19",52674
"Customer C-34622","SW-COMM-4YD","11/09/2023",8123
"Customer C-09845","SW-RO-30YD","04/01/2019",50200
"Customer C-23399","SW-FL-6YD","2024-07-14",12059
"Customer C-01200","SW-RES-1-BW","12/03/2020",36497
"Customer C-31497","SW-COMM-2YD","01/07/2021",10226
"Customer C-02844","SW-RO-10","07/05/22",30271
"Customer C-18409","OLD-SVC-7","12/28/2024",26462
"Customer C-25707","SW-COMM-2","2024-08-08",12948
"Customer C-43643","SW-ROLLOFF-40YD","07/21/23",59045
"Customer C-01790","SW-FL-6YD","2021-12-09",13252
"Customer C-20655","SW-RO-30YD","24-Jul-19",54132
"Customer C-22063","SW-COMM-XX","13-May-23",62636
"Customer C-28007","SW-RO-30","2020-12-16",49661
"Customer C-35539","SW-RO-10","11/08/19",26863
"Customer C-32408","SW-COMM-2","11/04/2022",7797
"Customer C-42501","SW-COMM-6YD","01/13/2020",18513
"Customer C-38717","SW-FL-4YD","2023-05-24",16892
"Customer C-16626","SW-COMM-6YD","12/08/2021",19417
"Customer C-16189","SW-COMM-6YD","2022-03-12",13768
"Customer C-26197","SW-FL-6YD","07/04/21",16274
"Customer C-27757","SW-RO-10YD","2023-03-09",30861
"Customer C-23890","SW-RO-40YD","2019-05-28",55694
"Customer C-04523","SW-COMM-2YD","11-Jul-22",12782
"Customer C-29620","SW-ROLLOFF-40YD","05/20/22",64188
"Customer C-42983","SW-COMM-4","07-Oct-19",16892
"Customer C-05337","SW-COMM-8","27-Mar-19",21268
"Customer C-44680","SW-RO-20YD","12/18/23",38528
"Customer C-24658","SW-RO-10YD","04/25/22",27612
"Customer C-40719","SW-ROLLOFF-30YD","02/04/2022",46397
"Customer C-09788","SW-COMM-6YD","2020-04-17",11540
"Customer C-38445","SW-RES-1-W","12/18/23",7297
"Customer C-17513","SW-ROLLOFF-30YD","2023-10-05",46589
"Customer C-24161","SW-FL-6YD","12/25/2019",12650
"Customer C-24944","SW-RO-20","06-Jul-20",36465
"Customer C-04819","SW-ROLLOFF-20YD","2020-12-27",40720
"Customer C-02530","SW-RO-30","2022-10-12",46320
"Customer C-43645","SW-COMM-2YD","03/03/2024",13484
"Customer C-19075","SW-RO-40","08/11/2024",61815
"Customer C-07215","SW-FL-4YD","2021-12-07",12607
"Customer C-02364","SW-COMM-8YD","2023-01-09",15372
"Customer C-41408","SW-RO-30","2021-07-01",48761
"Customer C-38754","SW-COMM-6","04/14/2023",15232
"Customer C-15521","SW-ROLLOFF-40YD","06/05/2021",63699
"Customer C-23516","SW-ROLLOFF-30YD","04/12/24",51369
"Customer C-04368","SW-FL-2YD","2023-01-22",6164
"Customer C-39199","SW-RO-20","08/14/22",35440
"Customer C-18851","SW-RO-10","03/27/2021",27441
"Customer C-17809","SW-COMM-XX","01/28/2023",62942
"Customer C-02245","SW-RO-40YD","07/08/21",63415
"Customer C-28042","SW-RO-40YD","2020-06-03",58177
"Customer C-05255","SW-ROLLOFF-40YD","04-Jan-23",62163
"Customer C-03914","SW-RO-30YD","03/16/2021",53480
"Customer C-17830","SW-RO-40YD","06/08/20",62801
"Customer C-05685","SW-RO-10","2020-06-08",25163
"Customer C-26595","SW-COMM-2","04/13/2020",8955
"Customer C-28659","SW-RO-20YD","2019-03-07",39210
"Customer C-28104","SW-RO-10","06/10/19",31785
"Customer C-09369","SW-FL-8YD","09/01/22",16716
"Customer C-03309","SW-ROLLOFF-20YD","2024-03-28",39375
"Customer C-26604","SW-COMM-8YD","09/12/2024",19228
"Customer C-42090","SW-ROLLOFF-40YD","09-Jul-23",56132
"Customer C-28091","SW-RES-1-M","2024-09-02",16091
"Customer C-18541","SW-RES-1-M","08/15/2019",19422
"Customer C-34947","SW-COMM-8","02-Jul-22",22291
"Customer C-33404","SW-COMM-2YD","17-Jan-21",9991
"Customer C-00964","SW-COMM-2","11/11/2020",11668
"Customer C-41712","SW-RES-1-W","09/11/2024",21850
"Customer C-38204","SW-ROLLOFF-20YD","2021-10-14",37874
"Customer C-04302","SW-COMM-8","03/20/2023",22962
"Customer C-01373","SW-COMM-6","10/16/22",14722
"Customer C-00162","SW-FL-2YD","12/09/2021",9716
"Customer C-41562","SW-FL-2YD","07/12/2019",11436
"Customer C-00646","SW-COMM-4YD","12/06/21",16289
"Customer C-16748","SW-ROLLOFF-40YD","14-Mar-23",56837
"Customer C-34927","SW-COMM-8YD","11-Jan-24",19771
"Customer C-17137","SW-COMM-2YD","10/03/2024",8807
"Customer C-04660","SW-RO-10","07/23/2024",32270
"Customer C-44239","SW-RES-1-BW","2023-04-18",33430
"Customer C-12891","SW-RO-10","15-Jul-24",29728
"Customer C-40705","SW-RO-30YD","2023-03-25",49783
"Customer C-28016","SW-RO-20","2023-11-19",43197
"Customer C-39865","SW-COMM-6YD","04/21/2023",11472
"Customer C-06583","SW-COMM-8YD","09/25/24",18022
"Customer C-15870","SW-COMM-6YD","14-May-20",15153
"Customer C-27639","SW-RO-20","2022-01-23",40237
"Customer C-01095","SW-COMM-2","11/21/2023",7637
"Customer C-15915","SW-RO-10","12/01/2020",32870
"Customer C-05024","SW-FL-8YD","2021-06-24",14061
"Customer C-01372","SW-XX-99YD","01/28/23",10555
"Customer C-03303","SW-ROLLOFF-30YD","04/20/2022",54622
"Customer C-18207","SW-RO-20","03/10/2023",37242
"Customer C-38361","SW-RES-1-M","2021-04-22",49890
"Customer C-37234","SW-COMM-4","08/16/2023",11992
"Customer C-16197","SW-ROLLOFF-40YD","2020-09-04",64943
"Customer C-22217","SW-RO-20","10/16/21",39625
"Customer C-02661","SW-COMM-8YD","09/24/2023",19198
"Customer C-19059","SW-COMM-6","02/24/23",11752
"Customer C-33761","SW-ROLLOFF-40YD","12-May-24",61843
"Customer C-39105","SW-RO-40YD","09/24/2020",58596
"Customer C-41790","SW-RES-1-M","10/13/2023",40131
"Customer C-17303","SW-COMM-6YD","21-May-23",18221
"Customer C-06488","SW-RES-1-BW","12/11/2020",43522
"Customer C-06737","SW-RO-30YD","2019-08-05",46999
"Customer C-18397","SW-RO-40","09-Apr-20",58965
"Customer C-29944","SW-RO-30YD","06/12/2019",53189
"Customer C-26557","SW-RO-10YD","18-Dec-20",27147
"Customer C-28357","SW-RO-40","05/20/2022",62629
"Customer C-25072","SW-RO-10","2023-09-25",30587
"Customer C-38098","SW-RO-40YD","12/05/2020",56254
"Customer C-15578","SW-RO-40YD","01/14/2019",63539
"Customer C-15930","SW-FL-8YD","2024-11-17",15828
"Customer C-23564","SW-RES-1-M","03/05/2020",37621
"Customer C-18573","SW-RO-10YD","08/15/23",33615
"Customer C-40351","SW-COMM-2YD","04/13/23",13994
"Customer C-03494","SW-ROLLOFF-30YD","08-Mar-22",51589
"Customer C-08402","SW-RO-30YD","04/26/2024",50759
"Customer C-20271","SW-RES-1-W","07/18/2021",19221
"Customer C-34534","SW-COMM-4YD","12/03/19",12989
"Customer C-41651","SW-COMM-6","2020-03-28",14449
"Customer C-40303","SW-FL-2YD","2022-02-18",11249
"Customer C-41961","SW-RES-1-BW","2020-06-10",13810
"Customer C-10696","SW-ROLLOFF-20YD","2021-12-05",43043
"Customer C-30195","SW-FL-4YD","2023-08-28",11610
"Customer C-27681","SW-ROLLOFF-20YD","2020-03-18",36453
"Customer C-22507","SW-RO-40YD","09-Aug-23",58177
"Customer C-22462","SW-FL-2YD","02/27/2024",4862
"Customer C-30678","SW-ROLLOFF-40YD","07/06/20",59466
"Customer C-12891","SW-RO-20","07/27/2019",35019
"Customer C-17698","SW-RO-20YD","12/07/20",44058
"Customer C-35348","SW-RES-1-W","04/01/2024",51837
"Customer C-04389","SW-RO-10YD","22-Apr-24",25887
"Customer C-41590","SW-RO-10","07/16/2021",34871
"Customer C-14997","SW-RO-40YD","04/23/2020",61361
"Customer C-11759","SW-RO-20YD","09/17/24",38428
"Customer C-12989","SW-COMM-XX","12/22/2023",47556
"Customer C-17138","SW-FL-6YD","04/07/2021",14195
"Customer C-03768","SW-RES-1-W","06/02/24",61797
"Customer C-44350","SW-RO-10","2019-12-06",29673
"Customer C-17262","SW-RO-40YD","2022-02-27",61397
"Customer C-01908","SW-RO-30YD","2024-03-05",50054
"Customer C-24511","SW-FL-2YD","10/15/22",9073
"Customer C-12796","SW-COMM-4YD","2019-12-01",10167
"Customer C-20310","SW-ROLLOFF-10YD","10-Mar-21",33462
"Customer C-38334","LEGACY-CODE","2022-11-26",14096
"Customer C-30710","SW-RO-40YD","2022-04-07",64133
"Customer C-31001","SW-ROLLOFF-30YD","05/27/23",52674
"Customer C-25447","SW-RO-20","05/26/2019",35297
"Customer C-27768","SW-ROLLOFF-20YD","24-Sep-19",35139
"Customer C-38243","SW-RO-30YD","06-Dec-23",51537
"Customer C-15657","SW-RES-1-M","2022-01-18",14922
"Customer C-13863","SW-COMM-6YD","2019-12-28",13015
"Customer C-34804","SW-COMM-6","01/10/2021",15246
"Customer C-38970","SW-ROLLOFF-30YD","03/23/2019",49707
"Customer C-09708","SW-RES-1-M","22-Feb-22",56627
"Customer C-09002","SW-RO-30","05/09/2022",49487
"Customer C-32128","SW-ROLLOFF-40YD","05/26/2021",64700
"Customer C-07213","SW-ROLLOFF-20YD","11/06/2023",38482
"Customer C-40990","SW-RES-1-W","05/12/21",7175
"Customer C-40505","SW-XX-99YD","2020-06-26",12160
"Customer C-20344","SW-RES-1-M","12/20/2019",49435
"Customer C-03477","SW-RO-30YD","09/09/2023",47945
"Customer C-19589","SW-FL-4YD","10/08/20",16094
"Customer C-42550","SW-RES-1-W","2021-05-17",57410
"Customer C-42184","SW-RO-30YD","04-Sep-23",51011
"Customer C-00062","SW-COMM-2","18-Apr-23",10015
"Customer C-35622","SW-RO-20YD","09/02/23",42084
"Customer C-06642","SW-RO-20YD","2023-04-01",42715
"Customer C-39878","SW-COMM-4YD","2024-08-14",7635
"Customer C-32046","SW-FL-8YD","2022-01-07",18252
"Customer C-11882","SW-ROLLOFF-20YD","2021-08-09",42750
"Customer C-25316","SW-RES-1-M","2024-05-19",11535
"Customer C-40800","SW-COMM-2","10/09/22",13421
"Customer C-24275","SW-RO-40","19-Jan-20",55198
"Customer C-22180","SW-ROLLOFF-30YD","07/14/19",46030
"Customer C-31470","SW-COMM-6","02/22/2021",17350
"Customer C-05747","SW-RO-20","16-Jul-24",37297
"Customer C-09428","SW-RO-20","09/20/22",36793
"Customer C-33947","SW-FL-8YD","11-Nov-22",16679
"Customer C-20779","SW-ROLLOFF-30YD","01/22/2024",51406
"Customer C-00569","SW-RO-20","22-Nov-20",41252
"Customer C-42015","SW-ROLLOFF-10YD","05/18/2023",28733
"Customer C-31771","SW-COMM-2YD","04/16/2024",7221
"Customer C-13273","SW-RO-10YD","03/05/21",28980
"Customer C-05018","SW-RES-1-W","06/05/2020",15109
"Customer C-21094","SW-RO-20YD","25-Feb-20",37672
"Customer C-19166","SW-RO-20","13-Oct-19",41636
"Customer C-19591","LEGACY-CODE","05/02/2023",43215
"Customer C-39404","SW-RO-30","2024-12-01",48357
"Customer C-07277","SW-FL-6YD","11/14/2022",10289
"Customer C-06985","SW-ROLLOFF-10YD","2020-03-10",27389
"Customer C-41926","SW-COMM-4YD","05/01/2023",12215
"Customer C-36682","SW-RES-1-BW","12-May-22",16983
"Customer C-14169","SW-FL-8YD","01/27/24",15490
"Customer C-04940","SW-COMM-8YD","11/04/21",17413
"Customer C-27716","SW-COMM-4","06-Jan-23",10949
"Customer C-28480","SW-RES-1-M","03/10/23",44086
"Customer C-26278","SW-COMM-4","06-Aug-21",11846
"Customer C-41398","SW-COMM-8YD","04/05/2024",16599
"Customer C-16877","SW-COMM-8","04/13/24",20203
"Customer C-28437","SW-RES-1-W","02/19/2020",54284
"Customer C-19008","SW-RO-30YD","2019-07-08",54241
"Customer C-44215","SW-COMM-4","2024-07-17",10539
"Customer C-30596","SW-RO-40","18-Jun-20",57136
"Customer C-16462","SW-COMM-8YD","2021-05-18",16278
"Customer C-01382","SW-ROLLOFF-30YD","04-Sep-22",46883
"Customer C-23972","SW-COMM-8YD","2023-09-15",18388
"Customer C-00346","SW-COMM-8YD","05-Dec-22",13364
"Customer C-07311","SW-COMM-4","08/25/2022",8051
"Customer C-00320","SW-COMM-4YD","07/09/19",7325
"Customer C-24711","SW-RO-10YD","03/18/2019",28281
"Customer C-12014","SW-COMM-8YD","2021-07-22",19180
"Customer C-42395","SW-FL-8YD","09/17/24",17566
"Customer C-27589","SW-RO-20YD","18-Jan-22",40325
"Customer C-40465","SW-RO-10YD","06-Nov-21",34222
"Customer C-28063","SW-COMM-8YD","2023-04-26",22072
"Customer C-23121","SW-COMM-XX","01/13/2020",39658
"Customer C-35599","SW-RES-1-BW","10/26/2024",14626
"Customer C-33223","SW-ROLLOFF-40YD","18-Nov-20",60847
"Customer C-04442","SW-RO-40","03/07/22",64178
"Customer C-31371","SW-RO-30YD","09/18/2021",48715
"Customer C-07869","SW-FL-6YD","07/10/2023",17580
"Customer C-12522","SW-RO-20YD","12-May-23",37380
"Customer C-44131","SW-FL-6YD","2023-08-22",19886
"Customer C-01925","SW-FL-4YD","01/20/20",9331
"Customer C-31644","SW-ROLLOFF-20YD","20-Sep-24",44085
"Customer C-16888","SW-COMM-4YD","05/23/2019",7742
"Customer C-41417","SW-RO-10","09/17/2022",25663
"Customer C-09267","SW-COMM-2YD","01/28/2024",10152
"Customer C-44430","SW-FL-4YD","02/14/2022",13584
"Customer C-35860","SW-COMM-4YD","2023-12-22",11019
"Customer C-19973","SW-RO-10YD","2023-04-15",30048
"Customer C-26794","SW-ROLLOFF-30YD","2024-11-13",49887
"Customer C-10044","OLD-SVC-7","17-Dec-23",41188
"Customer C-40370","SW-ROLLOFF-10YD","2019-07-17",30148
"Customer C-08202","SW-ROLLOFF-10YD","12/09/21",25931
"Customer C-20319","SW-ROLLOFF-30YD","24-Feb-19",50933
"Customer C-40247","SW-XX-99YD","2019-12-26",49270
"Customer C-44336","SW-RO-20YD","06/20/20",44030
"Customer C-01499","SW-FL-2YD","2020-08-02",11871
"Customer C-14187","SW-FL-4YD","12/14/2022",9067
"Customer C-33101","SW-RES-1-BW","01/01/2020",16887
"Customer C-05719","SW-COMM-2","2021-04-15",7395
"Customer C-10423","SW-COMM-6YD","2019-09-10",11011
"Customer C-44727","SW-ROLLOFF-40YD","04/26/2019",60439
"Customer C-06058","SW-ROLLOFF-40YD","19-Jan-19",59375
"Customer C-26535","SW-RO-30","08-Apr-24",51210
"Customer C-18439","SW-ROLLOFF-40YD","2023-03-06",64407
"Customer C-14587","SW-FL-2YD","2019-05-03",4850
"Customer C-41500","SW-RO-10YD","2021-06-13",30744
"Customer C-29640","SW-COMM-8","2019-09-09",21981
"Customer C-18067","SW-RO-10YD","02/03/2022",30873
"Customer C-01681","SW-RO-40","2023-08-20",63090
"Customer C-01058","SW-ROLLOFF-20YD","2022-07-25",39654
"Customer C-43663","SW-ROLLOFF-30YD","2022-11-23",54351
"Customer C-37663","SW-ROLLOFF-10YD","01/04/2021",27849
"Customer C-04289","SW-RES-1-M","2019-12-24",32820
"Customer C-41518","SW-COMM-2","22-Oct-19",13941
"Customer C-00839","SW-RES-1-BW","11/27/19",11324
"Customer C-33588","SW-RES-1-M","03/06/21",10810
"Customer C-42589","SW-RO-20YD","03/11/23",40533
"Customer C-32383","SW-RO-20YD","2022-05-06",43950
"Customer C-17156","SW-ROLLOFF-20YD","20-Feb-21",42823
"Customer C-23269","SW-RO-30YD","09-Mar-21",50186
"Customer C-18385","SW-RO-10","2024-01-22",33194
"Customer C-37641","NOPE-1","11/07/22",64575
"Customer C-27632","SW-RO-30YD","02/26/19",45115
"Customer C-37911","SW-COMM-4YD","2020-05-26",11509
"Customer C-14968","SW-RO-20YD","2022-03-24",41884
"Customer C-14069","SW-RO-10YD","05/20/2024",32407
"Customer C-13839","SW-RES-1-M","2024-09-17",14552
"Customer C-13528","SW-RO-40YD","04-Jun-22",58457
"Customer C-19712","SW-RO-30YD","06/06/22",46083
"Customer C-17896","SW-ROLLOFF-10YD","12/06/2020",30334
"Customer C-04835","SW-RO-40YD","2019-10-26",56484
"Customer C-06481","SW-RO-10","04/19/2021",32161
"Customer C-34647","SW-COMM-2YD","09/01/2021",13814
"Customer C-29183","SW-ROLLOFF-40YD","12/14/2020",57658
"Customer C-22604","SW-COMM-4YD","08/05/21",14377
"Customer C-35824","SW-RO-20","2024-05-12",40926
"Customer C-20573","SW-COMM-4YD","2022-05-12",14694
"Customer C-29183","NOPE-1","06/25/2020",15461
"Customer C-41209","SW-COMM-4YD","04/25/2021",11159
"Customer C-19678","SW-COMM-4YD","04/12/2019",10499
"Customer C-33488","SW-RO-40","07/19/20",60665
"Customer C-43248","SW-COMM-2YD","09/04/2024",13272
"Customer C-29061","SW-FL-4YD","10-Apr-23",14206
"Customer C-11195","NOPE-1","2020-12-02",58396
"Customer C-12983","SW-RO-30YD","11/11/21",50228
"Customer C-38105","SW-FL-2YD","2024-05-13",7541
"Customer C-44003","SW-COMM-6YD","2020-09-11",15155
"Customer C-18457","SW-COMM-4","08/25/2022",13295
"Customer C-22116","SW-RO-30","10-Aug-24",48294
"Customer C-00981","SW-RO-20YD","11/21/2022",43563
"Customer C-28612","SW-COMM-4YD","08/06/21",8786
"Customer C-17610","SW-RES-1-M","2022-06-13",49648
"Customer C-00949","SW-FL-8YD","2023-11-06",19205
"Customer C-19369","SW-RO-10","2024-02-05",34579
"Customer C-07496","SW-ROLLOFF-10YD","06/11/20",28485
"Customer C-14944","SW-RO-40","11/22/2019",63918
"Customer C-14666","SW-RO-10YD","13-Dec-22",29122
"Customer C-34435","SW-FL-6YD","06/15/21",13349
"Customer C-16130","SW-RO-20","10/10/21",43941
"Customer C-41670","SW-RO-30YD","13-Oct-24",45794
"Customer C-25722","SW-RO-20YD","16-Nov-23",37509
"Customer C-19495","SW-ROLLOFF-10YD","04/11/2023",29445
"Customer C-13914","SW-RES-1-W","05/17/19",52630
"Customer C-28020","SW-COMM-4YD","2024-08-26",12542
"Customer C-14246","SW-COMM-6YD","06/12/24",15484
"Customer C-44176","SW-COMM-8YD","20-Nov-20",22520
"Customer C-15792","LEGACY-CODE","2024-05-25",7900
"Customer C-10614","SW-COMM-6YD","02/14/24",18196
"Customer C-19281","SW-FL-6YD","2019-03-02",15010
"Customer C-15307","SW-FL-4YD","01/09/24",10255
"Customer C-01016","SW-RO-30YD","09/23/2022",51817
"Customer C-43376","SW-RO-30YD","02-Mar-19",49918
"Customer C-19630","SW-RO-40YD","02/12/2024",58599
"Customer C-18112","SW-FL-8YD","2019-05-19",20042
"Customer C-22322","SW-RO-10","2019-07-02",27457
"Customer C-21545","SW-RES-1-M","22-Feb-21",54307
"Customer C-42017","SW-COMM-4","06/08/21",8418
"Customer C-28913","OLD-SVC-7","04-Sep-23",8439
"Customer C-05217","SW-FL-2YD","07/14/2021",5710
"Customer C-27503","SW-RO-20","11/11/23",42422
"Customer C-25142","SW-FL-8YD","05/18/2024",19192
"Customer C-32194","SW-ROLLOFF-20YD","06/12/24",42139
"Customer C-10999","SW-COMM-8YD","07/21/2020",20496
"Customer C-13376","SW-RO-20","02/25/22",35827
"Customer C-41473","SW-RO-40","09-Jan-20",59387
"Customer C-43788","SW-XX-99YD","13-Sep-20",15239
"Customer C-37555","SW-RO-10YD","11/01/2021",29820
"Customer C-08705","SW-RO-30","08-Jul-23",46117
"Customer C-31990","SW-XX-99YD","10/02/2021",47395
"Customer C-36677","SW-COMM-6","12/25/23",15709
"Customer C-10270","SW-FL-8YD","2020-02-13",20285
"Customer C-31088","SW-COMM-8","12/26/2019",18410
"Customer C-34409","SW-RO-10YD","10/06/2019",34608
"Customer C-41907","SW-RO-40YD","10/13/2024",57158
"Customer C-10776","SW-FL-6YD","07/03/2019",17388
"Customer C-02385","SW-COMM-4","12-Aug-19",8614
"Customer C-30610","SW-RES-1-M","2023-02-01",11747
"Customer C-41709","SW-FL-8YD","2024-09-27",18343
"Customer C-02266","SW-FL-6YD","04/28/23",16257
"Customer C-31677","SW-ROLLOFF-10YD","26-Feb-24",29977
"Customer C-37457","SW-ROLLOFF-10YD","04/09/19",26307
"Customer C-31949","SW-COMM-4YD","05/25/21",13538
"Customer C-34619","SW-RES-1-W","03/14/2022",29768
"Customer C-01716","SW-COMM-6","2022-03-09",16812
"Customer C-33033","SW-COMM-4YD","10/22/2019",11811
"Customer C-15394","SW-FL-2YD","08/22/2019",10025
"Customer C-19809","SW-RO-10YD","2020-04-28",31977
"Customer C-35248","SW-FL-8YD","2024-02-05",19074
"Customer C-29035","SW-COMM-4YD","2023-02-12",7068
"Customer C-06925","SW-ROLLOFF-20YD","2022-01-23",35287
"Customer C-42470","SW-COMM-4","06/25/2022",14956
"Customer C-44132","SW-RES-1-W","11/22/21",13299
"Customer C-09957","SW-RO-30","2023-12-06",46243
"Customer C-24077","SW-COMM-8","23-Nov-21",14966
"Customer C-41673","SW-RO-30YD","06-Nov-20",49719
"Customer C-40362","SW-COMM-4YD","11/03/2024",15409
"Customer C-01999","SW-RO-20YD","09/10/2019",36867
"Customer C-28584","SW-RO-10YD","2024-11-08",33330
"Customer C-14667","SW-RO-20YD","2022-02-15",35285
"Customer C-41991","SW-RO-30YD","02/12/20",50970
"Customer C-11279","SW-COMM-2","04/16/2023",11850
"Customer C-14512","SW-ROLLOFF-10YD","07/19/2019",29029
"Customer C-03071","SW-RES-1-M","12/23/2021",47226
"Customer C-37522","SW-RO-30YD","10/12/19",45849
"Customer C-38642","SW-RO-20YD","08/23/2020",40052
"Customer C-13504","SW-COMM-4","14-Jul-19",15118
"Customer C-27557","SW-RO-20YD","06/17/21",39863
"Customer C-15106","SW-RO-10","04/25/2021",30930
"Customer C-27617","SW-COMM-6","06/22/23",10124
"Customer C-24175","SW-COMM-2","2020-06-15",5806
"Customer C-08670","SW-RO-20","2023-03-27",39048
"Customer C-34057","SW-ROLLOFF-10YD","12/21/2024",25441
"Customer C-14816","SW-COMM-4YD","12/05/24",14951
"Customer C-42846","SW-COMM-8","2019-05-14",17153
"Customer C-09232","SW-RES-1-M","26-Sep-24",12455
"Customer C-19310","SW-RO-30YD","2022-06-11",50427
"Customer C-30867","SW-XX-99YD","11/15/2019",5434
"Customer C-17270","SW-RO-20YD","09/28/2023",42165
"Customer C-08409","SW-FL-2YD","01-Jan-22",12644
"Customer C-26196","SW-RO-10YD","08/16/2023",26924
"Customer C-16805","SW-RES-1-M","12/19/23",39848
"Customer C-21201","SW-COMM-6","09/04/2024",17731
"Customer C-26932","SW-COMM-4","2023-04-24",13936
"Customer C-22222","SW-RES-1-BW","09-Mar-24",46833
"Customer C-13183","SW-RES-1-BW","2020-03-04",15971
"Customer C-42235","SW-FL-8YD","02/20/2021",14756
"Customer C-18076","SW-RO-20YD","2023-11-04",35804
"Customer C-26208","SW-RO-40","10/18/2019",55495
"Customer C-32445","SW-RES-1-BW","12/19/23",7004
"Customer C-13249","SW-COMM-8YD","11/25/22",19291
"Customer C-23358","SW-RO-40","09/06/2022",59921
"Customer C-11205","SW-RO-40","14-Jan-22",61855
"Customer C-43545","SW-COMM-2YD","15-Nov-19",13443
"Customer C-20595","SW-RES-1-BW","02/05/2020",37645
"Customer C-15087","SW-RO-30","10-Sep-22",48061
"Customer C-28768","SW-COMM-6YD","02/12/23",18109
"Customer C-08935","SW-RO-30YD","09/21/2021",51374
"Customer C-35076","SW-COMM-4YD","21-Jan-24",16076
"Customer C-23972","SW-RO-20","2019-09-23",42310
"Customer C-30386","SW-COMM-4","2024-06-13",15363
"Customer C-33556","LEGACY-CODE","08/03/2020",30274
"Customer C-02055","SW-FL-2YD","04/06/2020",11118
"Customer C-19347","SW-RES-1-W","02/16/2021",35457
"Customer C-07208","SW-COMM-8YD","15-May-22",21927
"Customer C-10980","SW-COMM-6YD","11/08/2023",11594
"Customer C-23720","SW-COMM-2","06/24/20",7426
"Customer C-19250","SW-RES-1-W","2021-09-12",12415
"Customer C-42884","SW-FL-2YD","09/21/2022",11752
"Customer C-34302","SW-RO-20YD","05/14/2024",43795
"Customer C-15974","SW-ROLLOFF-40YD","01-May-21",61821
"Customer C-11234","SW-COMM-6YD","04/07/20",19634
"Customer C-25691","SW-COMM-6","01/28/2022",17602
"Customer C-07986","SW-COMM-6YD","2022-08-06",12965
"Customer C-28374","SW-XX-99YD","2020-11-20",9723
"Customer C-33685","SW-RO-10YD","06/14/2022",32505
"Customer C-25358","SW-RO-20YD","2024-01-21",37738
"Customer C-41057","SW-RO-40","03/17/24",58291
"Customer C-37307","SW-RO-10","16-Aug-19",28286
"Customer C-40701","SW-ROLLOFF-40YD","12/26/2020",55679
"Customer C-38282","SW-RO-30","04/02/2022",52369
"Customer C-34544","SW-COMM-6","01/10/2023",17254
"Customer C-32787","SW-RO-20","03/27/2022",37322
"Customer C-31875","SW-ROLLOFF-10YD","2020-10-15",26917
"Customer C-30307","SW-ROLLOFF-30YD","2022-01-23",53224
"Customer C-28987","SW-COMM-6","04-Dec-23",18197
"Customer C-01336","SW-RO-10YD","19-Oct-19",28333
"Customer C-33778","SW-RO-40YD","04/26/23",56836
"Customer C-11312","SW-COMM-6","08/17/22",18035
"Customer C-12841","SW-RO-20","01-May-20",40577
"Customer C-05965","SW-ROLLOFF-10YD","07/07/23",34555
"Customer C-08762","SW-COMM-6YD","2021-08-12",19758
"Customer C-20025","SW-RO-30YD","2024-12-09",51900
"Customer C-42916","SW-COMM-4YD","08/20/2023",15641
"Customer C-15441","SW-RO-30","10/13/19",48878
"Customer C-33096","SW-COMM-2","09-Oct-22",5636
"Customer C-26030","SW-ROLLOFF-20YD","12/23/2022",40462
"Customer C-01860","SW-COMM-2","06/14/2024",9746
"Customer C-26078","LEGACY-CODE","09/12/2024",31071
"Customer C-03794","SW-RO-20YD","2022-07-20",40745
"Customer C-19641","SW-RO-40YD","28-May-19",59440
"Customer C-33970","SW-RO-30YD","12/27/2019",51384
"Customer C-20750","SW-RO-20YD","05/15/20",39280
"Customer C-18641","SW-COMM-6YD","04/23/2022",14804
"Customer C-35602","NOPE-1","04/25/2019",10927
"Customer C-06269","SW-RO-20","2022-05-20",39054
"Customer C-38642","SW-ROLLOFF-20YD","06/14/2024",43754
"Customer C-18145","SW-COMM-8YD","08/23/20",19744
"Customer C-20223","SW-COMM-6YD","02-May-21",16687
"Customer C-41947","SW-RO-40","2023-10-11",56148
"Customer C-00339","SW-ROLLOFF-40YD","09/02/2024",58412
"Customer C-11927","SW-FL-2YD","04/09/2022",12929
"Customer C-19286","SW-RO-40","04-Mar-21",55193
"Customer C-34341","SW-RO-10YD","06/11/2023",29752
"Customer C-13660","SW-RES-1-W","02/15/20",62388
"Customer C-02783","SW-ROLLOFF-40YD","2021-11-21",62376
"Customer C-05695","SW-FL-4YD","2020-08-16",14985
"Customer C-12544","SW-RO-40","08-Jun-20",63372
"Customer C-35849","SW-FL-6YD","01/03/23",14662
"Customer C-25516","SW-RO-40","05/17/2022",62581
"Customer C-06042","SW-FL-4YD","05/14/2020",12944
"Customer C-15671","SW-ROLLOFF-10YD","2024-02-04",28620
"Customer C-43517","LEGACY-CODE","2022-12-12",7365
"Customer C-05541","SW-RO-20","2022-12-26",40823
"Customer C-04360","SW-COMM-4YD","17-Aug-22",11275
"Customer C-13337","SW-FL-4YD","13-Feb-21",14142
"Customer C-26175","SW-RO-10YD","08/07/2024",33953
"Customer C-29786","SW-FL-6YD","2019-07-10",15771
"Customer C-15101","SW-RO-10YD","10/17/21",26971
"Customer C-09492","SW-COMM-2YD","10/18/19",4061
"Customer C-17644","SW-FL-8YD","11/25/2022",19585
"Customer C-29682","SW-RO-40YD","2022-06-17",56976
"Customer C-27446","SW-FL-8YD","09-Jul-20",15780
"Customer C-25488","SW-RO-40YD","12/02/2019",55438
"Customer C-42832","SW-ROLLOFF-20YD","09/06/2020",42501
"Customer C-15094","SW-RO-40","01/27/2021",57039
"Customer C-21397","LEGACY-CODE","02/17/23",49800
"Customer C-03269","SW-COMM-8YD","26-Jun-23",13237
"Customer C-34017","SW-RO-10","10/25/2023",25943
"Customer C-26928","SW-RO-10","05/11/20",34758
"Customer C-07582","SW-RO-20YD","2019-03-02",43456
"Customer C-20019","SW-COMM-6YD","11/18/22",12386
"Customer C-42602","SW-COMM-6YD","2020-04-13",15779
"Customer C-30852","SW-FL-2YD","10-Oct-23",8936
"Customer C-07004","SW-COMM-6YD","06/03/2022",17335
"Customer C-08310","SW-RES-1-W","11/01/2022",53023
"Customer C-04269","SW-FL-8YD","05/17/2022",16293
"Customer C-31329","SW-COMM-2YD","11/26/2019",13581
"Customer C-15522","SW-FL-8YD","06/23/19",15853
"Customer C-30453","SW-COMM-6","12/16/2020",10324
"Customer C-13918","SW-COMM-4YD","04/08/2024",11626
"Customer C-31159","SW-COMM-2","03/02/23",12350
"Customer C-41586","SW-COMM-8","06/06/2021",16197
"Customer C-19002","SW-RO-30YD","07/20/22",54438
"Customer C-17544","SW-COMM-4","2019-11-03",16515
"Customer C-09058","SW-RO-30YD","07-Jul-21",53024
"Customer C-20271","SW-ROLLOFF-10YD","17-Sep-22",28648
"Customer C-24952","SW-COMM-2","2019-07-11",4315
"Customer C-38722","SW-FL-4YD","03/15/2023",12693
"Customer C-16568","SW-ROLLOFF-20YD","2024-08-18",40520
"Customer C-21626","SW-RO-30YD","05/27/2024",49662
"Customer C-02772","SW-RO-10YD","10/16/2024",30506
"Customer C-13858","LEGACY-CODE","2021-12-16",11688
"Customer C-38783","OLD-SVC-7","2022-07-12",52606
"Customer C-00735","SW-ROLLOFF-10YD","09/06/2024",26332
"Customer C-13165","SW-COMM-4YD","05/20/2024",14513
"Customer C-24617","SW-COMM-2","08/04/23",12093
"Customer C-33027","SW-RES-1-M","2024-08-27",27174
"Customer C-31966","SW-RO-10YD","06/11/2023",30894
"Customer C-34627","SW-XX-99YD","09/18/2022",61740
"Customer C-35689","SW-COMM-6","2022-04-26",12740
"Customer C-23640","SW-RO-20","2024-09-27",35741
"Customer C-17970","SW-ROLLOFF-40YD","07/02/21",59769
"Customer C-09702","SW-COMM-2","2021-03-26",10828
"Customer C-36548","SW-COMM-2","07-May-23",7604
"Customer C-40896","SW-COMM-8","05/01/2022",19986
"Customer C-22912","SW-RO-20","07/09/2022",42140
"Customer C-34745","SW-RO-10YD","2024-08-22",25879
"Customer C-29526","SW-ROLLOFF-30YD","2024-05-02",45227
"Customer C-31035","SW-COMM-6","2022-10-19",11799
"Customer C-13400","SW-RO-40YD","2024-11-08",56642
"Customer C-06462","SW-ROLLOFF-30YD","12/15/2020",45062
"Customer C-23976","SW-XX-99YD","10/04/2023",14521
"Customer C-08552","SW-COMM-4","09-Feb-24",14575
"Customer C-31131","SW-COMM-4","12/08/2023",14602
"Customer C-37176","SW-ROLLOFF-40YD","2019-05-08",64017
"Customer C-32770","SW-COMM-2YD","11/13/21",10647
"Customer C-29913","SW-RO-40","2023-08-01",64747
"Customer C-33349","SW-RO-20YD","04-Oct-23",36831
"Customer C-25758","SW-ROLLOFF-10YD","04/06/2020",28612
"Customer C-25952","SW-FL-4YD","02/10/2024",12942
"Customer C-11215","SW-ROLLOFF-20YD","2019-11-02",44152
"Customer C-43015","SW-COMM-8","04/07/23",22937
"Customer C-34050","SW-FL-2YD","06/11/2019",11511
"Customer C-08085","SW-COMM-2YD","07/12/2023",13159
"Customer C-30561","SW-ROLLOFF-10YD","2023-05-10",27890
"Customer C-32931","SW-RO-40","03/11/22",64317
"Customer C-03461","SW-COMM-4YD","06/14/2023",11543
"Customer C-20998","SW-RO-40YD","09/28/22",64931
"Customer C-41677","SW-COMM-6","07/17/2023",15354
"Customer C-03895","SW-RES-1-W","2020-04-01",32057
"Customer C-41908","SW-RO-20YD","21-Apr-21",44525
"Customer C-25662","SW-FL-8YD","03/19/2023",22548
"Customer C-44504","SW-RO-20YD","2022-10-25",37708
"Customer C-15236","SW-COMM-8","01/23/2024",13153
"Customer C-26277","SW-COMM-8YD","2023-02-21",14338
"Customer C-43460","SW-COMM-6","04/04/2024",11296
"Customer C-00460","SW-FL-4YD","2022-12-20",8732
"Customer C-04906","SW-XX-99YD","06/18/19",61963
"Customer C-41068","SW-RO-40","05/11/22",62752
"Customer C-43010","SW-FL-4YD","11/09/2020",7233
"Customer C-02730","SW-COMM-2YD","09/23/2022",7532
"Customer C-24774","SW-ROLLOFF-40YD","18-Jan-23",57806
"Customer C-31978","SW-COMM-4YD","11/26/2020",16731
"Customer C-06642","SW-COMM-8","2024-12-04",14638
"Customer C-08087","SW-RES-1-BW","14-Feb-23",4090
"Customer C-08400","SW-COMM-8YD","03/14/2019",21604
"Customer C-33914","SW-RES-1-W","20-Oct-24",52975
"Customer C-12275","SW-COMM-8YD","02/12/19",14899
"Customer C-43746","SW-COMM-6YD","09/28/24",13444
"Customer C-06928","SW-COMM-2","06-Dec-23",8234
"Customer C-07598","SW-ROLLOFF-30YD","26-Jul-19",51893
"Customer C-29001","SW-RO-20","2019-07-12",38042
"Customer C-44764","SW-COMM-6","2022-10-27",13685
"Customer C-07006","SW-RO-40YD","03/13/20",57056
"Customer C-15563","SW-COMM-8YD","2021-07-21",22448
"Customer C-35046","SW-ROLLOFF-40YD","2021-10-03",55122
"Customer C-09505","SW-COMM-2YD","05/11/20",9755
"Customer C-10475","SW-RO-40","13-Jun-22",58622
"Customer C-14786","SW-RO-40","11/16/23",56894
"Customer C-13077","SW-RO-40","2019-11-15",62255
"Customer C-07276","SW-FL-2YD","02/20/2021",8725
"Customer C-10591","SW-RES-1-M","2024-07-15",17894
"Customer C-16850","SW-COMM-2","2021-11-04",10069
"Customer C-31144","SW-FL-8YD","01/10/2019",14409
"Customer C-33073","SW-FL-2YD","2020-06-17",9346
"Customer C-09021","SW-ROLLOFF-20YD","24-Dec-23",37799
"Customer C-28652","SW-RES-1-M","11/06/21",13609
"Customer C-33405","SW-RO-20","11/16/2023",37041
"Customer C-08888","SW-RES-1-BW","06/08/2020",29824
"Customer C-43350","SW-COMM-6","2019-08-19",17957
"Customer C-33414","SW-COMM-6YD","12/04/2024",17226
"Customer C-19104","SW-RO-40","01/14/22",64312
"Customer C-40025","SW-RO-20YD","12-Feb-19",37174
"Customer C-13589","SW-COMM-2YD","05-Jun-23",10179
"Customer C-08357","SW-RES-1-M","2021-10-20",53458
"Customer C-24309","SW-FL-6YD","04-Mar-24",15833
"Customer C-31750","SW-ROLLOFF-20YD","22-Sep-22",36486
"Customer C-03882","SW-RO-20","02/21/24",44756
"Customer C-40420","SW-COMM-8YD","07/01/2020",21731
"Customer C-10988","SW-RO-30YD","10/02/2024",47876
"Customer C-22111","SW-RO-30YD","08/14/23",47142
"Customer C-36665","OLD-SVC-7","06/01/22",16058
"Customer C-00521","SW-RO-40","10/19/23",58447
"Customer C-19282","SW-COMM-8","2024-05-06",17593
"Customer C-39927","SW-RO-20","2019-07-28",43496
"Customer C-13468","SW-COMM-2","04/16/2020",9849
"Customer C-40112","SW-RO-40","2024-02-08",56002
"Customer C-08784","SW-COMM-6","03/17/21",11576
"Customer C-17439","SW-RO-20YD","08-Mar-22",35250
"Customer C-28367","SW-COMM-6YD","03/05/2020",19301
"Customer C-30898","SW-COMM-2","2022-11-04",13145
"Customer C-40063","SW-RO-40","12/12/2021",56466
"Customer C-44695","SW-RO-30","2020-02-20",53836
"Customer C-12287","SW-RO-20YD","02-Nov-24",37278
"Customer C-10187","SW-ROLLOFF-40YD","04-Jan-20",57458
"Customer C-10235","LEGACY-CODE","2021-01-11",15562
"Customer C-40273","SW-RO-10","2024-01-19",26300
"Customer C-09499","SW-ROLLOFF-30YD","22-May-22",46796
"Customer C-14655","SW-FL-6YD","14-Sep-20",15503
"Customer C-23699","SW-FL-2YD","24-Mar-23",11097
"Customer C-21507","SW-FL-4YD","14-Dec-21",13965
"Customer C-04747","SW-ROLLOFF-40YD","07-Sep-20",64248
"Customer C-24749","SW-ROLLOFF-30YD","03/22/2021",49100
"Customer C-25363","SW-RO-40YD","06/23/24",62433
"Customer C-31532","SW-COMM-4YD","18-Nov-23",10723
"Customer C-38090","SW-RO-10","01/08/21",31192
"Customer C-23755","NOPE-1","03/08/2024",42282
"Customer C-37906","SW-RO-30","2020-11-27",50910
"Customer C-22408","SW-COMM-6YD","2023-12-21",12609
"Customer C-19520","SW-RO-20YD","2022-06-07",41110
"Customer C-28752","SW-RO-30","07/25/2020",49566
"Customer C-00836","SW-COMM-2YD","07/26/22",11425
"Customer C-05403","SW-COMM-2","13-Jul-22",12161
"Customer C-03799","SW-COMM-6","2022-05-22",12783
"Customer C-20185","SW-FL-4YD","2019-06-12",16330
"Customer C-25541","SW-COMM-8","10-Oct-24",15388
"Customer C-05983","SW-COMM-4","05/11/2021",15830
"Customer C-19348","SW-ROLLOFF-40YD","04/07/22",63432
"Customer C-16510","SW-RES-1-W","10/19/2022",15880
"Customer C-40879","SW-FL-6YD","2022-12-25",13369
"Customer C-09545","SW-RO-40YD","11/26/2021",55186
"Customer C-04050","SW-RES-1-W","05/15/2023",8931
"Customer C-12055","SW-RO-40YD","2021-08-16",59154
"Customer C-34888","SW-COMM-8YD","12/23/2021",18293
"Customer C-19973","SW-RO-40","02/12/21",58431
"Customer C-09280","SW-COMM-8YD","19-Jul-24",16124
"Customer C-00321","SW-FL-6YD","03/01/2019",18821
"Customer C-16104","SW-COMM-8","09/18/2019",15454
"Customer C-12012","SW-COMM-8YD","06/12/19",13718
"Customer C-19839","SW-COMM-4","04/10/2022",11816
"Customer C-33863","SW-RO-40YD","06/07/22",62335
"Customer C-10965","SW-COMM-6","23-Oct-21",12782
"Customer C-25749","SW-RO-30","12/08/24",46247
"Customer C-40057","SW-FL-8YD","05-Feb-23",19174
"Customer C-41787","NOPE-1","10/18/24",16652
"Customer C-21447","SW-FL-2YD","03/07/2021",4218
"Customer C-21304","SW-FL-2YD","03/22/2022",10023
"Customer C-01499","SW-COMM-8YD","2020-01-04",17407
"Customer C-16339","SW-COMM-2YD","2021-08-17",4167
"Customer C-12532","SW-ROLLOFF-20YD","2019-11-04",38224
"Customer C-07735","SW-ROLLOFF-20YD","01/12/2024",43547
"Customer C-37250","SW-RO-20YD","05/25/22",40230
"Customer C-26865","SW-RO-30YD","12/01/2023",45564
"Customer C-32141","SW-XX-99YD","11-Jul-21",17028
"Customer C-23011","SW-RO-10YD","07/15/24",33876
"Customer C-05533","SW-ROLLOFF-40YD","02/13/22",64077
"Customer C-07475","SW-RO-20","07/03/24",38925
"Customer C-10045","SW-ROLLOFF-40YD","2020-05-02",61231
"Customer C-34971","SW-RO-20YD","11/13/22",42457
"Customer C-34037","SW-RO-20","2023-03-25",40999
"Customer C-08552","SW-ROLLOFF-40YD","2024-10-28",57624
"Customer C-43593","SW-COMM-4","2023-08-05",11927
"Customer C-33111","SW-ROLLOFF-40YD","12/22/2023",55662
"Customer C-07198","SW-RO-10YD","2021-08-13",28084
"Customer C-01301","SW-COMM-6","20-Aug-20",13171
"Customer C-18902","SW-RO-30YD","04/12/23",50924
"Customer C-14007","SW-COMM-2YD","06/25/2023",5929
"Customer C-28108","SW-RO-30","2023-10-07",46852
"Customer C-21225","SW-COMM-6","10/07/2022",12886
"Customer C-24402","SW-RES-1-M","10-Nov-22",56630
"Customer C-29365","SW-ROLLOFF-30YD","2022-11-27",53487
"Customer C-43014","SW-COMM-4","03-Aug-20",12234
"Customer C-04717","SW-FL-6YD","11/03/22",12182
"Customer C-25662","SW-COMM-2","27-Aug-19",6679
"Customer C-28870","SW-ROLLOFF-40YD","10/10/2020",58808
"Customer C-39567","SW-RES-1-BW","2021-11-13",37465
"Customer C-29908","SW-RO-10","03/15/2020",26150
"Customer C-41723","SW-RO-30YD","07/16/19",51384
"Customer C-18863","SW-COMM-4YD","12/18/2021",14017
"Customer C-05428","SW-RO-10YD","09/07/2019",28894
"Customer C-34952","SW-FL-6YD","2024-08-13",17454
"Customer C-25772","SW-COMM-8YD","09-Apr-21",17716
"Customer C-28485","SW-RES-1-W","05/06/2024",15872
"Customer C-30221","SW-RO-30","05-Oct-22",50822
"Customer C-41681","SW-FL-2YD","07-May-21",6180
"Customer C-33597","SW-RES-1-M","19-Nov-23",16829
"Customer C-02310","SW-ROLLOFF-30YD","02/02/2021",48772
"Customer C-02436","SW-ROLLOFF-10YD","09/21/2024",29437
"Customer C-23225","SW-FL-4YD","07/13/2022",16490
"Customer C-42596","SW-FL-4YD","03/20/2020",13572
"Customer C-42831","SW-RO-20","09/09/2022",43025
"Customer C-13628","SW-COMM-6YD","12/08/2019",17264
"Customer C-08004","SW-FL-4YD","2022-03-02",12461
"Customer C-33102","SW-COMM-4YD","07/07/2022",10145
"Customer C-37498","SW-RO-30YD","05/04/24",45445
"Customer C-21952","SW-COMM-4YD","13-Jan-21",10169
"Customer C-41191","SW-COMM-8YD","19-Mar-21",15536
"Customer C-43756","SW-RO-30YD","2021-06-05",50403
"Customer C-19498","SW-COMM-2","15-Mar-23",7084
"Customer C-43320","SW-XX-99YD","09/26/2024",15719
"Customer C-42367","SW-RO-20YD","09/28/22",41245
"Customer C-44786","SW-RO-10YD","2023-02-27",28743
"Customer C-20650","SW-FL-6YD","2022-05-14",14412
"Customer C-19319","SW-FL-2YD","2021-01-06",5697
"Customer C-19691","SW-RES-1-M","08/12/2019",18590
"Customer C-12427","SW-RO-40YD","03/07/21",57067
"Customer C-44927","SW-COMM-2YD","11/18/2019",12855
"Customer C-06888","SW-RO-20","2023-10-14",38980
"Customer C-38341","SW-FL-4YD","12/11/2023",9132
"Customer C-05591","SW-ROLLOFF-40YD","08/05/20",63178
"Customer C-40778","SW-RO-40YD","2021-01-15",58940
"Customer C-19445","SW-ROLLOFF-30YD","12-Feb-20",47478
"Customer C-08770","SW-FL-4YD","09/26/2021",8475
"Customer C-34921","SW-ROLLOFF-40YD","07/20/2021",64772
"Customer C-34631","NOPE-1","01/25/2023",53153
"Customer C-18801","SW-RO-30YD","14-Sep-24",45374
"Customer C-40484","SW-ROLLOFF-40YD","01/21/22",61866
"Customer C-32767","SW-RO-20","09/13/21",40765
"Customer C-26427","SW-RO-40YD","08-Jul-22",55209
"Customer C-19592","SW-RO-30","10-Aug-22",51293
"Customer C-39709","SW-RO-40","24-Mar-20",62605
"Customer C-26558","NOPE-1","06/26/2019",38931
"Customer C-42312","SW-COMM-4YD","2020-11-16",14744
"Customer C-12032","SW-FL-2YD","08/28/22",13232
"Customer C-11119","SW-COMM-4","04/19/22",14686
"Customer C-02793","SW-ROLLOFF-20YD","2020-02-24",37553
"Customer C-03551","SW-ROLLOFF-10YD","08/25/2023",26296
"Customer C-21007","SW-COMM-8YD","12/10/2024",14653
"Customer C-44050","SW-RES-1-M","10-Jan-20",55100
"Customer C-34842","SW-RO-20YD","06/18/2019",39510
"Customer C-08076","SW-COMM-8YD","11/18/2023",13293
"Customer C-17423","SW-RO-10","10-Jun-22",29368
"Customer C-29463","SW-RES-1-BW","2023-04-24",18546
"Customer C-36805","SW-ROLLOFF-20YD","05/28/20",41823
"Customer C-25284","SW-FL-8YD","2021-08-09",22031
"Customer C-02572","SW-RO-20","2021-09-04",36630
"Customer C-04250","SW-COMM-2YD","04/25/21",10819
"Customer C-02818","SW-RO-20","25-Sep-24",37888
"Customer C-12608","SW-COMM-6YD","07/19/2019",12746
"Customer C-16511","SW-XX-99YD","2021-08-25",60703
"Customer C-13818","SW-FL-4YD","01/05/2024",9002
"Customer C-27307","SW-RO-40","07/14/21",61384
"Customer C-35171","SW-RES-1-W","07/24/2019",13223
"Customer C-23610","SW-RO-30YD","06/07/2019",48688
"Customer C-07858","SW-FL-4YD","12/25/2024",11753
"Customer C-41728","SW-RES-1-W","2023-10-07",13668
"Customer C-33273","SW-RO-10YD","07/24/2021",28509
"Customer C-22921","SW-ROLLOFF-20YD","01/18/2023",42594
"Customer C-22338","SW-RES-1-M","2022-05-03",43309
"Customer C-36100","SW-FL-2YD","02/04/2023",4532
"Customer C-17751","SW-RES-1-W","02/24/24",11719
"Customer C-32449","SW-RO-20","2024-10-24",35863
"Customer C-27044","SW-COMM-6YD","15-Dec-21",13251
"Customer C-38228","SW-RO-10YD","2019-11-01",29425
"Customer C-13357","SW-RO-40","11/20/2022",60850
"Customer C-32087","SW-COMM-2","07/21/2024",9178
"Customer C-00958","SW-RO-40YD","05/09/21",61754
"Customer C-01789","SW-ROLLOFF-10YD","04/10/2019",27590
"Customer C-00373","SW-COMM-8YD","10/09/2024",15256
"Customer C-13002","SW-ROLLOFF-40YD","2022-09-07",63719
"Customer C-18381","SW-COMM-6YD","2024-08-04",14595
"Customer C-15511","SW-RO-40YD","09/26/22",63350
"Customer C-42240","SW-RO-40YD","2023-07-26",55903
"Customer C-02257","SW-RO-30","2019-07-12",51096
"Customer C-08334","SW-RO-40YD","2020-06-28",60799
"Customer C-14657","SW-RO-30YD","01/13/20",48133
"Customer C-21575","SW-COMM-6","09-Nov-20",15985
"Customer C-04031","SW-ROLLOFF-40YD","11/21/2020",61466
"Customer C-00421","NOPE-1","10/22/2022",19869
"Customer C-14165","SW-COMM-8","2020-08-15",21513
"Customer C-10280","SW-COMM-2","2022-06-05",10733
"Customer C-03918","SW-RO-30","2020-08-15",45859
"Customer C-02005","SW-FL-4YD","06/26/2022",10519
"Customer C-19910","SW-RO-10YD","09/28/2023",34480
"Customer C-35406","SW-ROLLOFF-10YD","2024-08-25",32016
"Customer C-24808","SW-RES-1-M","2023-10-22",61951
"Customer C-04737","SW-FL-4YD","06/17/23",13043
"Customer C-26977","SW-RO-20","12/22/2024",44657
"Customer C-13718","SW-FL-2YD","2024-03-11",10565
"Customer C-38552","OLD-SVC-7","2019-01-11",7745
"Customer C-17920","SW-RO-40YD","12/25/2019",60262
"Customer C-08551","SW-ROLLOFF-10YD","2022-08-15",34934
"Customer C-10788","SW-ROLLOFF-30YD","12/17/2022",50481
"Customer C-32021","SW-COMM-6","05/15/21",13349
"Customer C-15492","SW-COMM-4YD","04/10/2019",15553
"Customer C-22771","SW-RO-20YD","17-Jan-19",39164
"Customer C-42995","SW-FL-4YD","12/22/24",9019
"Customer C-35996","SW-FL-8YD","12/11/2020",20134
"Customer C-17994","SW-ROLLOFF-20YD","07/20/22",39860
"Customer C-14314","SW-RO-30","2021-04-17",46451
"Customer C-29996","SW-RO-30YD","04/15/2020",50328
"Customer C-26948","SW-RO-30","2019-10-18",53655
"Customer C-44974","SW-RES-1-M","03/27/23",59837
"Customer C-27425","SW-RES-1-M","04/03/2019",38631
"Customer C-25464","SW-FL-4YD","04/10/2024",13926
"Customer C-37505","SW-RES-1-M","04-Jun-20",27411
"Customer C-27802","SW-RO-20YD","10/27/2022",41556
"Customer C-26703","SW-RES-1-M","11/26/2020",9542
"Customer C-07448","SW-RES-1-W","11/21/2022",13599
"Customer C-03675","SW-RO-40YD","11/09/2019",60661
"Customer C-12483","SW-COMM-2","10-Sep-22",6979
"Customer C-34006","SW-RO-10YD","2022-03-17",33427
"Customer C-44116","SW-COMM-2YD","2023-06-09",11942
"Customer C-16395","SW-COMM-8YD","12/10/2022",22675
"Customer C-08876","SW-RES-1-M","05-Oct-22",9169
"Customer C-01326","SW-RES-1-M","11/17/2020",9761
"Customer C-40999","OLD-SVC-7","08/18/2019",13574
"Customer C-18625","SW-RO-40YD","01/26/2019",64165
"Customer C-41147","SW-RO-30","12/26/21",50734
"Customer C-10748","SW-COMM-2","2021-11-15",4371
"Customer C-41897","SW-RO-20","05/08/19",37268
"Customer C-34675","SW-COMM-2","10-Nov-21",5807
"Customer C-00718","SW-XX-99YD","2023-11-02",47738
"Customer C-20404","SW-ROLLOFF-30YD","12/01/2019",46745
"Customer C-38332","SW-RO-20","2022-02-24",41895
"Customer C-13963","SW-FL-6YD","2019-04-26",10552
"Customer C-23388","SW-COMM-4YD","06/04/2023",13709
"Customer C-43633","SW-FL-6YD","27-Sep-21",10989
"Customer C-12036","SW-ROLLOFF-40YD","08/28/2023",63917
"Customer C-40681","SW-RO-40","11/02/20",63190
"Customer C-38626","SW-COMM-8YD","04/09/23",16776
"Customer C-41157","SW-COMM-4","16-Dec-19",12168
"Customer C-22401","OLD-SVC-7","05/05/22",4498
"Customer C-27920","SW-ROLLOFF-20YD","08/13/2021",37431
"Customer C-23014","SW-COMM-6","10/06/2019",18508
"Customer C-17140","SW-COMM-8","2019-06-11",21164
"Customer C-29989","SW-COMM-6YD","2020-07-14",19727
"Customer C-42939","SW-RO-10","01/09/2022",26641
"Customer C-08052","LEGACY-CODE","02/12/2022",63992
"Customer C-23738","SW-RO-30","08/17/2020",53410
"Customer C-24083","SW-RES-1-M","24-Oct-24",64112
"Customer C-24371","SW-COMM-4YD","2022-03-03",12291
"Customer C-31664","SW-ROLLOFF-40YD","04/15/23",60627
"Customer C-01336","SW-ROLLOFF-40YD","2022-09-27",63891
"Customer C-37354","SW-ROLLOFF-20YD","09/27/20",36542
"Customer C-20949","SW-COMM-8YD","09/14/23",19896
"Customer C-38141","SW-RES-1-W","03/05/24",32502
"Customer C-39962","SW-COMM-2","09/28/21",5482
"Customer C-27554","OLD-SVC-7","06/27/2021",14092
"Customer C-16663","SW-COMM-4YD","2024-09-18",16620
"Customer C-09569","SW-RO-20YD","04/12/23",35813
"Customer C-24464","SW-COMM-4","05/22/2019",16565
"Customer C-08827","SW-RO-20","04/21/22",43643
"Customer C-30370","SW-RO-40","2023-09-01",61663
"Customer C-37177","SW-FL-4YD","2019-11-23",8454
"Customer C-16763","SW-RO-10YD","02-Dec-20",34525
"Customer C-35711","SW-RES-1-M","04/23/2020",43642
"Customer C-17863","SW-FL-6YD","2021-05-12",12697
"Customer C-32807","SW-COMM-6","06-Jun-23",11587
"Customer C-26242","SW-RO-40YD","10/04/2021",64469
"Customer C-13081","SW-XX-99YD","01/16/23",30362
"Customer C-08959","SW-ROLLOFF-40YD","01/16/2019",57447
"Customer C-10126","SW-ROLLOFF-10YD","2020-07-05",27368
"Customer C-30828","SW-RO-30","12/11/22",52031
"Customer C-30103","SW-COMM-8YD","2022-04-07",20454
"Customer C-00195","SW-RO-20","18-Jun-23",38515
"Customer C-13362","SW-COMM-8","06/13/24",18179
"Customer C-31293","SW-RO-30","12/15/2019",47027
"Customer C-06991","SW-RO-30","04-Oct-21",50377
"Customer C-11180","SW-RO-40","14-May-23",62329
"Customer C-12358","SW-FL-4YD","01-Feb-19",16743
"Customer C-05799","SW-ROLLOFF-30YD","2023-05-27",52748
"Customer C-41143","SW-RO-20YD","2022-09-02",41392
"Customer C-32793","SW-FL-6YD","08/24/2019",13215
"Customer C-28610","SW-ROLLOFF-40YD","2022-02-01",64930
"Customer C-03956","SW-RO-20","2019-10-02",39170
"Customer C-17130","SW-FL-6YD","11/20/23",19373
"Customer C-11806","SW-FL-4YD","05/23/2023",12045
"Customer C-09112","SW-RO-10YD","10/07/20",34547
"Customer C-05752","SW-RO-10","26-Jun-22",31900
"Customer C-36236","SW-XX-99YD","03/20/19",25337
"Customer C-09909","SW-RO-40","01/03/2019",56202
"Customer C-28819","SW-RO-40YD","12/16/2022",58861
"Customer C-40830","SW-COMM-6","05/10/2020",10760
"Customer C-10215","NOPE-1","2019-11-28",36148
"Customer C-32959","SW-COMM-8","07/23/24",21948
"Customer C-39611","SW-ROLLOFF-30YD","05/07/2024",52786
"Customer C-18221","SW-COMM-2","2024-12-09",11338
"Customer C-35836","SW-RO-10YD","2019-08-26",31917
"Customer C-22868","SW-ROLLOFF-10YD","2022-01-17",26703
"Customer C-04401","SW-FL-4YD","06/07/2019",9632
"Customer C-15462","SW-COMM-6YD","08-May-23",19337
"Customer C-28143","SW-RO-20","2019-08-19",38388
"Customer C-15826","LEGACY-CODE","2022-04-05",26269
"Customer C-30652","SW-RO-20YD","28-Oct-21",37985
"Customer C-25627","SW-ROLLOFF-40YD","03/28/22",57068
"Customer C-06704","SW-FL-2YD","24-Dec-23",12484
"Customer C-42961","SW-ROLLOFF-20YD","2023-11-03",43907
"Customer C-11098","SW-ROLLOFF-40YD","01/11/2024",61068
"Customer C-41052","SW-RO-40","2021-07-20",56204
"Customer C-20646","SW-RO-20YD","08/11/23",39101
"Customer C-36268","SW-COMM-2YD","20-Jan-21",11682
"Customer C-05628","SW-RES-1-BW","04/15/20",11670
"Customer C-19071","SW-FL-6YD","07/18/23",16341
"Customer C-00667","SW-ROLLOFF-20YD","05/08/22",41848
"Customer C-00228","SW-RO-10YD","10-May-22",26439
"Customer C-44961","SW-FL-2YD","10/05/2023",8654
"Customer C-36599","SW-ROLLOFF-40YD","03/04/20",62319
"Customer C-42579","SW-COMM-6","25-Dec-21",13727
"Customer C-20913","SW-RO-40","21-Jul-21",60975
"Customer C-02782","SW-FL-4YD","2023-04-25",10178
"Customer C-18053","SW-RO-20YD","11/06/2023",40411
"Customer C-41967","SW-ROLLOFF-40YD","19-Oct-23",62605
"Customer C-09268","SW-RO-30YD","03/21/24",54299
"Customer C-15878","SW-COMM-8","01/25/2024",16566
"Customer C-28206","SW-ROLLOFF-40YD","11/02/21",63601
"Customer C-39214","SW-ROLLOFF-20YD","11/06/24",39879
"Customer C-02386","SW-COMM-8YD","25-Dec-19",18692
"Customer C-42246","SW-COMM-8","25-Jul-21",19761
"Customer C-21452","SW-ROLLOFF-30YD","14-Jun-20",52415
"Customer C-35762","SW-FL-6YD","09-Nov-20",18800
"Customer C-41375","SW-RES-1-W","01/18/2022",8442
"Customer C-42725","SW-COMM-8YD","2021-09-03",15578
"Customer C-15895","SW-RES-1-W","2019-08-05",40972
"Customer C-30894","SW-COMM-8","2020-07-21",18788
"Customer C-09010","SW-RO-10YD","02-Sep-20",31974
"Customer C-43544","SW-COMM-6","2019-11-11",12443
"Customer C-33589","SW-RES-1-M","05-Sep-20",38744
"Customer C-25017","SW-COMM-6YD","18-Aug-22",15361
"Customer C-42194","SW-ROLLOFF-20YD","2023-06-14",38262
"Customer C-41965","SW-RO-10YD","02/21/2023",30193
"Customer C-23022","SW-ROLLOFF-30YD","09/22/2023",51842
"Customer C-31065","SW-ROLLOFF-30YD","03/21/24",54826
"Customer C-13117","SW-ROLLOFF-10YD","04-Nov-21",30608
"Customer C-17957","SW-COMM-6","12/08/2021",14563
"Customer C-38020","SW-FL-2YD","08/03/2022",6243
"Customer C-29796","SW-FL-8YD","12/27/19",14272
"Customer C-07119","SW-FL-2YD","2020-03-18",11325
"Customer C-40282","SW-ROLLOFF-30YD","15-Apr-19",46522
"Customer C-12562","SW-RO-40YD","09/08/2020",55194
"Customer C-05558","SW-COMM-6YD","11/05/23",14242
"Customer C-40817","SW-COMM-2","02/21/2023",6837
"Customer C-36553","SW-RO-40YD","07/06/2023",64599
"Customer C-37738","SW-RO-10","12/21/2024",26892
"Customer C-20048","SW-FL-6YD","05-Jan-24",12708
"Customer C-15683","SW-RO-10YD","04/11/2023",30047
"Customer C-34695","SW-COMM-4","14-May-22",10344
"Customer C-31682","SW-FL-2YD","24-Jan-20",6207
"Customer C-28079","SW-FL-4YD","11/03/2020",11955
"Customer C-05697","SW-COMM-4","03/09/2021",8397
"Customer C-29803","SW-RO-30YD","2024-06-03",46791
"Customer C-21906","SW-RO-40YD","03/14/23",55658
"Customer C-25146","SW-FL-4YD","11/10/2019",16738
"Customer C-01005","SW-RO-10","09/16/2023",30707
"Customer C-19372","SW-ROLLOFF-30YD","11/07/2024",54877
"Customer C-15722","SW-XX-99YD","10/20/21",49840
"Customer C-33380","SW-RO-10","12/22/20",28600
"Customer C-04970","SW-COMM-4","12/05/24",10710
"Customer C-14926","SW-ROLLOFF-20YD","04-Feb-20",43280
"Customer C-00134","SW-COMM-4YD","05/03/24",8724
"Customer C-26841","SW-RO-10YD","12/21/2020",28448
"Customer C-28815","SW-ROLLOFF-20YD","2020-12-18",36193
"Customer C-32636","SW-ROLLOFF-40YD","2021-04-08",58495
"Customer C-37999","SW-ROLLOFF-20YD","2023-11-26",43380
"Customer C-00268","SW-RO-20","06/05/22",36918
"Customer C-20323","SW-ROLLOFF-10YD","27-Apr-19",26090
"Customer C-05747","SW-ROLLOFF-20YD","2021-11-17",44130
"Customer C-35939","SW-RO-30","2024-04-24",54409
"Customer C-37184","SW-RO-40YD","10/25/2021",59117
"Customer C-32962","SW-RO-40","2019-05-04",57513
"Customer C-41297","SW-RO-20","01/12/2019",40952
"Customer C-37849","SW-ROLLOFF-10YD","12/22/2021",26651
"Customer C-16028","SW-RO-30","02/26/2022",46148
"Customer C-23309","SW-COMM-6","02/14/2021",10872
"Customer C-02760","LEGACY-CODE","24-Jan-19",27346
"Customer C-26468","SW-COMM-XX","09/10/2024",14928
"Customer C-25541","SW-FL-4YD","09/22/20",8248
"Customer C-41541","SW-RES-1-BW","04/13/2023",11194
"Customer C-41775","SW-RO-40YD","2020-01-09",62563
"Customer C-16520","SW-COMM-4","04/11/2023",9271
"Customer C-06356","SW-RO-10","2021-03-28",26355
"Customer C-14362","SW-RES-1-BW","07/27/2019",31541
"Customer C-20400","SW-RES-1-M","03/04/21",39631
"Customer C-13469","SW-RES-1-M","03-Apr-24",57505
"Customer C-21626","SW-COMM-6YD","2021-02-23",13962
"Customer C-16097","SW-FL-6YD","15-Oct-19",19355
"Customer C-24064","LEGACY-CODE","04/12/2024",45540
"Customer C-27447","SW-COMM-4YD","04-Jul-19",15907
"Customer C-42938","SW-COMM-8","06/08/2024",14970
"Customer C-35629","LEGACY-CODE","13-Oct-19",63549
"Customer C-16966","SW-COMM-2","13-Jun-20",5831
"Customer C-19076","SW-FL-8YD","01-Nov-22",22088
"Customer C-09514","SW-RES-1-W","03/20/19",11733
"Customer C-30724","SW-RO-40","11/01/2021",56942
"Customer C-20696","SW-COMM-4","27-May-23",15438
"Customer C-35864","SW-COMM-2","12/22/20",12154
"Customer C-31505","SW-RO-20","2023-04-12",44803
"Customer C-26784","SW-RO-40YD","01-Mar-20",58368
"Customer C-06437","SW-RO-40YD","2023-08-01",55469
"Customer C-44036","SW-RO-20","2021-09-11",36505
"Customer C-39001","SW-RO-40","2024-02-15",64072
"Customer C-19982","SW-RO-30","2024-10-03",51270
"Customer C-32872","SW-COMM-2","2023-09-22",5915
"Customer C-17411","SW-FL-8YD","08/18/2019",16695
"Customer C-42779","SW-FL-2YD","01/24/21",13404
"Customer C-13347","SW-COMM-4YD","09/02/2023",10648
"Customer C-09728","SW-RO-30YD","2022-05-19",46884
"Customer C-36120","SW-RO-10YD","2019-05-09",28290
"Customer C-09834","SW-RO-30","02/11/2020",46332
"Customer C-28482","SW-RES-1-M","04/26/20",28493
"Customer C-21529","SW-FL-2YD","01/01/2022",8196
"Customer C-22620","SW-ROLLOFF-10YD","10/16/2019",33165
"Customer C-35151","SW-RO-10YD","04/21/23",32804
"Customer C-32312","SW-ROLLOFF-10YD","09/17/23",30291
"Customer C-27256","SW-FL-8YD","13-Aug-21",14272
"Customer C-37618","SW-RO-10YD","12/24/22",28097
"Customer C-44276","SW-RO-10YD","28-Apr-22",25865
"Customer C-28500","SW-ROLLOFF-20YD","09/02/20",40304
"Customer C-07649","SW-COMM-6","2019-03-14",10714
"Customer C-00014","SW-COMM-6","11/12/23",19281
"Customer C-24112","SW-RO-20","12/22/2022",35688
"Customer C-25373","SW-COMM-4YD","10-Apr-24",9498
"Customer C-13447","SW-RO-40YD","02/24/24",61024
"Customer C-12945","SW-COMM-2","2022-03-15",6856
"Customer C-28559","NOPE-1","04/03/2019",41838
"Customer C-04025","SW-RES-1-BW","01/08/19",60315
"Customer C-15961","SW-RO-10YD","24-Oct-24",34154
"Customer C-01800","SW-ROLLOFF-10YD","11-Sep-22",34702
"Customer C-00206","SW-RO-30YD","06/09/2022",45061
"Customer C-21240","SW-COMM-4YD","05/12/2020",11315
"Customer C-17917","SW-COMM-6YD","11/28/2020",14580
"Customer C-33332","SW-RO-40YD","09/24/2024",57609
"Customer C-34749","SW-COMM-8YD","2021-10-05",17278
"Customer C-19551","SW-COMM-2YD","2022-09-02",13598
"Customer C-05893","SW-RES-1-BW","12/24/20",55930
"Customer C-30216","SW-RO-30","09/09/22",49434
"Customer C-11760","SW-COMM-6","06/28/24",15348
"Customer C-08899","SW-COMM-8","09/15/19",21324
"Customer C-44544","SW-RO-30YD","09/22/2019",50593
"Customer C-26390","SW-RO-20","06-Mar-19",35886
"Customer C-08789","SW-COMM-4","2022-02-20",16521
"Customer C-41455","SW-RO-10YD","07/11/20",30858
"Customer C-14616","SW-ROLLOFF-10YD","2021-06-03",27018
"Customer C-17581","SW-COMM-6YD","2022-07-01",10752
"Customer C-23847","SW-RO-10YD","12/08/2021",25226
"Customer C-14970","SW-COMM-4YD","12/02/19",14295
"Customer C-33976","SW-FL-6YD","11/15/24",17721
"Customer C-10382","SW-RO-10","08/24/2019",32356
"Customer C-28598","SW-COMM-4","03-Nov-23",13197
"Customer C-29305","SW-RO-40","10-Oct-21",63882
"Customer C-37602","SW-RO-10YD","03/16/2022",30241
"Customer C-41724","SW-FL-2YD","09/21/19",4169
"Customer C-04494","SW-RO-30","07/11/21",52380
"Customer C-35868","SW-FL-6YD","23-Jun-20",17553
"Customer C-33341","SW-FL-8YD","03/06/19",15605
"Customer C-39310","SW-COMM-2YD","11/15/21",5556
"Customer C-34770","SW-ROLLOFF-40YD","09/27/2023",58810
"Customer C-22145","SW-RO-20YD","10-Feb-22",43732
"Customer C-35954","SW-COMM-4","2020-06-06",9286
"Customer C-07802","SW-ROLLOFF-40YD","19-Mar-24",58926
"Customer C-37916","SW-RO-20YD","12/16/20",35658
"Customer C-18210","SW-RO-20YD","2021-10-10",44133
"Customer C-39742","SW-ROLLOFF-40YD","2021-05-04",61511
"Customer C-34329","SW-RO-30","11/11/20",54600
"Customer C-19608","SW-RO-30YD","2021-04-10",49911
"Customer C-02683","SW-RO-20YD","06/22/2024",37575
"Customer C-12346","SW-COMM-8YD","09/23/2021",18076
"Customer C-20600","SW-COMM-4YD","2021-06-20",7588
"Customer C-31982","SW-COMM-8YD","2023-09-13",21311
"Customer C-00273","SW-FL-8YD","03/04/19",21866
"Customer C-38084","SW-ROLLOFF-10YD","23-Dec-19",32012
"Customer C-04744","SW-ROLLOFF-10YD","11/17/20",33185
"Customer C-01009","SW-COMM-6","06/18/2019",18391
"Customer C-24884","SW-RES-1-BW","01/21/24",11465
"Customer C-30429","SW-RO-30YD","2021-08-25",51667
"Customer C-15064","SW-FL-2YD","03/10/2020",8282
"Customer C-32616","SW-FL-6YD","04-May-24",11268
"Customer C-07703","SW-ROLLOFF-30YD","02-Dec-22",50725
"Customer C-24352","SW-COMM-6YD","05/16/21",14702
"Customer C-05068","SW-FL-8YD","02/07/2019",18652
"Customer C-35246","SW-RO-40","2023-10-08",64631
"Customer C-06286","OLD-SVC-7","2023-03-13",5077
"Customer C-01657","SW-RO-10","01/10/2023",30810
"Customer C-25960","SW-ROLLOFF-30YD","2024-02-11",51916
"Customer C-30270","SW-ROLLOFF-30YD","11/07/2019",47553
"Customer C-21466","SW-RO-20","12/24/2024",35231
"Customer C-32512","SW-RO-30","02/27/2021",46071
"Customer C-34035","SW-ROLLOFF-10YD","2021-05-20",25228
"Customer C-12318","SW-RO-30YD","12/07/24",46034
"Customer C-11392","SW-RO-20","2020-03-04",41715
"Customer C-30466","SW-ROLLOFF-10YD","03/23/2021",34339
"Customer C-42363","SW-RO-30","10/19/2024",54628
"Customer C-16495","SW-RO-20YD","11/01/22",38668
"Customer C-00906","SW-ROLLOFF-40YD","2024-10-11",61084
"Customer C-40030","SW-COMM-8","2023-09-13",16492
"Customer C-42028","SW-COMM-2","2020-04-01",8975
"Customer C-25179","SW-RO-30","05/25/21",51108
"Customer C-10650","SW-COMM-XX","07/17/2019",53749
"Customer C-17682","SW-COMM-2","09/15/21",10373
"Customer C-31847","SW-COMM-8","08/21/2023",21499
"Customer C-40861","SW-RES-1-BW","12/06/2019",30339
"Customer C-01736","SW-RO-30YD","11/02/21",47249
"Customer C-21468","SW-FL-6YD","03/05/24",10077
"Customer C-34457","SW-COMM-8YD","26-Jul-19",13402
"Customer C-09939","SW-COMM-6YD","2023-03-20",10512
"Customer C-12346","SW-COMM-6","01/23/24",14983
"Customer C-39809","SW-RES-1-M","22-Jul-19",14600
"Customer C-24803","SW-COMM-2","2020-04-23",12116
"Customer C-15690","SW-COMM-4YD","04/20/23",12244
"Customer C-11528","SW-ROLLOFF-20YD","05/06/20",41605
"Customer C-00526","SW-RES-1-BW","2024-10-17",21959
"Customer C-33307","SW-ROLLOFF-20YD","19-Feb-22",37376
"Customer C-22278","SW-RES-1-M","08/05/2024",47939
"Customer C-41305","SW-XX-99YD","2023-08-03",6330
"Customer C-18940","NOPE-1","2021-03-12",12128
"Customer C-23688","SW-ROLLOFF-20YD","06/21/2019",37083
"Customer C-43797","SW-RES-1-M","2019-08-02",9930
"Customer C-28747","SW-RES-1-W","05/06/24",6870
"Customer C-19646","SW-RO-10","2020-12-12",25239
"Customer C-15924","SW-COMM-8YD","04/13/2020",22316
"Customer C-16754","SW-COMM-2","01/13/2022",12825
"Customer C-43525","SW-FL-8YD","06-Jan-23",19240
"Customer C-09054","SW-COMM-2YD","07/07/2021",12242
"Customer C-26819","SW-ROLLOFF-30YD","08/08/2019",48547
"Customer C-30292","SW-FL-4YD","06/27/2021",14639
"Customer C-00085","SW-COMM-6YD","2023-12-14",18767
"Customer C-32855","SW-COMM-4YD","11/28/2022",15912
"Customer C-03916","SW-RO-10","2019-07-01",33764
"Customer C-20722","SW-RES-1-W","10/06/2020",11105
"Customer C-29386","SW-RO-40","04/13/2019",55981
"Customer C-32269","SW-RO-30YD","01/06/21",54584
"Customer C-24980","SW-RO-20YD","2020-08-15",37781
"Customer C-23437","SW-RO-40YD","03/10/2019",61622
"Customer C-10807","LEGACY-CODE","2022-06-17",41529
"Customer C-20250","SW-COMM-6YD","11/14/2019",16483
"Customer C-07805","SW-FL-2YD","2023-09-08",12755
"Customer C-35268","SW-RO-20YD","02/21/2023",39607
"Customer C-16526","SW-ROLLOFF-30YD","06/17/20",45662
"Customer C-07838","SW-RO-30","2022-08-26",49358
"Customer C-15431","SW-RO-20","02/26/19",42001
"Customer C-09391","SW-RES-1-BW","07/13/19",11399
"Customer C-37923","SW-COMM-8YD","09/26/2024",18664
"Customer C-23421","SW-RO-40YD","16-Dec-20",57057
"Customer C-00193","SW-RO-20YD","09-Aug-24",40988
"Customer C-32748","SW-COMM-8YD","08/17/2024",14131
"Customer C-10605","SW-COMM-4","24-Oct-22",14370
"Customer C-12543","SW-FL-4YD","08/09/23",15926
"Customer C-26706","SW-COMM-4","03-Apr-24",13927
"Customer C-39117","SW-FL-8YD","05/20/24",15492
"Customer C-26041","SW-RO-10YD","26-Oct-20",28062
"Customer C-37726","OLD-SVC-7","2020-05-07",42054
"Customer C-30453","SW-COMM-8","2024-02-12",13920
"Customer C-42907","SW-RO-40","2020-10-06",58125
"Customer C-13516","SW-FL-2YD","2023-03-14",4749
"Customer C-28093","SW-COMM-6YD","2019-02-14",18776
"Customer C-11294","SW-ROLLOFF-10YD","2023-02-20",34669
"Customer C-13150","LEGACY-CODE","12/08/2020",32926
"Customer C-06971","SW-COMM-4YD","09/09/21",16117
"Customer C-10203","SW-ROLLOFF-30YD","05-Feb-22",51579
"Customer C-44886","SW-RO-30","2021-04-20",46944
"Customer C-09396","SW-COMM-8","2019-02-09",13274
"Customer C-42172","SW-RO-10YD","2019-08-02",29368
"Customer C-08662","SW-ROLLOFF-30YD","05/02/2022",52328
"Customer C-43285","SW-COMM-4","2021-09-01",8342
"Customer C-17837","SW-COMM-2","2021-10-25",7747
"Customer C-39830","SW-ROLLOFF-30YD","08/12/2019",47934
"Customer C-35762","NOPE-1","07/13/2021",16917
"Customer C-28324","SW-FL-8YD","22-Jan-20",19548
"Customer C-37064","SW-COMM-8","01/19/2019",19567
"Customer C-36416","SW-RO-40YD","10/16/2019",62644
"Customer C-41682","NOPE-1","09-Dec-19",21253
"Customer C-05157","SW-COMM-8","12/18/24",14055
"Customer C-42119","SW-FL-2YD","10/26/2020",8155
"Customer C-38419","SW-ROLLOFF-30YD","07/28/2024",54687
"Customer C-34379","SW-ROLLOFF-10YD","2020-02-16",32555
"Customer C-30746","SW-COMM-2","2024-01-10",7708
"Customer C-41476","SW-ROLLOFF-10YD","09-Mar-22",25028
"Customer C-23342","SW-RO-30","03-Mar-19",47122
"Customer C-22117","SW-FL-6YD","09/17/23",17535
"Customer C-37796","SW-FL-2YD","10/10/2019",7756
"Customer C-13262","SW-XX-99YD","15-Jan-20",42517
"Customer C-09670","SW-RO-10","01/02/2023",25549
"Customer C-31627","SW-RO-10","04/07/20",29488
"Customer C-41300","SW-RO-40YD","2020-12-17",60270
"Customer C-30793","SW-COMM-8YD","03/18/2019",22256
"Customer C-35834","OLD-SVC-7","12-May-20",20341
"Customer C-23931","SW-COMM-2YD","11/27/21",10905
"Customer C-28494","SW-RO-30","09-Oct-21",53235
"Customer C-36421","SW-FL-2YD","08-Mar-24",9802
"Customer C-01367","SW-COMM-2","02/15/2020",4714
"Customer C-03292","SW-RO-30YD","06/15/2021",54860
"Customer C-25703","SW-COMM-8YD","12/09/2023",20646
"Customer C-28327","SW-FL-2YD","21-May-22",12236
"Customer C-09491","SW-XX-99YD","2019-06-16",50154
"Customer C-01568","SW-RO-40YD","2024-06-12",59342
"Customer C-35688","SW-RO-10","09-Mar-19",29588
"Customer C-41819","SW-RES-1-W","06/20/2022",11890
"Customer C-11467","SW-RO-40","08-Jan-19",59148
"Customer C-25572","SW-RO-20","18-Jul-23",35484
"Customer C-01563","SW-FL-6YD","2019-11-10",15972
"Customer C-01683","SW-RO-20YD","2022-02-26",41541
"Customer C-27284","SW-ROLLOFF-10YD","23-Aug-19",28716
"Customer C-27266","SW-RO-20YD","2024-08-02",44810
"Customer C-44715","SW-COMM-8YD","2023-08-11",16391
"Customer C-09492","SW-RO-10","09/14/19",33518
"Customer C-15445","SW-ROLLOFF-30YD","04/14/2023",48808
"Customer C-33759","SW-COMM-4","05-Apr-20",14578
"Customer C-18565","SW-ROLLOFF-10YD","27-Sep-22",29056
"Customer C-14255","SW-RO-40","02/10/2019",58149
"Customer C-23834","SW-COMM-8","2021-12-27",21153
"Customer C-01617","SW-RO-30","25-Jul-19",54777
"Customer C-25007","SW-RO-10YD","2019-05-21",33382
"Customer C-37910","SW-RES-1-W","10-Oct-21",39542
"Customer C-34466","LEGACY-CODE","03/24/2021",10500
"Customer C-29248","SW-RO-30YD","11-Mar-24",50119
"Customer C-16263","SW-RO-30YD","03/08/23",47697
"Customer C-39228","SW-COMM-8","2019-06-06",21373
"Customer C-20495","SW-FL-4YD","08/15/2019",15210
"Customer C-28950","SW-COMM-4","01/05/2019",16375
"Customer C-05281","SW-COMM-6YD","07/22/2020",12020
"Customer C-12433","SW-FL-4YD","07/15/2024",11380
"Customer C-21396","SW-RO-40","03/15/22",63347
"Customer C-41638","SW-FL-2YD","2024-11-27",9401
"Customer C-32474","SW-COMM-4YD","04/12/2022",15129
"Customer C-40175","SW-XX-99YD","07/22/2023",4282
"Customer C-20900","SW-ROLLOFF-30YD","15-Feb-21",52366
"Customer C-42591","SW-RO-30YD","10/10/2019",53980
"Customer C-39454","SW-FL-4YD","05-Jul-19",10701
"Customer C-26805","SW-FL-6YD","2020-07-14",18706
"Customer C-39274","SW-RES-1-W","04/28/23",46100
"Customer C-23137","SW-ROLLOFF-10YD","25-Nov-19",26159
"Customer C-04067","SW-RO-40YD","08-Aug-23",55945
"Customer C-18757","SW-ROLLOFF-40YD","2023-07-21",59673
"Customer C-02586","SW-COMM-8YD","05/14/21",15496
"Customer C-25306","SW-COMM-8","08/20/2022",19958
"Customer C-23533","SW-ROLLOFF-30YD","04/10/2023",48749
"Customer C-08547","SW-ROLLOFF-20YD","2024-08-06",40594
"Customer C-04844","SW-RO-40","02/14/2023",57626
"Customer C-29361","SW-COMM-8YD","09/11/22",16457
"Customer C-26829","SW-RES-1-W","08/21/19",6112
"Customer C-15729","SW-RO-40","01/26/22",62795
"Customer C-20484","SW-ROLLOFF-40YD","01/01/2020",62951
"Customer C-33610","NOPE-1","09/18/2022",13637
"Customer C-23389","SW-RO-10","2019-11-19",34779
"Customer C-41355","SW-RO-20YD","06/25/23",39282
"Customer C-09315","SW-COMM-XX","05/04/24",5584
"Customer C-00420","SW-RO-30","04/26/2024",52130
"Customer C-06553","SW-RO-20YD","01/16/23",39457
"Customer C-34148","SW-COMM-6","01/23/2019",12934
"Customer C-44077","SW-RO-20","07/18/19",39690
"Customer C-29403","SW-RO-20","08/26/19",39476
"Customer C-03889","SW-COMM-2YD","2022-06-26",9203
"Customer C-42133","SW-RO-10YD","2023-12-05",29469
"Customer C-33418","SW-ROLLOFF-10YD","2022-02-27",28336
"Customer C-26311","SW-COMM-2","11/03/2023",9264
"Customer C-44968","SW-COMM-8","2020-05-12",14358
"Customer C-07470","SW-ROLLOFF-40YD","01/18/23",62255
"Customer C-06096","SW-FL-4YD","06/11/2021",10970
"Customer C-37296","SW-FL-4YD","08/11/2022",9929
"Customer C-17399","SW-RO-20YD","2022-05-18",39863
"Customer C-37539","SW-RES-1-BW","10/02/24",10991
"Customer C-13806","SW-RO-10YD","05-Jul-19",29501
"Customer C-18315","SW-ROLLOFF-40YD","06/14/2022",62296
"Customer C-03690","SW-FL-4YD","07-Jul-19",11626
"Customer C-42927","SW-COMM-6","09-Sep-20",14295
"Customer C-28414","SW-RO-40YD","2023-03-15",62696
"Customer C-27853","SW-RO-20","05-May-24",43724
"Customer C-22021","SW-COMM-8","09/22/23",14414
"Customer C-28493","SW-COMM-6YD","2023-05-10",14882
"Customer C-02386","SW-RO-40","2022-03-28",61221
"Customer C-23485","SW-RO-30YD","11/25/2019",53178
"Customer C-04000","SW-COMM-6","2023-11-24",19162
"Customer C-39349","SW-COMM-2YD","2022-12-01",8261
"Customer C-41943","SW-RO-30YD","02/02/22",54169
"Customer C-26364","SW-RO-20","03/06/23",39842
"Customer C-24056","SW-RO-40","10/10/24",56341
"Customer C-13186","SW-FL-8YD","01/15/2021",20536
"Customer C-29075","SW-ROLLOFF-30YD","2019-09-20",53854
"Customer C-36546","SW-RO-40","15-Oct-22",58805
"Customer C-34697","SW-RO-40","06-Jul-22",62705
"Customer C-17270","SW-RO-10YD","11/01/2020",26791
"Customer C-20470","LEGACY-CODE","10/26/2022",38820
"Customer C-01423","SW-FL-4YD","07/22/21",16139
"Customer C-29592","SW-ROLLOFF-10YD","09/26/20",26491
"Customer C-42778","SW-COMM-4","05-Mar-19",12458
"Customer C-25448","SW-FL-2YD","08/25/19",8925
"Customer C-08094","SW-FL-4YD","04/02/2019",8473
"Customer C-15260","SW-RES-1-M","03-Apr-22",54510
"Customer C-14880","SW-ROLLOFF-30YD","01/15/2023",46741
"Customer C-21092","OLD-SVC-7","06/02/2024",17141
"Customer C-29400","SW-RO-10","24-Jun-21",27200
"Customer C-27994","SW-ROLLOFF-40YD","2022-02-28",57268
"Customer C-40491","SW-RO-30","20-Aug-23",49232
"Customer C-18179","SW-COMM-2YD","2020-02-20",12304
"Customer C-17453","NOPE-1","05/10/2024",63992
"Customer C-42709","SW-RO-40YD","08/21/2024",61809
"Customer C-33710","NOPE-1","11-Mar-19",31451
"Customer C-06755","SW-COMM-8YD","04/24/2023",20589
"Customer C-19645","SW-COMM-4YD","13-Nov-20",11975
"Customer C-18298","SW-RO-20YD","12/19/2021",37090
"Customer C-20380","SW-RO-10YD","2021-08-16",25340
"Customer C-40107","SW-COMM-XX","06/13/2020",27696
"Customer C-26418","SW-RES-1-BW","09-Aug-23",50278
"Customer C-37220","SW-COMM-8","07/13/2023",14942
"Customer C-00260","SW-RO-40YD","08/18/2019",56750
"Customer C-01268","SW-RO-10","07/07/2020",27559
"Customer C-01928","SW-RO-30","08/24/22",52592
"Customer C-11685","SW-RO-20YD","04/26/2020",41927
"Customer C-05697","SW-COMM-4YD","07-Mar-20",9482
"Customer C-11781","SW-RO-30YD","09/08/2024",45901
"Customer C-12573","SW-ROLLOFF-10YD","25-Sep-22",27154
"Customer C-03034","SW-COMM-4YD","17-Jun-21",10190
"Customer C-21750","SW-RO-40YD","05-May-20",59716
"Customer C-24085","SW-RO-30YD","2021-01-15",47286
"Customer C-10481","SW-FL-8YD","03/08/2023",13805
"Customer C-02696","SW-FL-4YD","27-Dec-19",7969
"Customer C-06981","SW-RO-10YD","27-Jul-21",29769
"Customer C-34961","SW-COMM-8","2022-12-26",17307
"Customer C-19194","SW-COMM-6","05/20/2019",13887
"Customer C-13226","SW-XX-99YD","12/17/23",29634
"Customer C-33154","SW-FL-2YD","05/23/20",11943
"Customer C-13343","SW-RO-30YD","07/16/24",54791
"Customer C-19722","SW-FL-4YD","07/06/2023",12237
"Customer C-18956","SW-RO-10","10/02/2023",31966
"Customer C-44782","SW-COMM-6YD","12/14/2021",18146
"Customer C-01081","SW-FL-2YD","10/11/22",8259
"Customer C-03686","SW-COMM-2","2021-04-01",8224
"Customer C-21696","SW-RO-30YD","06/15/2020",47042
"Customer C-42278","SW-FL-4YD","04/04/2020",7659
"Customer C-22212","SW-COMM-6YD","05/19/2019",16055
"Customer C-05062","SW-FL-4YD","03/17/2021",8855
"Customer C-42153","SW-FL-8YD","04-Mar-20",22751
"Customer C-12640","SW-RO-20YD","27-Sep-19",39774
"Customer C-21843","SW-RO-30","2019-09-17",52859
"Customer C-06479","SW-ROLLOFF-20YD","2022-09-11",42743
"Customer C-14949","SW-RO-20YD","07/04/2024",43748
"Customer C-12637","SW-COMM-6YD","02-Nov-19",17318
"Customer C-34579","SW-COMM-2YD","2024-08-02",10403
"Customer C-01446","SW-COMM-4","2019-01-19",10115
"Customer C-24620","SW-COMM-6YD","2021-05-13",11503
"Customer C-13556","SW-FL-8YD","20-May-22",16493
"Customer C-03479","SW-RO-40YD","10/19/2020",56147
"Customer C-27338","SW-RO-40","20-Oct-24",61812
"Customer C-13044","SW-RO-30YD","09/23/19",48772
"Customer C-17648","SW-ROLLOFF-30YD","03/14/19",45321
"Customer C-26740","SW-FL-4YD","05/16/2022",8476
"Customer C-42898","SW-COMM-6YD","2022-08-18",19393
"Customer C-41584","SW-COMM-4","06/25/2019",9360
"Customer C-36659","SW-COMM-6YD","07/12/2024",15612
"Customer C-35241","SW-RO-30YD","2024-02-16",49064
"Customer C-18053","SW-FL-6YD","10-Jul-21",16570
"Customer C-33283","SW-RES-1-W","2020-11-05",44747
"Customer C-06436","SW-COMM-2","2019-05-23",4997
"Customer C-13208","SW-COMM-8YD","02/17/21",15550
"Customer C-07044","SW-RO-30YD","24-Jun-20",53950
"Customer C-08799","SW-RO-20","08/12/2022",39553
"Customer C-18525","SW-COMM-4","15-Apr-22",9353
"Customer C-40018","SW-COMM-4","01/01/2021",7353
"Customer C-02938","SW-RO-30","09/20/2021",46748
"Customer C-05064","SW-RO-30YD","07/14/23",53017
"Customer C-19197","SW-RO-20","09/06/2021",37052
"Customer C-26046","SW-RO-10YD","08/05/24",25999
"Customer C-17471","SW-COMM-8","23-Jan-21",22713
"Customer C-07449","SW-RO-40","03/03/2023",57752
"Customer C-13494","SW-ROLLOFF-10YD","01/14/2021",32277
"Customer C-02580","SW-RO-20","05-Apr-24",44025
"Customer C-21873","SW-RO-10YD","2023-08-08",34429
"Customer C-25289","SW-RO-40YD","11/22/20",61737
"Customer C-37570","SW-ROLLOFF-30YD","2022-04-07",46266
"Customer C-17259","SW-FL-4YD","12/07/2024",13662
"Customer C-06597","SW-ROLLOFF-20YD","09/15/19",41116
"Customer C-05607","SW-RES-1-BW","2022-05-22",10351
"Customer C-19122","SW-COMM-6","11/20/2023",10552
"Customer C-18400","SW-RO-20YD","08/09/2022",41710
"Customer C-11056","SW-ROLLOFF-40YD","01/27/2022",55766
"Customer C-31407","SW-RO-10YD","2022-09-19",31396
"Customer C-39316","SW-COMM-2","07-Apr-19",9215
"Customer C-02346","SW-COMM-8","10/04/23",16710
"Customer C-19410","SW-COMM-2","10/27/2023",7834
"Customer C-11015","SW-COMM-XX","05/05/2023",9600
"Customer C-19998","SW-ROLLOFF-20YD","18-Aug-19",40931
"Customer C-03490","SW-COMM-4YD","08-Mar-22",10606
"Customer C-06722","SW-RO-40","12/01/22",64285
"Customer C-06737","SW-RO-40","01/05/24",59759
"Customer C-42342","SW-RO-30","02/23/24",47186
"Customer C-19845","SW-RES-1-W","07-Jun-23",41769
"Customer C-13456","SW-RO-40YD","23-Sep-19",63374
"Customer C-08325","SW-RO-30YD","08/01/2021",50408
"Customer C-29652","SW-COMM-4","04/09/23",16926
"Customer C-35220","SW-COMM-6YD","08/08/2024",14666
"Customer C-01257","SW-RES-1-BW","03-Aug-23",34561
"Customer C-18143","SW-ROLLOFF-30YD","2022-11-08",47656
"Customer C-42726","SW-COMM-2YD","12-Jun-23",4069
"Customer C-11875","SW-COMM-8","12/12/2021",13255
"Customer C-41606","SW-RO-40","20-Jul-19",57376
"Customer C-05132","SW-ROLLOFF-20YD","07-Feb-21",39834
"Customer C-20212","SW-RO-20YD","09/28/2020",35384
"Customer C-00820","SW-RO-40","12/24/2019",60061
"Customer C-43778","SW-COMM-8","25-May-24",14180
"Customer C-13460","SW-ROLLOFF-10YD","03/19/21",33787
"Customer C-16351","SW-COMM-8YD","06/25/2023",18911
"Customer C-33873","SW-ROLLOFF-40YD","08/24/2020",58971
"Customer C-02847","LEGACY-CODE","02/08/2020",11225
"Customer C-10997","SW-RO-40YD","18-Oct-22",55377
"Customer C-43234","SW-FL-6YD","12/20/20",19911
"Customer C-39376","SW-COMM-2","21-Jul-21",5131
"Customer C-01063","SW-RO-40YD","01/08/24",58000
"Customer C-29218","SW-RO-10YD","07/12/21",33405
"Customer C-27667","SW-COMM-8","16-Dec-23",20580
"Customer C-18996","SW-RO-40","08/15/2019",59212
"Customer C-26760","SW-ROLLOFF-10YD","01/12/2023",31004
"Customer C-02070","SW-FL-6YD","2020-04-27",17934
"Customer C-32344","SW-FL-8YD","24-Jun-23",21828
"Customer C-24354","SW-ROLLOFF-10YD","01/13/2019",28752
"Customer C-26598","SW-RO-10YD","2023-12-19",25692
"Customer C-11474","SW-COMM-2","08/18/21",5453
"Customer C-02406","SW-RO-20","04/27/21",41864
"Customer C-06069","SW-ROLLOFF-10YD","19-Sep-19",30094
"Customer C-29739","SW-RES-1-W","09/08/2021",55615
"Customer C-07200","SW-RO-30YD","2023-05-15",51275
"Customer C-18801","SW-COMM-6","03/17/2024",14431
"Customer C-02695","SW-COMM-2","12/01/19",12736
"Customer C-42252","SW-RES-1-W","27-Dec-20",14220
"Customer C-35609","SW-RO-30","08/20/24",53433
"Customer C-21444","SW-COMM-2YD","18-May-20",5146
"Customer C-02196","SW-RO-30YD","06-Mar-24",49271
"Customer C-40538","SW-RO-10","2024-12-23",29846
"Customer C-18690","SW-COMM-2YD","02/02/2023",8754
"Customer C-12282","SW-ROLLOFF-10YD","23-Jun-24",31990
"Customer C-02534","SW-RO-10YD","01/10/2022",31809
"Customer C-31605","SW-RES-1-M","06/20/2020",50991
"Customer C-07854","SW-COMM-8YD","06/22/20",17840
"Customer C-33386","SW-COMM-6","09-Jul-24",11081
"Customer C-05408","SW-RO-20","06/10/2022",41324
"Customer C-43860","SW-ROLLOFF-10YD","2020-09-18",25633
"Customer C-43686","SW-FL-2YD","2020-10-27",10881
"Customer C-42398","SW-COMM-8YD","09/14/2019",20379
"Customer C-29147","SW-COMM-6YD","08-Feb-20",16077
"Customer C-01677","SW-COMM-4YD","2020-09-25",10738
"Customer C-05378","SW-RO-10YD","2020-06-11",26611
"Customer C-11287","SW-RES-1-BW","06/17/2021",7017
"Customer C-43267","SW-COMM-6YD","03-May-21",16123
"Customer C-31785","SW-COMM-6YD","20-Aug-23",11764
"Customer C-32692","SW-COMM-4YD","06/24/19",16431
"Customer C-06128","SW-COMM-8YD","25-Jul-21",16540
"Customer C-22357","SW-RO-40","12/06/2020",63699
"Customer C-27722","OLD-SVC-7","02/19/20",15532
"Customer C-10019","OLD-SVC-7","01-May-22",37090
"Customer C-04667","SW-ROLLOFF-30YD","2019-04-15",47871
"Customer C-10508","SW-ROLLOFF-10YD","2020-07-18",26902
"Customer C-21515","SW-COMM-6YD","2024-11-28",17950
"Customer C-18252","SW-COMM-4","2022-09-27",7522
"Customer C-32878","SW-RO-30YD","03/04/2020",48106
"Customer C-25036","SW-COMM-2","15-Jan-20",9682
"Customer C-34695","SW-ROLLOFF-10YD","08/01/2021",28255
"Customer C-08674","SW-RES-1-BW","2021-11-19",59628
"Customer C-00164","SW-FL-8YD","08-Mar-24",17276
"Customer C-27306","SW-RO-10","2019-03-17",25480
"Customer C-39128","SW-RO-10","06/08/2019",27708
"Customer C-23614","OLD-SVC-7","09/14/21",8127
"Customer C-32536","SW-COMM-4","2022-03-11",15033
"Customer C-36802","SW-RO-10","01/24/19",25392
"Customer C-32207","SW-COMM-6YD","08/13/19",16604
"Customer C-24058","SW-RO-20YD","07/11/2019",38264
"Customer C-12489","SW-COMM-2","15-Jul-21",11293
"Customer C-40706","SW-RO-20YD","01/25/20",44460
"Customer C-01032","SW-RO-30","12/15/23",53843
"Customer C-09900","SW-RO-40","2019-02-23",58214
"Customer C-33814","SW-COMM-6","10/14/19",15383
"Customer C-24684","SW-RES-1-W","11/04/19",51132
"Customer C-04684","SW-ROLLOFF-40YD","06-Nov-21",63621
"Customer C-35556","SW-ROLLOFF-40YD","10-Jul-23",64503
"Customer C-43132","SW-RES-1-M","10/11/2022",27644
"Customer C-33843","SW-RO-20","08-Jun-22",37339
"Customer C-07850","SW-COMM-2","15-Oct-22",11904
"Customer C-34340","SW-RES-1-W","05/20/2020",12086
"Customer C-00289","SW-RO-40","07/13/2023",59648
"Customer C-39184","SW-FL-8YD","16-Jan-24",20034
"Customer C-21463","SW-RO-20YD","02/08/2022",37680
"Customer C-24409","SW-RO-40","10/19/2019",61908
"Customer C-17299","OLD-SVC-7","12/11/20",17586
"Customer C-21796","SW-RO-40","25-Apr-23",55377
"Customer C-24378","SW-FL-2YD","2022-10-26",4699
"Customer C-16980","SW-RO-10YD","2024-11-09",30968
"Customer C-05993","SW-COMM-8YD","01/21/2022",17947
"Customer C-02850","SW-COMM-4YD","2022-05-01",8980
"Customer C-34061","SW-COMM-6","01/09/2020",11339
"Customer C-41217","SW-COMM-2YD","17-Feb-23",7025
"Customer C-08152","SW-RES-1-M","05/11/2023",27603
"Customer C-34913","SW-COMM-8","03/01/21",15595
"Customer C-22010","SW-COMM-6YD","22-Feb-21",18784
"Customer C-09810","SW-FL-6YD","04/06/20",14746
"Customer C-31961","NOPE-1","2023-04-11",52106
"Customer C-32422","SW-RES-1-M","12-Jun-23",28566
"Customer C-38606","SW-ROLLOFF-10YD","06/24/2020",34915
"Customer C-40437","SW-COMM-2YD","2023-06-11",8159
"Customer C-36005","SW-RO-30YD","02/16/2022",53726
"Customer C-31759","SW-RO-10YD","05/08/21",25940
"Customer C-22352","SW-COMM-4YD","04/18/22",15519
"Customer C-31708","SW-RO-30YD","04-Feb-19",45141
"Customer C-17847","SW-FL-8YD","05/12/2024",13563
"Customer C-34224","SW-COMM-4","09/21/19",12191
"Customer C-02240","SW-RO-10YD","2023-05-20",25973
"Customer C-26350","SW-RES-1-BW","12/20/23",43259
"Customer C-27948","SW-ROLLOFF-10YD","2020-10-01",31933
"Customer C-24684","SW-COMM-2","2019-03-14",4012
"Customer C-28811","SW-ROLLOFF-20YD","06/07/2022",40371
"Customer C-24697","SW-RO-40YD","2019-11-09",61807
"Customer C-03455","SW-COMM-2","06/19/2021",9179
"Customer C-17060","SW-COMM-6","02/04/2024",11042
"Customer C-43044","SW-FL-8YD","12/21/2023",20041
"Customer C-31560","SW-COMM-8YD","12/23/2019",21190
"Customer C-41349","SW-FL-4YD","15-May-19",15128
"Customer C-23598","SW-ROLLOFF-10YD","2021-06-11",31635
"Customer C-23090","SW-ROLLOFF-40YD","07/07/2021",63687
"Customer C-15560","SW-RO-40","2021-01-20",58024
"Customer C-12065","SW-COMM-2YD","06-Jul-24",10182
"Customer C-38523","SW-ROLLOFF-30YD","25-Jun-24",51348
"Customer C-41627","SW-FL-4YD","10/06/2024",16560
"Customer C-26290","SW-ROLLOFF-40YD","2020-06-26",60277
"Customer C-38970","SW-COMM-4YD","10/13/2021",15230
"Customer C-03741","SW-ROLLOFF-10YD","2024-06-03",29178
"Customer C-15872","SW-ROLLOFF-40YD","2022-10-11",58937
"Customer C-44341","OLD-SVC-7","2020-07-26",57382
"Customer C-24494","SW-COMM-4YD","2023-09-02",11828
"Customer C-43961","SW-COMM-2YD","2019-11-21",10517
"Customer C-32018","SW-RO-30","10/21/2023",50381
"Customer C-38076","SW-RO-30","2023-10-21",47911
"Customer C-06511","SW-FL-6YD","28-Dec-19",18474
"Customer C-38455","SW-COMM-8YD","16-Jun-20",15066
"Customer C-13712","SW-COMM-2YD","11/23/24",5784
"Customer C-18425","SW-COMM-2","04-Oct-22",11517
"Customer C-01330","SW-ROLLOFF-40YD","05/06/19",62087
"Customer C-18069","SW-COMM-6YD","06/24/2022",12379
"Customer C-19374","SW-ROLLOFF-20YD","2024-07-24",41202
"Customer C-37151","SW-ROLLOFF-20YD","19-Jun-23",41556
"Customer C-10777","SW-ROLLOFF-10YD","01/18/2024",26158
"Customer C-18457","SW-COMM-4YD","2019-06-18",12045
"Customer C-34544","SW-ROLLOFF-20YD","2022-04-05",38257
"Customer C-35448","SW-ROLLOFF-30YD","03/28/2019",45789
"Customer C-24982","SW-COMM-4","27-Mar-22",10469
"Customer C-31483","SW-RO-20YD","01/07/22",39205
"Customer C-39835","SW-RO-40YD","06/27/2023",58616
"Customer C-28764","SW-COMM-6","15-Mar-23",11110
"Customer C-00324","SW-ROLLOFF-40YD","01/24/2023",63551
"Customer C-41226","SW-ROLLOFF-30YD","22-Aug-19",46660
"Customer C-37118","SW-COMM-2YD","22-Feb-22",7644
"Customer C-37021","SW-RO-30","04/07/21",49344
"Customer C-09502","SW-COMM-2","22-Jan-19",6829
"Customer C-13190","SW-FL-8YD","04/02/19",15721
"Customer C-22567","SW-FL-2YD","01/23/2023",10681
"Customer C-22753","SW-ROLLOFF-30YD","2020-12-20",54111
"Customer C-01220","SW-FL-6YD","2020-07-19",19280
"Customer C-36753","SW-RO-30YD","09-Sep-19",47396
"Customer C-06409","SW-FL-2YD","05-May-21",7927
"Customer C-32353","SW-ROLLOFF-10YD","11/18/20",32403
"Customer C-11729","SW-ROLLOFF-20YD","06/18/19",44037
"Customer C-13738","SW-COMM-2YD","03/27/23",7602
"Customer C-12209","SW-FL-2YD","16-Oct-20",9276
"Customer C-22838","SW-FL-2YD","09/03/21",8134
"Customer C-04265","SW-COMM-2YD","2019-09-14",8956
"Customer C-18192","SW-COMM-4YD","01/24/20",11990
"Customer C-43924","SW-RES-1-M","10/24/24",58270
"Customer C-35897","SW-FL-6YD","08-Apr-22",16544
"Customer C-40809","SW-COMM-6YD","2019-05-04",12688
"Customer C-25331","SW-COMM-4YD","27-May-23",12931
"Customer C-34671","SW-RO-10YD","06/13/2023",31157
"Customer C-36447","SW-COMM-6","02/17/20",11301
"Customer C-41865","SW-RO-40YD","23-Feb-23",62615
"Customer C-16144","SW-RO-40","06/21/2021",56368
"Customer C-25043","SW-COMM-6","11/17/22",18126
"Customer C-30916","SW-RO-20YD","07/08/2023",37250
"Customer C-43836","SW-RO-30","06/04/2023",45540
"Customer C-08513","SW-RES-1-M","06/02/2024",10136
"Customer C-27843","SW-ROLLOFF-20YD","2023-02-18",43822
"Customer C-36233","SW-COMM-8YD","03/11/2019",17012
"Customer C-41299","SW-COMM-4YD","12/10/2022",12349
"Customer C-30201","SW-RES-1-W","12/21/2024",51546
"Customer C-41611","SW-FL-4YD","10/02/2020",15843
"Customer C-12795","SW-RO-20","2023-10-11",36995
"Customer C-11648","SW-FL-2YD","10-Feb-20",8307
"Customer C-44741","SW-COMM-2YD","09/11/2021",6770
"Customer C-44967","SW-COMM-8","01/28/19",16608
"Customer C-16037","SW-RO-30","04/19/2024",53000
"Customer C-07412","SW-RES-1-M","03/15/2020",48759
"Customer C-26756","SW-COMM-4YD","2024-07-16",12162
"Customer C-22640","SW-COMM-6","03/09/22",14917
"Customer C-39098","LEGACY-CODE","03/06/2021",14159
"Customer C-10535","LEGACY-CODE","2021-07-20",55135
"Customer C-33214","SW-COMM-6YD","09/08/2023",19770
"Customer C-00107","SW-FL-2YD","19-Apr-24",9519
"Customer C-01640","SW-RO-40YD","2024-04-05",61825
"Customer C-31480","SW-COMM-6YD","08/04/2023",15529
"Customer C-33584","SW-RES-1-BW","02/23/2022",38169
"Customer C-05150","SW-RO-40","05-Sep-23",61210
"Customer C-11968","SW-ROLLOFF-40YD","21-Jan-21",55789
"Customer C-26236","SW-RO-20YD","2022-10-17",36271
"Customer C-11504","SW-RO-40","20-Sep-23",62134
"Customer C-20440","SW-ROLLOFF-40YD","02/20/24",63998
"Customer C-36006","SW-RO-20","2024-12-25",39729
"Customer C-14825","LEGACY-CODE","2019-11-26",16491
"Customer C-25076","SW-RO-30","06-Apr-22",47645
"Customer C-02385","SW-RES-1-W","09/03/2024",16427
"Customer C-43977","SW-COMM-2","01-Apr-23",9369
"Customer C-43339","NOPE-1","07/20/2023",64294
"Customer C-38350","SW-COMM-8YD","17-Feb-22",20954
"Customer C-18782","SW-RES-1-BW","12/21/2019",11926
"Customer C-38730","SW-COMM-4","11/10/2021",11335
"Customer C-31922","SW-COMM-4YD","08/03/2024",8319
"Customer C-24340","NOPE-1","03/26/21",25305
"Customer C-15823","SW-RO-10","01/24/2021",28525
"Customer C-44136","SW-COMM-2","02/23/2021",9794
"Customer C-34046","SW-RO-30","02/19/2024",53529
"Customer C-31548","SW-ROLLOFF-10YD","11/19/2019",31758
"Customer C-27830","SW-COMM-2YD","2024-04-23",10043
"Customer C-23540","SW-FL-4YD","07/08/22",12935
"Customer C-40923","SW-RO-20","12/21/2022",35395
"Customer C-16516","SW-ROLLOFF-30YD","23-Nov-24",48225
"Customer C-09683","SW-RES-1-M","2024-04-09",55297
"Customer C-33557","SW-RO-30","03/26/23",49953
"Customer C-16162","SW-XX-99YD","09/15/2022",22567
"Customer C-18652","SW-RO-20YD","2024-10-12",40176
"Customer C-42533","SW-RO-40YD","05/02/19",58439
"Customer C-28856","SW-COMM-2","2021-01-21",8523
"Customer C-08191","SW-ROLLOFF-10YD","06/11/2020",31280
"Customer C-43560","SW-ROLLOFF-40YD","2021-02-09",64578
"Customer C-38860","SW-RES-1-W","2023-12-19",63116
"Customer C-41785","LEGACY-CODE","12/10/22",11639
"Customer C-38390","SW-RO-20","2020-06-04",38776
"Customer C-03102","SW-COMM-8YD","2021-09-05",13282
"Customer C-00533","SW-COMM-2YD","07/06/2020",10878
"Customer C-41819","SW-ROLLOFF-30YD","15-Aug-23",46527
"Customer C-16783","SW-RO-40","2023-04-19",55233
"Customer C-25568","SW-RO-20","02/09/2020",40965
"Customer C-03047","SW-COMM-4","04-May-22",9244
"Customer C-39211","SW-ROLLOFF-30YD","12-Dec-24",46496
"Customer C-09575","SW-RES-1-W","2024-10-01",13874
"Customer C-04980","SW-COMM-6","12/23/2021",19550
"Customer C-25897","LEGACY-CODE","2019-07-12",8253
"Customer C-22933","LEGACY-CODE","02/16/2020",6220
"Customer C-28080","LEGACY-CODE","2020-08-27",40622
"Customer C-06085","SW-RO-40YD","01/22/2024",56485
"Customer C-02945","SW-ROLLOFF-40YD","03-Feb-21",59505
"Customer C-03300","SW-COMM-4YD","2019-12-17",11672
"Customer C-12478","SW-RO-20YD","2019-05-15",41719
"Customer C-27315","NOPE-1","26-Jul-21",4261
"Customer C-31917","SW-FL-8YD","10/08/2022",16413
"Customer C-33625","SW-COMM-8","11/08/2019",18563
"Customer C-01994","SW-RO-10YD","2023-07-26",29400
"Customer C-35276","SW-RO-10","09/22/2020",31647
"Customer C-15987","SW-ROLLOFF-20YD","2019-10-12",40091
"Customer C-37866","SW-COMM-XX","19-Jun-19",29462
"Customer C-02457","SW-ROLLOFF-30YD","2019-11-01",51802
"Customer C-00750","SW-FL-2YD","2019-07-02",8721
"Customer C-09511","SW-COMM-2YD","27-Apr-20",8278
"Customer C-20202","SW-RO-30YD","2024-03-13",52279
"Customer C-30103","SW-ROLLOFF-30YD","03/02/2023",46581
"Customer C-29674","OLD-SVC-7","05/07/2022",17173
"Customer C-22014","SW-RES-1-BW","03/14/2024",54480
"Customer C-24020","SW-RO-20YD","08/05/2023",40686
"Customer C-08672","SW-RO-20YD","01/28/2019",40271
"Customer C-05307","SW-RES-1-M","06/26/21",15700
"Customer C-07263","SW-COMM-4YD","05/25/2022",8810
"Customer C-00721","SW-COMM-6YD","14-Oct-24",16136
"Customer C-18536","SW-RO-40","28-Aug-19",64893
"Customer C-12755","SW-RO-20","12-Jul-21",40447
"Customer C-32792","SW-COMM-4","09/16/2024",10171
"Customer C-41824","SW-RO-30","08/14/2019",47018
"Customer C-29931","SW-ROLLOFF-30YD","04/08/2024",49056
"Customer C-25877","SW-XX-99YD","08/03/2024",41223
"Customer C-07431","SW-COMM-8YD","08/25/2023",13233
"Customer C-27210","SW-FL-4YD","11/15/2023",14735
"Customer C-13276","SW-RO-20","07/03/20",42114
"Customer C-33396","SW-RO-20","2019-12-25",40041
"Customer C-09760","SW-RO-20YD","2020-07-12",35135
"Customer C-10503","SW-ROLLOFF-40YD","08/16/2022",55537
"Customer C-11429","SW-COMM-8","12/19/20",14187
"Customer C-11199","SW-RO-40YD","01/06/2020",64945
"Customer C-09669","SW-COMM-6","01/27/2022",18760
"Customer C-22007","SW-RES-1-M","07/26/2021",62919
"Customer C-33336","SW-ROLLOFF-20YD","02/24/21",44638
"Customer C-35794","SW-ROLLOFF-10YD","2021-02-11",33432
"Customer C-04975","SW-FL-6YD","05/15/2020",15241
"Customer C-00626","SW-RO-40YD","09/20/21",64664
"Customer C-35019","SW-RO-30","2019-02-01",50510
"Customer C-18015","SW-COMM-4YD","07/06/2022",16935
"Customer C-04988","SW-RES-1-W","06/24/2021",26100
"Customer C-19170","SW-COMM-6YD","17-Oct-21",11998
"Customer C-36969","SW-RO-40YD","10/26/2024",55887
"Customer C-04377","SW-COMM-6","16-Oct-20",12125
"Customer C-31582","SW-FL-2YD","28-Jun-19",5224
"Customer C-05788","SW-FL-4YD","01/04/24",11344
"Customer C-30211","SW-COMM-2YD","20-Mar-24",12928
"Customer C-28060","SW-RES-1-BW","22-Oct-22",29999
"Customer C-15756","SW-FL-4YD","23-Sep-21",14050
"Customer C-03452","SW-RO-30","2021-12-17",51258
"Customer C-03163","SW-RO-20","16-Feb-21",39367
"Customer C-05279","SW-FL-2YD","07/03/2020",4763
"Customer C-16166","SW-RO-30YD","2021-09-06",49965
"Customer C-42851","SW-RO-40","03/02/24",57740
"Customer C-02033","SW-COMM-8","15-May-19",15180
"Customer C-17359","SW-RO-40","2019-03-26",62473
"Customer C-28460","SW-COMM-4YD","18-Jul-20",14975
"Customer C-26872","SW-RO-30","2022-09-01",53842
"Customer C-43798","SW-FL-2YD","2021-08-06",4954
"Customer C-14814","LEGACY-CODE","2021-11-21",10341
"Customer C-31294","SW-COMM-2YD","03/28/2019",6536
"Customer C-06558","SW-FL-4YD","07/13/22",11291
"Customer C-10300","SW-RO-30","02-Aug-21",50650
"Customer C-28472","SW-COMM-6YD","08/02/2021",15307
"Customer C-23205","SW-RES-1-W","17-Nov-22",40028
"Customer C-33286","SW-COMM-4","09/10/2024",13959
"Customer C-35332","SW-RO-10YD","26-Oct-19",33942
"Customer C-34849","SW-RO-40","07/15/2020",62451
"Customer C-28867","SW-ROLLOFF-10YD","08/05/2024",33913
"Customer C-01967","SW-ROLLOFF-40YD","11/04/2020",60703
"Customer C-25446","SW-RO-30","25-Feb-19",54859
"Customer C-07786","SW-RES-1-M","03/16/22",64214
"Customer C-05021","SW-COMM-6YD","02/04/2021",12399
"Customer C-15037","SW-COMM-XX","12-Nov-21",36688
"Customer C-43930","SW-COMM-6YD","09/05/2020",19211
"Customer C-27517","SW-RO-10YD","2019-11-22",31411
"Customer C-15582","SW-ROLLOFF-20YD","07/04/2021",42053
"Customer C-35150","SW-COMM-8YD","16-Aug-24",13915
"Customer C-38405","SW-RES-1-M","2020-05-28",43188
"Customer C-13598","SW-COMM-XX","05/10/21",13717
"Customer C-21481","SW-RO-10","08/02/2021",25347
"Customer C-43233","SW-FL-8YD","14-Sep-24",15024
"Customer C-09553","SW-RO-20YD","2020-07-17",39251
"Customer C-02808","SW-ROLLOFF-20YD","11/23/2020",35487
"Customer C-41647","SW-ROLLOFF-10YD","2023-05-09",30973
"Customer C-41358","SW-COMM-8","09/13/20",19894
"Customer C-39211","SW-FL-2YD","17-Aug-19",9490
"Customer C-10420","SW-RO-40YD","12/23/24",60662
"Customer C-23808","SW-RO-40","2019-10-07",55730
"Customer C-11082","SW-COMM-2","15-Oct-21",8450
"Customer C-20069","SW-COMM-4","06/28/2021",13760
"Customer C-39946","SW-COMM-2YD","2021-09-22",6129
"Customer C-12125","SW-RES-1-BW","04/15/23",44761
"Customer C-31117","SW-COMM-4YD","10/11/22",7194
"Customer C-21825","SW-ROLLOFF-40YD","2024-04-19",57511
"Customer C-12690","SW-COMM-2YD","09/14/2021",9117
"Customer C-18589","SW-RO-30","04/02/2019",45241
"Customer C-15673","SW-FL-6YD","09/08/2023",11247
"Customer C-32849","SW-RO-10","10/10/2019",29565
"Customer C-15624","SW-ROLLOFF-30YD","02/11/22",47337
"Customer C-39714","LEGACY-CODE","12/25/2020",13997
"Customer C-42993","SW-COMM-6","2020-07-07",16265
"Customer C-01755","SW-ROLLOFF-30YD","12/16/20",54789
"Customer C-02489","SW-COMM-4","2020-12-26",12212
"Customer C-30486","SW-COMM-4YD","2019-03-10",12828
"Customer C-28210","SW-RO-30","02/17/24",46365
"Customer C-14608","SW-RO-30","06/17/2022",49601
"Customer C-14982","SW-RO-20","04/08/2023",39941
"Customer C-40907","SW-COMM-2YD","2021-05-20",6564
"Customer C-01816","SW-RO-40YD","07-Apr-19",57204
"Customer C-14842","SW-ROLLOFF-40YD","08/14/2020",64344
"Customer C-23935","SW-FL-4YD","08-Jan-23",12175
"Customer C-16019","SW-ROLLOFF-40YD","2024-12-22",58370
"Customer C-07985","SW-COMM-2","2022-07-12",12053
"Customer C-04344","SW-COMM-8YD","08/27/23",14820
"Customer C-14682","SW-RES-1-BW","09/23/2024",57136
"Customer C-32715","SW-COMM-2YD","11/16/2024",7191
"Customer C-28754","SW-COMM-6","2024-03-03",15144
"Customer C-20953","SW-RO-10YD","07/11/2020",26219
"Customer C-03840","SW-RO-40YD","09-Apr-20",61384
"Customer C-29534","SW-RO-10YD","15-Jun-22",32272
"Customer C-42535","SW-ROLLOFF-10YD","13-Oct-21",30192
"Customer C-33885","SW-ROLLOFF-10YD","2024-08-07",33992
"Customer C-12161","SW-RO-30YD","07/23/22",45776
"Customer C-10561","SW-COMM-4YD","2022-09-26",14712
"Customer C-22457","SW-ROLLOFF-30YD","2021-08-26",51895
"Customer C-09239","SW-ROLLOFF-10YD","02/10/2022",27462
"Customer C-44343","SW-COMM-4","2019-09-09",9670
"Customer C-27142","SW-COMM-4YD","2023-07-13",16682
"Customer C-07999","SW-RO-10","2024-04-16",30023
"Customer C-23944","SW-RO-40","03/15/2019",59645
"Customer C-21306","SW-ROLLOFF-20YD","2021-04-17",38682
"Customer C-31402","SW-COMM-8","02-Mar-22",20576
"Customer C-31323","SW-RES-1-BW","06/10/2023",50017
"Customer C-13479","SW-RO-20YD","02/12/2020",43296
"Customer C-11488","SW-COMM-2YD","22-May-24",9458
"Customer C-30246","SW-FL-6YD","09-Sep-22",18706
"Customer C-15524","SW-RO-30YD","08/28/24",50657
"Customer C-21733","SW-RO-10","06/02/2024",32259
"Customer C-08264","SW-RO-40YD","2023-04-10",60332
"Customer C-41030","OLD-SVC-7","10/08/2020",22643
"Customer C-34686","SW-ROLLOFF-20YD","01/11/22",43771
"Customer C-33794","SW-COMM-8YD","04/18/24",22632
"Customer C-25439","SW-RES-1-M","08/13/2021",38348
"Customer C-06669","SW-RO-20","09-Mar-20",39856
"Customer C-27271","SW-ROLLOFF-20YD","09/23/2020",38207
"Customer C-21396","SW-RO-40YD","05/13/2023",63206
"Customer C-27164","SW-ROLLOFF-40YD","2023-04-06",57463
"Customer C-26777","SW-COMM-4","10/18/2019",14019
"Customer C-34089","SW-ROLLOFF-20YD","08/22/20",36022
"Customer C-13833","SW-COMM-4","09-Jan-20",15308
"Customer C-05689","SW-COMM-8YD","01/08/23",16755
"Customer C-38253","SW-ROLLOFF-20YD","02/14/2019",44680
"Customer C-01802","SW-COMM-4","06/05/19",16597
"Customer C-12987","SW-RO-30","2019-06-27",46148
"Customer C-07960","SW-COMM-6","08/19/2024",16477
"Customer C-42629","SW-ROLLOFF-40YD","20-Sep-22",60025
"Customer C-28826","SW-ROLLOFF-10YD","02/01/19",30261
"Customer C-14237","SW-FL-6YD","07/09/2021",18232
"Customer C-34768","SW-ROLLOFF-40YD","04/07/21",56314
"Customer C-08789","SW-FL-4YD","2023-10-12",12928
"Customer C-07115","SW-COMM-6","2023-08-05",16340
"Customer C-40069","SW-COMM-6","11/17/2022",17031
"Customer C-02317","SW-COMM-4","09-May-19",14800
"Customer C-10500","SW-RO-20","05/04/20",41238
"Customer C-20590","SW-FL-8YD","06-Dec-23",16005
"Customer C-44490","NOPE-1","02/21/2019",35486
"Customer C-28746","SW-COMM-2YD","03/21/2020",8269
"Customer C-00796","SW-RES-1-M","2023-06-18",29329
"Customer C-15649","SW-RO-40YD","2022-12-17",57834
"Customer C-30761","SW-ROLLOFF-20YD","2024-08-05",42875
"Customer C-10696","SW-RO-20","01/24/2020",40174
"Customer C-14459","SW-ROLLOFF-30YD","03-Aug-23",52349
"Customer C-10041","SW-RES-1-M","27-May-19",31201
"Customer C-15475","SW-RO-40","12/11/24",59588
"Customer C-16603","SW-RES-1-W","08-Aug-24",37374
"Customer C-08377","SW-ROLLOFF-10YD","05/19/2020",26715
"Customer C-28392","SW-FL-2YD","10-Aug-22",8038
"Customer C-34555","SW-RO-20YD","2022-07-24",36135
"Customer C-18079","SW-COMM-4","10/05/2022",7052
"Customer C-16062","SW-RES-1-W","27-Jul-19",12755
"Customer C-02360","SW-ROLLOFF-10YD","2022-11-02",29232
"Customer C-23716","LEGACY-CODE","04/28/21",18635
"Customer C-14514","SW-RES-1-M","01/22/23",12557
"Customer C-03337","SW-RO-20YD","11/16/2019",40885
"Customer C-00097","SW-COMM-2","10/06/21",9104
"Customer C-33171","SW-FL-2YD","09/11/2021",6772
"Customer C-20487","SW-RO-30","06/03/2019",47603
"Customer C-44699","SW-COMM-8YD","01/23/24",19214
"Customer C-39840","SW-RO-10","2020-02-10",25882
"Customer C-21823","SW-COMM-6YD","2023-08-03",13163
"Customer C-00449","SW-RO-20","10/15/24",36574
"Customer C-02899","SW-ROLLOFF-20YD","2019-07-26",40144
"Customer C-15238","SW-RO-20YD","23-Mar-24",44412
"Customer C-00674","SW-COMM-8YD","2019-08-09",21146
"Customer C-21764","SW-RES-1-W","05/24/2019",45564
"Customer C-21524","LEGACY-CODE","11/01/24",21847
"Customer C-44573","SW-FL-6YD","12/10/2019",15079
"Customer C-39256","SW-COMM-8","09/12/23",13282
"Customer C-07659","SW-FL-4YD","05/23/2023",16161
"Customer C-31193","SW-RO-30","08/13/22",51168
"Customer C-37597","SW-FL-2YD","2020-07-06",5486
"Customer C-43273","SW-COMM-2YD","07/14/2022",6977
"Customer C-34803","SW-FL-8YD","2020-07-21",22272
"Customer C-35598","SW-FL-8YD","11/04/23",17452
"Customer C-12338","SW-COMM-6YD","11/03/19",18285
"Customer C-19761","SW-RO-20","03/21/2020",44374
"Customer C-23211","SW-RO-10","11/23/2024",33558
"Customer C-15814","SW-ROLLOFF-10YD","05/11/2022",34869
"Customer C-25449","SW-COMM-2","01/02/23",7141
"Customer C-21574","SW-FL-8YD","2023-05-03",20302
"Customer C-04864","SW-FL-6YD","03/25/21",10452
"Customer C-41205","SW-COMM-4","2022-05-06",16371
"Customer C-39053","SW-COMM-XX","02/08/20",40978
"Customer C-12152","SW-COMM-8YD","06/09/2024",17101
"Customer C-31526","SW-COMM-2YD","04/18/2019",11148
"Customer C-12336","SW-COMM-8YD","08/26/2024",19657
"Customer C-24291","SW-FL-2YD","08/25/2019",11295
"Customer C-09731","SW-ROLLOFF-30YD","09/17/2024",49434
"Customer C-30372","SW-RO-40YD","2024-08-16",59357
"Customer C-13157","SW-COMM-4","11/04/2019",16722
"Customer C-30302","SW-RO-30YD","01/08/2024",48805
"Customer C-42193","SW-COMM-8YD","06/25/2024",15994
"Customer C-28840","SW-RO-20YD","14-Aug-19",44066
"Customer C-20462","NOPE-1","04/22/22",49391
"Customer C-24100","SW-COMM-8YD","06/06/2022",18411
"Customer C-38405","SW-FL-8YD","01/21/2021",21883
"Customer C-15865","SW-RO-30","2019-09-25",50036
"Customer C-26657","SW-COMM-8","2024-01-08",17767
"Customer C-31664","SW-RO-20YD","23-May-23",36776
"Customer C-37659","SW-COMM-8","13-Apr-24",13083
"Customer C-11293","SW-RES-1-BW","13-Jan-24",54587
"Customer C-37010","SW-RO-30","06/23/20",50437
"Customer C-39554","SW-ROLLOFF-20YD","12/08/2024",44645
"Customer C-14103","SW-COMM-4YD","04/04/2022",8834
"Customer C-44504","SW-ROLLOFF-40YD","09/21/22",64530
"Customer C-12908","NOPE-1","2023-07-10",8353
"Customer C-33420","SW-COMM-2","07/04/22",13217
"Customer C-04990","SW-FL-8YD","01/26/2021",22669
"Customer C-42540","SW-RO-20","07/22/2022",35345
"Customer C-14618","SW-FL-8YD","04/11/2020",19577
"Customer C-28572","SW-ROLLOFF-40YD","03-Jun-20",64821
"Customer C-34988","SW-ROLLOFF-40YD","2021-02-04",60215
"Customer C-04682","SW-FL-4YD","24-Jun-22",8452
"Customer C-16314","SW-COMM-4YD","07/27/20",12922
"Customer C-43254","SW-RO-30YD","2024-10-22",53803
"Customer C-11379","SW-FL-8YD","2020-11-08",22798
"Customer C-35936","SW-RO-40YD","2023-01-02",57755
"Customer C-02536","SW-ROLLOFF-40YD","10/24/2022",60267
"Customer C-01577","SW-RO-20","03/01/24",41075
"Customer C-03801","SW-RO-10","2021-01-16",25942
"Customer C-32383","SW-RO-10","09/11/21",28754
"Customer C-27422","SW-ROLLOFF-20YD","11-Sep-24",37091
"Customer C-31356","SW-COMM-2","10/07/2023",6092
"Customer C-42261","NOPE-1","12/14/19",45560
"Customer C-14290","SW-RO-10YD","2022-03-13",33394
"Customer C-34381","SW-RES-1-W","07/28/24",21413
"Customer C-35566","SW-RO-30","03/20/21",48581
"Customer C-25606","SW-RES-1-BW","08/12/2022",43833
"Customer C-15731","SW-COMM-8","17-Sep-19",16895
"Customer C-44272","SW-RO-10YD","01/01/2019",30047
"Customer C-02412","SW-RO-10YD","2022-12-25",33332
"Customer C-44520","SW-FL-8YD","28-May-21",18379
"Customer C-03498","SW-RO-10YD","04/08/2020",28846
"Customer C-10383","SW-FL-8YD","05/27/21",15168
"Customer C-31122","SW-ROLLOFF-30YD","09-Apr-20",45983
"Customer C-21886","SW-COMM-2YD","2020-05-25",13457
"Customer C-40343","SW-ROLLOFF-10YD","03-Nov-22",32439
"Customer C-24511","SW-COMM-8","12/26/22",19588
"Customer C-37369","SW-RES-1-BW","05/28/22",7615
"Customer C-43996","SW-COMM-6","02-Dec-24",13643
"Customer C-32483","SW-RO-30YD","11/27/2024",46282
"Customer C-40239","SW-XX-99YD","2019-07-02",15055
"Customer C-13824","SW-ROLLOFF-10YD","01-Apr-22",30880
"Customer C-28560","SW-ROLLOFF-20YD","12/23/2020",41302
"Customer C-39069","SW-RO-30YD","2023-09-17",53031
"Customer C-23302","SW-COMM-6","09-Oct-21",11605
"Customer C-37154","SW-FL-8YD","23-Jun-23",18604
"Customer C-37488","SW-COMM-8YD","11/15/2020",16462
"Customer C-30679","SW-RO-20","01/05/2021",39263
"Customer C-12514","SW-FL-4YD","2024-04-24",7287
"Customer C-34622","SW-FL-2YD","06/03/2023",6418
"Customer C-13342","SW-ROLLOFF-40YD","07-Oct-21",61686
"Customer C-37293","SW-FL-8YD","03/18/2024",18740
"Customer C-01458","SW-COMM-4YD","04-Jul-19",10397
"Customer C-31899","SW-RES-1-M","03/07/2022",17816
"Customer C-32892","SW-COMM-8YD","03/12/2021",13020
"Customer C-41612","SW-COMM-8YD","06-Feb-22",20963
"Customer C-19313","SW-RES-1-BW","05/26/2020",30241
"Customer C-20508","SW-RO-40","2024-05-09",62813
"Customer C-41685","SW-RO-40YD","20-Jul-23",57369
"Customer C-09397","SW-COMM-2YD","06/02/2019",6665
"Customer C-13968","SW-COMM-6YD","05/26/22",13417
"Customer C-43164","SW-COMM-2","06/09/2019",8567
"Customer C-20337","SW-COMM-6YD","2021-05-15",13704
"Customer C-20736","SW-ROLLOFF-40YD","2021-05-23",63895
"Customer C-33121","SW-COMM-6","06/16/2019",16078
"Customer C-00419","SW-COMM-4YD","10/04/2024",15560
"Customer C-20846","SW-COMM-6YD","06/22/2020",11284
"Customer C-20297","SW-RES-1-M","12/28/2020",52980
"Customer C-11036","SW-ROLLOFF-40YD","2023-02-20",63888
"Customer C-40266","SW-RES-1-W","17-Apr-19",15527
"Customer C-35701","SW-XX-99YD","07/26/2022",46926
"Customer C-38379","SW-RO-30","02-Mar-20",49143
"Customer C-12270","SW-RO-20","10/21/22",39145
"Customer C-05963","SW-RO-40YD","2019-10-24",58533
"Customer C-41622","SW-COMM-8YD","07/04/2023",20963
"Customer C-33090","SW-COMM-8","11-Mar-22",17010
"Customer C-27478","SW-RES-1-W","02-Jun-21",6149
"Customer C-09518","SW-RES-1-W","01/01/2022",19638
"Customer C-33113","SW-FL-6YD","08/28/2022",11391
"Customer C-07018","SW-FL-4YD","07/13/2019",9671
"Customer C-35731","SW-COMM-8YD","28-Sep-21",14380
"Customer C-12596","SW-RES-1-W","01/18/2020",25305
"Customer C-24895","SW-ROLLOFF-40YD","28-Jun-24",62222
"Customer C-41773","SW-COMM-4","06/26/2021",8556
"Customer C-24778","SW-RES-1-BW","04/24/22",61059
"Customer C-31600","OLD-SVC-7","04/04/19",13226
"Customer C-42791","SW-COMM-6","01/14/2022",16774
"Customer C-20221","SW-COMM-4YD","02/22/2021",11313
"Customer C-12563","SW-RO-20YD","10/28/22",43636
"Customer C-36601","SW-COMM-4","2022-12-05",15449
"Customer C-16661","SW-ROLLOFF-40YD","03/13/2019",57480
"Customer C-36404","SW-COMM-4YD","09/26/2019",9892
"Customer C-32403","SW-RO-20","03/26/21",41420
"Customer C-30039","SW-COMM-4YD","06/07/2020",14487
"Customer C-19044","SW-RO-20","11/23/2020",44470
"Customer C-17538","SW-COMM-8","07/27/2019",19679
"Customer C-09851","SW-RO-40","21-Feb-21",58869
"Customer C-32587","SW-COMM-6YD","02/07/2022",18719
"Customer C-24576","SW-FL-8YD","04/04/2019",18996
"Customer C-06465","SW-ROLLOFF-30YD","09/05/2020",48164
"Customer C-40167","SW-COMM-8","05/05/2020",22262
"Customer C-26477","SW-COMM-2YD","05/05/21",5218
"Customer C-14270","SW-RO-10YD","02/05/23",31058
"Customer C-01964","SW-RO-40","20-Aug-23",63814
"Customer C-36177","SW-FL-8YD","04/26/22",21137
"Customer C-06769","SW-COMM-8YD","03/02/22",19808
"Customer C-42516","SW-RO-10","04/20/19",31954
"Customer C-34265","SW-RO-20","12-Jan-23",35428
"Customer C-08350","SW-COMM-8","2022-10-12",13461
"Customer C-29882","NOPE-1","12/12/24",29217
"Customer C-08674","SW-XX-99YD","03/17/20",7734
"Customer C-19697","SW-COMM-4","2023-04-16",10351
"Customer C-00319","SW-FL-8YD","2023-07-25",16083
"Customer C-27396","LEGACY-CODE","16-Oct-24",36195
"Customer C-43324","SW-RO-30YD","13-Feb-19",49585
"Customer C-14839","NOPE-1","09/25/2024",46250
"Customer C-43177","SW-RO-20YD","2019-04-17",40115
"Customer C-16693","SW-RO-20YD","07/14/2021",38196
"Customer C-39690","SW-FL-2YD","06/21/2019",5078
"Customer C-35535","SW-ROLLOFF-20YD","17-Aug-24",37824
"Customer C-14273","SW-RO-10","03/22/2019",26811
"Customer C-12768","SW-FL-6YD","05/07/19",11922
"Customer C-18622","SW-COMM-8YD","04/08/23",15142
"Customer C-25388","SW-COMM-6","02/28/2024",14094
"Customer C-08114","SW-ROLLOFF-20YD","08/09/21",40672
"Customer C-39659","SW-FL-2YD","2021-11-24",4533
"Customer C-24476","SW-RO-30","12/26/23",50963
"Customer C-30358","SW-COMM-6","06/10/22",18619
"Customer C-43423","SW-RO-20","02/18/2021",42573
"Customer C-04814","SW-ROLLOFF-20YD","07/02/2024",38399
"Customer C-43291","SW-ROLLOFF-20YD","08/08/23",40685
"Customer C-25004","SW-COMM-6YD","2020-08-15",10718
"Customer C-30472","SW-COMM-4YD","2022-03-25",16038
"Customer C-40740","SW-COMM-8YD","26-Sep-24",21477
"Customer C-22263","SW-FL-8YD","17-Oct-24",17176
"Customer C-21759","SW-COMM-4","11/02/2019",14059
"Customer C-35625","SW-COMM-2","04/10/2024",7829
"Customer C-17772","SW-ROLLOFF-10YD","04/11/2024",29871
"Customer C-24805","SW-COMM-2YD","2019-04-09",11721
"Customer C-42155","SW-RO-10","09/07/2019",28822
"Customer C-30558","SW-FL-8YD","07/22/2024",21238
"Customer C-07696","SW-RO-30YD","09/11/21",47596
"Customer C-44252","SW-ROLLOFF-10YD","2023-08-17",27529
"Customer C-38929","SW-ROLLOFF-20YD","09/27/20",39293
"Customer C-15897","SW-FL-2YD","13-Jun-19",13858
"Customer C-26176","SW-COMM-2","18-Jun-24",5381
"Customer C-43666","SW-COMM-6YD","09/10/19",11921
"Customer C-06282","SW-RO-20","05/19/21",35680
"Customer C-26134","NOPE-1","04/23/2024",63447
"Customer C-42977","SW-RES-1-M","09/17/2019",40770
"Customer C-21929","SW-RES-1-M","2020-10-21",7249
"Customer C-19468","SW-FL-4YD","2024-06-20",15394
"Customer C-40712","SW-RO-40","2023-10-27",60206
"Customer C-14920","SW-RO-40YD","01-Sep-24",59095
"Customer C-28040","SW-RO-40YD","2023-05-09",63231
"Customer C-09798","SW-RO-10","11/21/24",34984
"Customer C-15411","SW-RES-1-BW","2021-05-25",50266
"Customer C-10677","SW-COMM-6","06/05/19",16086
"Customer C-05782","SW-COMM-4YD","08/12/2020",12094
"Customer C-30971","SW-COMM-8YD","10/09/2020",19458
"Customer C-01939","SW-RO-10YD","06/17/24",29688
"Customer C-28068","SW-COMM-8YD","02/13/22",13818
"Customer C-30530","SW-RO-40","13-Nov-20",60540
"Customer C-16327","SW-COMM-2","08/23/2021",4166
"Customer C-18187","SW-FL-2YD","11-Jan-20",11676
"Customer C-01147","SW-RO-30","03/06/2020",51880
"Customer C-43571","SW-COMM-8YD","11/22/2019",21153
"Customer C-19854","SW-RES-1-M","06/05/2021",15820
"Customer C-37057","SW-RO-40","06/16/24",55577
"Customer C-33355","SW-RO-40","07/25/2021",62040
"Customer C-31926","SW-FL-4YD","12/09/2020",13991
"Customer C-13562","SW-RO-10","07-Oct-21",33568
"Customer C-40235","SW-COMM-4YD","16-Jan-19",11500
"Customer C-18297","SW-RES-1-BW","03-Dec-21",20275
"Customer C-40896","SW-COMM-8","24-Apr-21",17355
"Customer C-31755","SW-FL-4YD","2022-08-15",10783
"Customer C-13632","SW-COMM-2","18-Dec-22",12096
"Customer C-22134","SW-COMM-8YD","04/05/19",18491
"Customer C-09813","SW-RO-20","07/06/22",40622
"Customer C-26445","SW-FL-6YD","04-Feb-24",17216
"Customer C-28351","SW-RO-20","06/07/2019",41621
"Customer C-22850","SW-RO-40YD","2020-12-02",55834
"Customer C-09763","SW-FL-8YD","04/27/2022",19326
"Customer C-40237","SW-RO-20YD","06/11/19",38150
"Customer C-30896","SW-COMM-4YD","10/08/21",15741
"Customer C-41639","SW-RES-1-M","2019-10-17",31279
"Customer C-02700","SW-RO-30YD","21-Feb-20",46144
"Customer C-32475","SW-COMM-8YD","06/27/22",22548
"Customer C-17519","SW-RO-20YD","04/06/2019",44612
"Customer C-39003","SW-RO-10YD","12/07/2023",29325
"Customer C-35872","SW-ROLLOFF-10YD","2020-05-26",34756
"Customer C-15280","SW-XX-99YD","11/18/2020",45470
"Customer C-26054","SW-RO-30","03/09/2023",47989
"Customer C-00028","SW-COMM-6YD","12/22/2021",17009
"Customer C-00645","SW-RO-30","28-May-24",45664
"Customer C-10940","SW-COMM-4YD","10/26/2019",8424
"Customer C-43741","SW-RO-20YD","09/19/2024",44752
"Customer C-11138","SW-ROLLOFF-30YD","04/07/21",49987
"Customer C-02656","SW-COMM-2YD","06-Feb-22",4970
"Customer C-24891","SW-ROLLOFF-10YD","16-Nov-20",26353
"Customer C-08881","SW-RO-40","07/23/21",64516
"Customer C-10556","SW-COMM-2","2020-05-12",4324
"Customer C-33305","SW-COMM-6","07-Jul-21",15273
"Customer C-01310","SW-COMM-8","12/07/2021",13031
"Customer C-27969","SW-ROLLOFF-10YD","2024-11-15",29419
"Customer C-17590","SW-FL-8YD","2024-02-01",21351
"Customer C-26848","SW-FL-2YD","2024-10-05",12316
"Customer C-12087","SW-COMM-2YD","2020-02-03",7658
"Customer C-18538","SW-COMM-4YD","25-May-20",10904
"Customer C-39862","SW-RO-30YD","2021-07-07",54968
"Customer C-44702","SW-ROLLOFF-10YD","08/10/22",34177
"Customer C-38662","SW-FL-6YD","07/16/2019",18507
"Customer C-11717","SW-RO-40YD","05/13/2021",62102
"Customer C-32728","SW-RO-20","12/09/2021",43237
"Customer C-43266","SW-COMM-2","01/18/2022",8097
"Customer C-36528","SW-ROLLOFF-10YD","05/17/24",26646
"Customer C-22210","SW-ROLLOFF-40YD","09/25/2021",62934
"Customer C-10058","SW-FL-2YD","2021-03-21",13124
"Customer C-42798","SW-RO-30","2024-11-26",48388
"Customer C-20610","SW-FL-4YD","2023-01-11",7489
"Customer C-08315","SW-RO-10","12/16/2023",29731
"Customer C-44199","SW-RO-20","08/05/2019",43976
"Customer C-22908","SW-ROLLOFF-40YD","10/23/2022",62075
"Customer C-39080","SW-ROLLOFF-40YD","28-Sep-23",56132
"Customer C-42595","SW-COMM-8YD","21-Aug-21",13994
"Customer C-20130","SW-COMM-XX","08/05/24",53837
"Customer C-05868","SW-RO-40","05/23/2024",56053
"Customer C-25079","SW-COMM-6YD","03/16/22",11430
"Customer C-13456","SW-COMM-6","2022-02-26",15384
"Customer C-12972","SW-COMM-6YD","18-Oct-20",18315
"Customer C-41300","SW-RO-40YD","02/05/2023",63351
"Customer C-30924","SW-COMM-2","07/27/2020",9314
"Customer C-07806","SW-COMM-2","2020-03-23",11631
"Customer C-37495","SW-COMM-6YD","22-Apr-24",11416
"Customer C-39268","SW-FL-6YD","10/24/23",14756
"Customer C-29317","SW-COMM-6","15-Jan-23",17295
"Customer C-43554","SW-RO-40YD","12/25/2020",62096
"Customer C-25364","SW-RO-30","01/22/2023",45929
"Customer C-02092","OLD-SVC-7","02/28/21",28387
"Customer C-31628","SW-FL-8YD","19-Oct-23",15858
"Customer C-00312","SW-COMM-XX","08/15/2023",16857
"Customer C-34128","SW-RES-1-W","2022-03-22",19677
"Customer C-17542","SW-ROLLOFF-30YD","18-Jan-24",54155
"Customer C-27824","SW-COMM-8","10/26/20",21767
"Customer C-20603","SW-COMM-8YD","03/15/2023",17334
"Customer C-37704","SW-RO-30","07/05/19",45368
"Customer C-35087","SW-ROLLOFF-10YD","2022-11-26",29535
"Customer C-26893","SW-RO-30","2019-07-13",50764
"Customer C-42073","SW-RES-1-W","11/09/2019",16523
"Customer C-26129","SW-RO-40","10/17/2020",56650
"Customer C-04517","OLD-SVC-7","2022-02-02",26599
"Customer C-35448","SW-COMM-2","01/26/2019",6639
"Customer C-16630","SW-ROLLOFF-30YD","04/24/24",50649
"Customer C-08978","SW-COMM-8","07/02/2023",22685
"Customer C-35480","SW-ROLLOFF-40YD","05/21/2024",60202
"Customer C-24806","SW-COMM-6","02/15/2021",14802
"Customer C-33352","SW-COMM-6YD","07/02/2022",19387
"Customer C-18178","SW-RO-20","12/04/2022",37440
"Customer C-12562","SW-COMM-6YD","03/23/2020",18630
"Customer C-21077","SW-RO-10","09/18/2021",25377
"Customer C-27482","SW-COMM-6","13-Nov-20",12992
"Customer C-16729","SW-ROLLOFF-30YD","19-Apr-20",51111
"Customer C-35955","SW-ROLLOFF-10YD","02/07/20",32899
"Customer C-32487","SW-FL-2YD","01-Jul-23",5260
"Customer C-14926","SW-RO-20","02/19/20",37343
"Customer C-00503","SW-ROLLOFF-40YD","2019-06-14",56040
"Customer C-12275","SW-RO-20YD","2023-02-01",39343
"Customer C-34251","SW-FL-4YD","2020-08-26",14393
"Customer C-01389","SW-FL-4YD","09/14/21",11099
"Customer C-00616","SW-ROLLOFF-30YD","02-Mar-20",54107
"Customer C-11957","SW-XX-99YD","15-Feb-19",62382
"Customer C-43784","SW-ROLLOFF-40YD","2024-11-13",55418
"Customer C-18557","SW-RO-40","10/04/20",61493
"Customer C-09304","SW-COMM-2YD","2020-11-25",12802
"Customer C-40699","SW-RO-10YD","07/02/2022",27282
"Customer C-06476","SW-COMM-6YD","2024-01-12",17176
"Customer C-30486","SW-RO-20YD","01/14/2021",39860
"Customer C-28610","LEGACY-CODE","10/17/20",10619
"Customer C-07437","SW-RO-10YD","27-Jul-20",30447
"Customer C-11793","SW-RO-20","11/15/2021",41263
"Customer C-41543","SW-ROLLOFF-20YD","03/17/2020",42790
"Customer C-39798","SW-RO-10YD","2020-08-06",34698
"Customer C-21358","SW-RO-40","04/13/21",55495
"Customer C-27661","SW-COMM-6YD","05/28/2020",11441
"Customer C-15819","SW-COMM-6YD","17-Mar-22",19199
"Customer C-22927","SW-XX-99YD","05-Jun-20",53546
"Customer C-26736","SW-ROLLOFF-10YD","06/02/21",34434
"Customer C-16627","SW-COMM-2YD","10/27/2020",6987
"Customer C-27223","SW-ROLLOFF-10YD","03/17/22",27933
"Customer C-11702","SW-RES-1-M","11/13/23",11217
"Customer C-20419","SW-COMM-6","2019-05-08",14441
"Customer C-36386","SW-COMM-XX","05/10/20",51816
"Customer C-38978","SW-RO-30","2019-12-09",54655
"Customer C-03471","SW-ROLLOFF-40YD","03/03/20",62800
"Customer C-20822","SW-COMM-6","2021-02-11",16684
"Customer C-25071","SW-ROLLOFF-40YD","10/09/2020",62008
"Customer C-11440","SW-FL-8YD","2021-09-20",15057
"Customer C-10508","OLD-SVC-7","02/06/22",32288
"Customer C-31882","SW-FL-4YD","05/18/22",16052
"Customer C-40180","SW-RO-10","07/02/22",27313
"Customer C-04211","SW-RO-10YD","10/12/2024",34827
"Customer C-23199","SW-RO-30YD","03/20/19",54799
"Customer C-31595","SW-COMM-8YD","09/19/22",14854
"Customer C-03386","SW-RO-30","2024-04-11",48970
"Customer C-06009","LEGACY-CODE","07/12/2022",29597
"Customer C-12359","SW-COMM-6YD","17-Nov-22",14868
"Customer C-28019","SW-RO-30YD","12/09/2024",51244
"Customer C-03984","NOPE-1","09/12/2022",9243
"Customer C-03679","SW-RO-40YD","2021-07-21",58369
"Customer C-01050","SW-ROLLOFF-40YD","03-Jun-19",56744
"Customer C-41764","SW-RO-10YD","04-Apr-20",26110
"Customer C-16028","SW-FL-8YD","01/15/2023",16823
"Customer C-10007","SW-ROLLOFF-10YD","06/15/2023",27106
"Customer C-31628","SW-RO-40YD","01/08/2020",62867
"Customer C-20287","SW-ROLLOFF-30YD","12/10/2023",45674
"Customer C-36520","SW-FL-2YD","05/25/2022",5416
"Customer C-16537","SW-RO-20","12/06/21",44534
"Customer C-37978","SW-COMM-2YD","12/06/21",12029
"Customer C-18551","SW-COMM-8","12/07/2022",18123
"Customer C-39346","SW-FL-2YD","10/08/2020",5395
"Customer C-28202","SW-RO-40","11/22/2021",62818
"Customer C-29591","SW-COMM-2YD","02/26/2024",4626
"Customer C-28928","SW-COMM-6","06/09/2023",15548
"Customer C-15465","SW-COMM-6","2020-12-09",13346
"Customer C-32020","SW-COMM-4","04-Dec-20",15810
"Customer C-06347","SW-ROLLOFF-10YD","27-Jan-24",33413
"Customer C-23389","SW-COMM-8","12/26/2024",22467
"Customer C-01596","SW-COMM-2","12/16/2021",11504
"Customer C-05674","SW-RO-40","05/18/23",59769
"Customer C-12257","SW-RO-20","2022-09-06",42432
"Customer C-15471","SW-RO-30","2024-06-25",45784
"Customer C-09489","SW-RO-10YD","2021-10-08",25893
"Customer C-08123","SW-COMM-4","2019-06-13",13071
"Customer C-08989","SW-RO-30","2020-12-25",53866
"Customer C-21507","SW-COMM-8YD","2020-10-11",19769
"Customer C-29889","NOPE-1","09/17/2021",28941
"Customer C-20196","SW-RO-20","06-Jul-22",38369
"Customer C-11163","SW-RO-30","13-Oct-22",53632
"Customer C-41674","SW-ROLLOFF-30YD","07/08/2023",46264
"Customer C-40201","SW-COMM-8YD","01/21/23",17474
"Customer C-26457","SW-RO-20YD","2024-12-01",43980
"Customer C-36668","SW-COMM-4","07/11/2023",9101
"Customer C-39355","SW-RO-30","05/13/19",52907
"Customer C-39950","SW-RO-20","2021-06-07",38751
"Customer C-26192","SW-RO-20","13-May-19",40604
"Customer C-10420","SW-RES-1-BW","02-Apr-19",17861
"Customer C-36222","SW-RO-30YD","10-Sep-23",54269
"Customer C-13580","SW-ROLLOFF-40YD","10/19/21",57610
"Customer C-14445","SW-RO-30YD","2022-02-21",50723
"Customer C-16214","SW-ROLLOFF-40YD","2023-06-11",55772
"Customer C-15785","SW-FL-4YD","2021-02-03",15500
"Customer C-15683","SW-FL-4YD","01/14/21",7007
"Customer C-23594","LEGACY-CODE","2022-01-03",16153
"Customer C-11772","SW-RO-10","2022-03-09",30346
"Customer C-37979","SW-COMM-2YD","12/13/2020",8087
"Customer C-00701","SW-COMM-6","10/02/23",10985
"Customer C-39711","SW-ROLLOFF-20YD","05/01/2024",38491
"Customer C-39039","SW-COMM-6YD","2020-03-06",17670
"Customer C-12574","SW-RO-10YD","05/08/21",33081
"Customer C-28583","SW-COMM-4YD","2020-05-07",9446
"Customer C-30024","SW-COMM-8","16-Jul-22",16916
"Customer C-34536","SW-RO-40YD","2024-07-25",63524
"Customer C-32024","SW-RO-40","06/28/23",61674
"Customer C-19156","SW-COMM-XX","2019-08-25",47201
"Customer C-34707","SW-COMM-8","05/11/2020",18493
"Customer C-23185","SW-RES-1-M","09/08/2019",40396
"Customer C-33374","SW-COMM-8","05/03/2020",18370
"Customer C-07811","SW-ROLLOFF-20YD","02/18/2021",40859
"Customer C-11337","SW-COMM-6YD","07/18/24",18102
"Customer C-14831","SW-FL-4YD","10/07/2023",15682
"Customer C-03582","SW-COMM-4YD","22-Nov-24",13405
"Customer C-39085","SW-COMM-8","02/21/2022",15190
"Customer C-42190","SW-ROLLOFF-30YD","11/01/2024",49420
"Customer C-24118","SW-RO-20","08/24/24",37927
"Customer C-32938","SW-COMM-8","2021-11-28",22036
"Customer C-35285","SW-FL-4YD","06/14/2022",14367
"Customer C-25234","SW-ROLLOFF-40YD","09/14/2021",58955
"Customer C-24107","SW-COMM-6YD","2022-08-15",10050
"Customer C-09926","SW-RO-10YD","03-May-24",31801
"Customer C-12959","SW-XX-99YD","01/25/20",35156
"Customer C-33424","SW-ROLLOFF-10YD","10/17/2022",26329
"Customer C-18169","SW-ROLLOFF-40YD","18-Sep-21",62295
"Customer C-25741","SW-FL-4YD","12/20/2020",7173
"Customer C-11902","SW-RO-20YD","10-Jan-24",35825
"Customer C-38329","SW-COMM-4YD","06/06/20",11483
"Customer C-11459","SW-RO-20","05/15/2020",44554
"Customer C-34821","SW-RO-40","2024-07-24",62022
"Customer C-37085","SW-COMM-2","01/19/22",11760
"Customer C-34722","SW-RO-30","2020-04-13",50307
"Customer C-10106","SW-RO-10YD","12-Feb-19",26486
"Customer C-22579","SW-RES-1-BW","25-Sep-21",48231
"Customer C-13432","SW-RO-20YD","11/10/2022",41150
"Customer C-14064","SW-COMM-6YD","03/26/20",19469
"Customer C-42914","SW-COMM-6YD","04/11/21",13188
"Customer C-06864","SW-RO-30YD","05/13/22",45181
"Customer C-29297","SW-FL-2YD","03/23/23",9646
"Customer C-30750","SW-RO-10YD","2019-10-28",25601
"Customer C-18053","SW-RO-10","27-Oct-23",26747
"Customer C-03486","SW-COMM-8","2021-08-28",14108
"Customer C-37465","SW-COMM-8YD","2020-05-20",15151
"Customer C-43092","SW-RO-10","04/01/2019",32633
"Customer C-24289","SW-FL-6YD","2024-12-04",18075
"Customer C-34789","SW-RO-30YD","2019-05-24",46129
"Customer C-16058","NOPE-1","2023-11-02",8269
"Customer C-39505","SW-FL-4YD","26-Nov-19",15892
"Customer C-06621","SW-ROLLOFF-30YD","10/06/24",49959
"Customer C-30338","SW-FL-8YD","07/14/21",18456
"Customer C-20634","SW-ROLLOFF-40YD","01/23/2021",61278
"Customer C-32054","SW-RO-20YD","04/12/2022",35576
"Customer C-13479","SW-COMM-6","12/26/2021",12945
"Customer C-09212","SW-COMM-6YD","10/02/20",11127
"Customer C-38110","SW-RES-1-M","2021-08-17",13046
"Customer C-04186","SW-FL-6YD","12-Oct-20",19268
"Customer C-28254","SW-COMM-8","2021-01-27",18731
"Customer C-10864","SW-RO-20","01/13/2020",35607
"Customer C-41247","SW-ROLLOFF-20YD","10-Jun-22",41427
"Customer C-14899","SW-ROLLOFF-40YD","2024-09-25",58104
"Customer C-00467","SW-ROLLOFF-40YD","10/19/2022",55219
"Customer C-24074","SW-RES-1-W","09/21/2021",57148
"Customer C-42865","SW-RO-20YD","08/05/2021",38907
"Customer C-26843","SW-RO-30YD","01/10/2021",51922
"Customer C-15366","SW-RES-1-BW","2024-03-26",25950
"Customer C-43970","SW-RO-10","2020-04-20",27260
"Customer C-31232","SW-RES-1-W","12/10/2021",13210
"Customer C-23488","SW-RES-1-M","2024-11-23",53632
"Customer C-28229","SW-FL-2YD","07/14/2019",9664
"Customer C-31258","SW-RO-20YD","11/12/2021",38247
"Customer C-16901","SW-XX-99YD","08/21/21",59082
"Customer C-43253","SW-COMM-8","2021-02-20",19367
"Customer C-20119","SW-FL-8YD","10/12/2019",19257
"Customer C-41632","SW-FL-6YD","02/20/2020",14790
"Customer C-05903","SW-FL-4YD","08/12/20",13927
"Customer C-07364","SW-COMM-2","28-Jul-19",12314
"Customer C-25843","SW-ROLLOFF-30YD","08-Dec-24",52171
"Customer C-03980","SW-RO-10YD","02-Jul-21",29132
"Customer C-43282","SW-FL-6YD","12/20/19",12569
"Customer C-15121","SW-COMM-4","01/06/2019",10137
"Customer C-36827","SW-RO-20","12/28/2023",42909
"Customer C-21929","SW-COMM-4YD","11/11/2022",7598
"Customer C-30051","SW-COMM-6","24-Jun-19",18697
"Customer C-17339","SW-RO-10YD","24-Jun-22",31801
"Customer C-33794","SW-RO-40","05/22/22",55157
"Customer C-01136","SW-COMM-4YD","16-Jul-21",10516
"Customer C-29266","SW-COMM-4","10/05/2020",10174
"Customer C-02609","SW-ROLLOFF-30YD","2020-10-15",50550
"Customer C-16912","SW-RO-10","10/24/24",28732
"Customer C-30239","SW-COMM-6","02/11/2020",17461
"Customer C-16796","SW-RO-40YD","2019-03-15",58067
"Customer C-36508","SW-RO-10YD","11/15/2021",26820
"Customer C-02682","SW-RO-40","12/12/19",59196
"Customer C-12528","SW-COMM-6","2023-12-28",18579
"Customer C-00381","SW-FL-4YD","09/13/2021",12661
"Customer C-40150","SW-ROLLOFF-10YD","12/23/2019",25018
"Customer C-30527","SW-RO-10","01/14/2022",26729
"Customer C-18041","SW-FL-2YD","2022-09-15",10095
"Customer C-22826","SW-FL-6YD","04-Mar-20",12064
"Customer C-28060","SW-RO-20","11/06/2024",41710
"Customer C-14465","SW-ROLLOFF-30YD","01/17/2020",50853
"Customer C-43891","SW-ROLLOFF-40YD","08/28/21",62221
"Customer C-35720","SW-FL-8YD","11/03/2020",16684
"Customer C-37987","SW-COMM-8","05/03/21",16738
"Customer C-39995","SW-RO-30","09/08/24",54284
"Customer C-41007","SW-FL-8YD","01/11/2023",15617
"Customer C-22328","SW-RO-30","25-Nov-24",46095
"Customer C-40158","SW-RO-30","10/20/2021",53577
"Customer C-20827","SW-RO-40YD","08/18/2019",62614
"Customer C-34170","SW-COMM-8","2023-07-17",16534
"Customer C-22983","SW-ROLLOFF-40YD","04-Jun-22",57354
"Customer C-02595","SW-RO-40YD","06/19/2019",61921
"Customer C-34446","SW-RO-30YD","24-Jan-19",53298
"Customer C-32077","SW-ROLLOFF-30YD","09/01/2021",47030
"Customer C-39474","SW-COMM-XX","05/04/2021",13686
"Customer C-26232","SW-ROLLOFF-40YD","2024-11-13",57276
"Customer C-11472","SW-RO-30YD","2021-11-12",47049
"Customer C-09518","SW-RO-30YD","2023-11-05",49801
"Customer C-05425","SW-ROLLOFF-10YD","07/15/2023",31198
"Customer C-11608","SW-RO-30","09-Jul-21",53101
"Customer C-43611","SW-RO-40YD","06/27/2020",57604
"Customer C-42844","SW-RO-20","09/13/2023",38715
"Customer C-24102","SW-RES-1-BW","13-Mar-24",52597
"Customer C-07320","SW-RO-40YD","12/26/22",58116
"Customer C-05373","SW-FL-6YD","12/08/2024",16553
"Customer C-18848","LEGACY-CODE","2021-05-19",9580
"Customer C-10472","SW-RO-30","02/12/23",46118
"Customer C-36708","SW-COMM-8YD","03/26/20",18369
"Customer C-04578","OLD-SVC-7","09/15/2020",29562
"Customer C-29812","SW-RO-20YD","06/08/2020",39585
"Customer C-23598","OLD-SVC-7","2022-09-14",63697
"Customer C-04500","SW-RO-20","05/24/2023",39024
"Customer C-24656","SW-COMM-4YD","06/11/2021",8134
"Customer C-27978","SW-ROLLOFF-20YD","06/23/2019",36905
"Customer C-32820","SW-RO-10YD","09/20/2023",30511
"Customer C-20366","SW-ROLLOFF-30YD","26-Jun-21",51121
"Customer C-28417","SW-FL-4YD","04-Aug-21",7870
"Customer C-44641","SW-COMM-6","02/22/2024",10195
"Customer C-41612","SW-RO-40","04-Aug-21",59297
"Customer C-31681","SW-RO-10","03-Jan-21",25263
"Customer C-19380","SW-COMM-6","08-Dec-20",13813
"Customer C-28813","SW-COMM-2","2023-07-12",4996
"Customer C-32113","SW-RO-40YD","26-Mar-20",60837
"Customer C-26160","SW-COMM-2YD","2021-08-16",7290
"Customer C-26870","SW-COMM-XX","2021-05-17",41992
"Customer C-19514","SW-RO-30","02/10/22",47841
"Customer C-01000","SW-RO-30YD","07/03/2023",52147
"Customer C-03842","SW-ROLLOFF-40YD","09-Jul-24",63193
"Customer C-06311","SW-RO-10YD","03/22/2024",34142
"Customer C-30417","SW-RO-10YD","01/02/22",30442
"Customer C-11275","SW-ROLLOFF-40YD","06-Sep-20",55042
"Customer C-32291","SW-ROLLOFF-20YD","2019-07-07",37453
"Customer C-03042","SW-RO-10","11/27/2023",25363
"Customer C-10690","SW-COMM-2","09/04/2020",5103
"Customer C-19719","SW-COMM-6","04/15/2024",12009
"Customer C-04105","SW-COMM-2","07-Oct-24",10691
"Customer C-25739","SW-FL-8YD","2023-09-15",21699
"Customer C-04801","SW-RO-20","10/11/2022",38369
"Customer C-42140","SW-FL-6YD","11/18/2020",14089
"Customer C-39549","SW-COMM-6YD","04/19/20",19207
"Customer C-32188","SW-COMM-8","03/14/2023",14455
"Customer C-39506","SW-COMM-6","05/20/2020",12983
"Customer C-26869","SW-FL-8YD","04/09/2023",17071
"Customer C-20180","SW-FL-8YD","2020-01-23",18774
"Customer C-08411","SW-FL-2YD","04/03/2021",8356
"Customer C-24365","NOPE-1","01/28/2023",13799
"Customer C-16121","SW-ROLLOFF-20YD","2021-08-12",36116
"Customer C-13354","SW-COMM-8YD","12-Jul-23",17593
"Customer C-11034","SW-RO-40YD","09/19/2020",55805
"Customer C-39220","SW-RES-1-W","2019-09-10",18291
"Customer C-19359","SW-COMM-6YD","11/06/2019",11746
"Customer C-22258","SW-COMM-8YD","08/14/19",22854
"Customer C-22635","SW-RO-10","12/17/2019",32456
"Customer C-36439","SW-RES-1-M","2019-03-24",11426
"Customer C-32975","SW-FL-2YD","07/26/2024",8694
"Customer C-01942","SW-ROLLOFF-10YD","10/15/24",28270
"Customer C-35297","SW-RO-40YD","12-Feb-21",63733
"Customer C-16943","SW-RES-1-BW","01/10/2021",15264
"Customer C-09476","SW-COMM-4","2023-04-17",15371
"Customer C-19441","SW-FL-2YD","14-Aug-22",11532
"Customer C-33249","SW-RO-20YD","26-Jan-19",42168
"Customer C-16542","SW-RES-1-BW","01-Jun-19",11958
"Customer C-12382","SW-RES-1-M","15-Jan-19",18352
"Customer C-38111","SW-RO-30","07/21/20",49977
"Customer C-44976","SW-COMM-2YD","2022-04-08",10630
"Customer C-23488","SW-RO-30","2023-08-25",47761
"Customer C-25052","SW-COMM-4YD","07/12/2020",14185
"Customer C-08522","SW-COMM-8","01/01/2021",14139
"Customer C-22815","SW-COMM-8YD","20-Jan-21",16078
"Customer C-39039","SW-FL-4YD","03/26/2020",11764
"Customer C-16249","SW-RO-40","2021-12-26",60651
"Customer C-32610","SW-COMM-2","2024-06-14",7314
"Customer C-20173","SW-RES-1-M","2019-08-04",11621
"Customer C-02543","SW-ROLLOFF-20YD","08-Apr-19",37836
"Customer C-08202","SW-ROLLOFF-30YD","2019-07-26",46079
"Customer C-25286","SW-COMM-2","08/09/2019",13366
"Customer C-38408","SW-FL-4YD","10/18/2024",9448
"Customer C-30371","SW-COMM-6","06/12/2024",13840
"Customer C-00978","SW-RO-40","05/26/2023",60976
"Customer C-42975","SW-ROLLOFF-40YD","01-Aug-19",63926
"Customer C-13336","SW-RO-30","2019-12-16",50302
"Customer C-32353","LEGACY-CODE","2020-08-01",11490
"Customer C-11469","SW-RO-10YD","04/26/2020",34066
"Customer C-12113","SW-ROLLOFF-40YD","01/06/23",55519
"Customer C-31082","SW-RO-40YD","26-May-20",63765
"Customer C-11724","SW-ROLLOFF-20YD","07/05/23",37046
"Customer C-17633","SW-FL-6YD","02/16/2023",14263
"Customer C-38480","SW-ROLLOFF-10YD","08/21/2024",34197
"Customer C-16872","SW-RES-1-BW","06-May-20",13480
"Customer C-13233","SW-RO-10","2021-02-27",28700
"Customer C-02408","SW-RO-30YD","2024-08-22",50913
"Customer C-33401","SW-FL-2YD","12/28/22",12624
"Customer C-05282","SW-RO-40YD","2021-02-02",63251
"Customer C-04743","SW-COMM-2YD","03/22/2024",13419
"Customer C-29016","SW-ROLLOFF-20YD","2019-06-23",41024
"Customer C-14734","SW-RO-30YD","06/02/2021",54019
"Customer C-34450","SW-COMM-6","05-May-20",13280
"Customer C-31877","LEGACY-CODE","2020-09-21",33295
"Customer C-23425","SW-COMM-6YD","07-Aug-20",17869
"Customer C-26558","SW-RO-10","13-Sep-22",33178
"Customer C-32098","SW-FL-4YD","06/15/2023",16997
"Customer C-31777","SW-RO-10YD","2019-10-08",30944
"Customer C-34495","SW-RO-20","23-Feb-20",38067
"Customer C-27504","SW-FL-6YD","05/06/20",18772
"Customer C-39169","SW-FL-6YD","12/03/2020",18815
"Customer C-06749","SW-RO-40YD","01/04/20",62846
"Customer C-06478","SW-RO-30","04/16/2023",46917
"Customer C-38775","SW-FL-8YD","20-Aug-20",16256
"Customer C-43680","SW-RO-40","02/28/2023",60151
"Customer C-14961","SW-COMM-4YD","08-Oct-24",13817
"Customer C-42371","SW-RES-1-BW","01/15/2022",6752
"Customer C-32566","SW-RO-40","20-Jan-23",59049
"Customer C-38880","SW-COMM-6YD","2021-02-23",19047
"Customer C-35820","SW-ROLLOFF-10YD","01/14/2019",34486
"Customer C-37466","SW-RO-30","2022-08-15",48157
"Customer C-22618","SW-ROLLOFF-20YD","11/27/2021",36861
"Customer C-17534","SW-FL-2YD","2020-12-05",7132
"Customer C-22772","SW-COMM-8YD","2024-05-21",15374
"Customer C-02302","SW-ROLLOFF-40YD","05-Jan-24",61733
"Customer C-26831","SW-COMM-2YD","05/15/2024",12668
"Customer C-26084","SW-RO-20YD","2019-08-14",36120
"Customer C-13073","SW-COMM-6YD","12/23/22",19771
"Customer C-08638","SW-COMM-6","28-Sep-19",14930
"Customer C-12945","SW-ROLLOFF-30YD","2021-04-28",46801
"Customer C-10523","SW-ROLLOFF-10YD","12/15/2022",26785
"Customer C-25682","SW-RO-40YD","04/20/2023",62675
"Customer C-26875","SW-ROLLOFF-20YD","16-Aug-22",43146
"Customer C-15513","SW-RO-20","2022-06-18",37651
"Customer C-17853","SW-ROLLOFF-40YD","23-Dec-19",60886
"Customer C-09527","SW-ROLLOFF-10YD","01/10/20",33916
"Customer C-06055","SW-RO-40","02/25/2019",60461
"Customer C-43300","SW-COMM-6YD","12/09/2021",10767
"Customer C-07529","SW-RES-1-BW","08/20/23",11895
"Customer C-38127","SW-COMM-6YD","08/03/2020",14353
"Customer C-15164","SW-COMM-2","24-Apr-23",7100
"Customer C-43819","SW-RO-20","13-Mar-20",40845
"Customer C-07471","SW-COMM-6","02/19/20",19280
"Customer C-08848","SW-RO-30","28-May-21",54614
"Customer C-39066","SW-COMM-2","2021-01-19",8915
"Customer C-16469","SW-COMM-6","2019-06-13",16282
"Customer C-44417","SW-RO-10YD","2020-02-28",32584
"Customer C-31170","NOPE-1","05/01/23",19640
"Customer C-19343","SW-RO-20","08/06/2024",40048
"Customer C-19161","SW-COMM-8","07/09/23",22887
"Customer C-43230","SW-COMM-8","06/23/2021",14157
"Customer C-40272","SW-RO-40YD","11-Sep-19",58941
"Customer C-27527","SW-COMM-4","04/14/2021",7580
"Customer C-08582","SW-COMM-6","03/26/23",13757
"Customer C-37246","SW-ROLLOFF-30YD","28-Jul-21",49217
"Customer C-27716","SW-XX-99YD","06/15/2020",19295
"Customer C-37705","SW-COMM-2","12/13/2023",12205
"Customer C-39488","SW-FL-6YD","12/04/20",16584
"Customer C-31795","SW-COMM-4","08/24/2019",8563
"Customer C-25267","SW-ROLLOFF-10YD","20-Oct-23",30566
"Customer C-34827","SW-FL-6YD","26-May-22",16357
"Customer C-12949","SW-ROLLOFF-40YD","20-May-24",55205
"Customer C-17118","SW-RO-10","05/02/20",33139
"Customer C-20514","SW-ROLLOFF-30YD","01/28/2021",49512
"Customer C-28642","SW-RO-20YD","12/11/21",38243
"Customer C-40390","SW-COMM-8YD","11/03/2020",13390
"Customer C-21384","SW-ROLLOFF-20YD","04-Jun-22",39541
"Customer C-03993","SW-RO-30YD","2024-02-12",45512
"Customer C-18885","SW-RES-1-BW","11-Aug-20",52124
"Customer C-06031","SW-RO-30","11-Apr-19",48920
"Customer C-26620","SW-COMM-8YD","2020-04-23",20357
"Customer C-24941","SW-RO-20","01/04/2023",41662
"Customer C-26125","SW-COMM-2","11/01/2023",9468
"Customer C-13717","SW-COMM-6","2021-09-28",18106
"Customer C-26100","SW-ROLLOFF-20YD","13-Jun-21",37436
"Customer C-02392","SW-RES-1-M","2024-04-23",37670
"Customer C-42961","SW-RO-40YD","16-Jul-24",64235
"Customer C-12464","SW-RO-10","06/19/2021",30494
"Customer C-04846","SW-COMM-8YD","08/01/2021",17179
"Customer C-07594","SW-RO-10","03/02/20",30408
"Customer C-29220","SW-RO-20","09/02/23",41466
"Customer C-03068","SW-COMM-XX","12/24/2019",57352
"Customer C-34757","SW-XX-99YD","02/21/2019",21306
"Customer C-01035","SW-ROLLOFF-10YD","09/05/23",33483
"Customer C-09081","SW-RO-10","2023-11-04",30500
"Customer C-38170","SW-FL-2YD","2022-12-09",5782
"Customer C-02925","SW-RO-10","22-Feb-23",33976
"Customer C-07169","SW-FL-6YD","02-Dec-24",17147
"Customer C-44065","SW-COMM-2YD","05/02/2022",12570
"Customer C-08469","SW-COMM-6","05-Jan-24",12240
"Customer C-11738","SW-COMM-8YD","04-Jun-24",16318
"Customer C-41303","SW-FL-8YD","09/07/24",17680
"Customer C-40353","SW-RO-40","02-Dec-22",63273
"Customer C-38331","SW-COMM-4YD","04-Aug-19",11978
"Customer C-06714","SW-FL-2YD","08/09/19",8485
"Customer C-05087","SW-RO-40YD","09/17/2024",56182
"Customer C-31864","SW-RO-40","2021-01-28",60982
"Customer C-18424","SW-RO-20","05/06/22",40310
"Customer C-32400","SW-RO-30","2020-08-17",50205
"Customer C-25249","SW-XX-99YD","10-Sep-23",15035
"Customer C-05617","SW-FL-2YD","11/09/24",13567
"Customer C-20056","SW-FL-6YD","09/27/2020",15041
"Customer C-18355","SW-FL-8YD","05/13/2023",13680
"Customer C-09083","SW-RES-1-W","2019-01-10",38059
"Customer C-24720","SW-FL-8YD","01/16/2021",20300
"Customer C-12038","SW-RO-20YD","18-May-20",41200
"Customer C-29200","SW-RO-10YD","08/17/2023",25462
"Customer C-21638","SW-FL-6YD","20-Feb-20",17311
"Customer C-16665","SW-FL-8YD","2019-11-02",22090
"Customer C-28246","SW-FL-4YD","11/05/2024",10934
"Customer C-17838","SW-FL-6YD","12/26/2021",16395
"Customer C-11916","SW-COMM-XX","12/01/22",19588
"Customer C-42593","OLD-SVC-7","27-Oct-19",15703
"Customer C-38720","SW-RO-40YD","02/20/2019",58749
"Customer C-06973","SW-ROLLOFF-40YD","23-Jul-20",62007
"Customer C-15012","SW-FL-6YD","07/21/2019",16471
"Customer C-08208","SW-ROLLOFF-30YD","22-Jan-19",46912
"Customer C-00528","SW-ROLLOFF-10YD","06/13/24",33992
"Customer C-16148","OLD-SVC-7","12/09/2022",51516
"Customer C-15277","SW-COMM-6","12-Jun-23",18012
"Customer C-16842","SW-RO-20","06/03/2021",39351
"Customer C-23763","SW-COMM-8","05/18/2023",15574
"Customer C-23793","SW-ROLLOFF-10YD","04/04/2024",27559
"Customer C-17293","SW-COMM-XX","13-Nov-23",11254
"Customer C-05662","SW-ROLLOFF-20YD","2022-07-05",37732
"Customer C-32043","SW-COMM-8YD","04/19/2019",15992
"Customer C-40607","SW-ROLLOFF-40YD","10-May-23",61492
"Customer C-01302","SW-RO-20","12/23/2024",35125
"Customer C-16980","SW-COMM-8","19-May-19",19941
"Customer C-37449","SW-RO-30","07/28/2023",52637
"Customer C-44181","SW-COMM-6","08/26/2022",14669
"Customer C-42657","SW-FL-4YD","2019-01-13",7326
"Customer C-43663","SW-FL-2YD","2020-01-22",11988
"Customer C-36774","SW-COMM-6YD","10/03/20",13409
"Customer C-31384","SW-COMM-6","01/08/24",14782
"Customer C-05471","SW-RO-40","04/03/2024",64919
"Customer C-44732","SW-FL-8YD","11-Feb-19",18493
"Customer C-05304","SW-ROLLOFF-40YD","05/25/22",55780
"Customer C-01359","SW-RO-20YD","28-Apr-19",42785
"Customer C-44197","SW-COMM-2","2022-07-19",9969
"Customer C-34802","SW-ROLLOFF-20YD","17-Aug-23",37097
"Customer C-34555","SW-FL-6YD","01/26/2022",15634
"Customer C-18779","SW-COMM-2","2019-07-16",12184
"Customer C-16217","SW-RO-20","04-Dec-21",38342
"Customer C-05958","SW-ROLLOFF-40YD","03/02/21",56594
"Customer C-03551","SW-XX-99YD","2019-04-05",10253
"Customer C-20462","SW-FL-2YD","10/15/2022",8514
"Customer C-21120","SW-ROLLOFF-40YD","26-May-24",60064
"Customer C-34758","SW-COMM-2YD","2020-08-06",12094
"Customer C-37210","SW-RO-20YD","09/12/2022",41853
"Customer C-24941","SW-FL-2YD","03/19/2024",11365
"Customer C-34175","SW-COMM-8YD","10/21/2021",17715
"Customer C-40850","SW-RO-10YD","2022-11-16",33476
"Customer C-41036","SW-COMM-2YD","01/07/2022",9824
"Customer C-25991","SW-ROLLOFF-10YD","05/24/22",28274
"Customer C-44590","SW-FL-8YD","2022-02-19",14841
"Customer C-31025","SW-RO-40YD","02/06/24",62866
"Customer C-05325","SW-FL-4YD","05/02/2023",12598
"Customer C-21299","SW-FL-6YD","2022-09-07",18609
"Customer C-41368","SW-COMM-6YD","25-Jan-20",12909
"Customer C-28362","SW-FL-6YD","05/11/2019",17046
"Customer C-32677","SW-COMM-4","01/14/2020",12290
"Customer C-11238","SW-RO-40","2023-07-22",62156
"Customer C-44976","SW-ROLLOFF-30YD","11/24/2022",52865
"Customer C-27628","SW-COMM-XX","09/04/2019",9660
"Customer C-44950","SW-RO-40","12/28/2019",60912
"Customer C-25535","SW-COMM-6","11-Feb-24",10116
"Customer C-23518","SW-COMM-8YD","2022-04-01",22404
"Customer C-42482","SW-COMM-4","2022-08-20",14493
"Customer C-12206","SW-RO-20YD","04/20/2020",43218
"Customer C-08084","SW-ROLLOFF-10YD","09/08/2024",25382
"Customer C-05909","SW-RO-40","03/04/2021",60919
"Customer C-11928","SW-FL-4YD","11/15/2019",8119
"Customer C-31693","SW-COMM-8","07-Mar-19",15594
"Customer C-06423","SW-RO-20YD","05/10/2020",43304
"Customer C-29386","SW-COMM-2","2022-02-28",9979
"Customer C-08199","SW-COMM-2","03-Dec-21",8905
"Customer C-04332","SW-FL-6YD","2020-04-21",13182
"Customer C-16525","SW-RO-40YD","06/23/2024",63773
"Customer C-00741","SW-COMM-8","2019-03-08",18897
"Customer C-07077","SW-RO-30","2019-07-13",46016
"Customer C-14615","SW-RO-10","2021-10-03",33726
"Customer C-07926","SW-RES-1-W","2021-03-08",5171
"Customer C-01496","LEGACY-CODE","2023-03-06",14941
"Customer C-43233","SW-RO-10","01/21/19",29306
"Customer C-19183","SW-COMM-2YD","2020-10-10",4557
"Customer C-29439","SW-RO-10","2024-03-04",26093
"Customer C-30292","SW-RO-20","02/26/2020",43977
"Customer C-20935","SW-COMM-4YD","2024-04-11",11565
"Customer C-12523","SW-FL-6YD","09/25/21",15731
"Customer C-19484","LEGACY-CODE","08/04/19",11245
"Customer C-02501","SW-COMM-4YD","11/21/2020",13203
"Customer C-11163","SW-RO-40YD","2019-12-10",62898
"Customer C-21150","SW-COMM-4","2022-07-21",12972
"Customer C-07401","SW-COMM-8YD","08/05/23",13366
"Customer C-08559","SW-ROLLOFF-30YD","05/03/2021",46479
"Customer C-31796","SW-RO-40","08/25/2022",61905
"Customer C-12747","SW-COMM-6YD","27-May-22",18272
"Customer C-18416","SW-RES-1-W","2021-01-04",49331
"Customer C-40608","SW-RO-20","06/09/24",43391
"Customer C-12062","SW-RO-40","2020-10-14",55112
"Customer C-31841","SW-RO-10","02-Sep-22",30942
"Customer C-41497","SW-FL-4YD","12/13/20",11123
"Customer C-23541","SW-COMM-2YD","28-Nov-20",6009
"Customer C-23166","SW-COMM-8YD","08/12/2019",19684
"Customer C-43130","NOPE-1","07-Feb-21",48568
"Customer C-12770","SW-RO-30YD","02/21/22",50152
"Customer C-38560","SW-COMM-2YD","08/19/2023",4108
"Customer C-25098","SW-COMM-4","11/11/2021",7601
"Customer C-21249","SW-COMM-8","20-Nov-20",17118
"Customer C-17091","SW-ROLLOFF-20YD","11/21/2020",44075
"Customer C-23555","SW-COMM-2","2020-10-03",13579
"Customer C-01334","SW-ROLLOFF-10YD","2020-02-28",31859
"Customer C-18245","SW-COMM-2","01/01/2021",11956
"Customer C-40959","SW-FL-8YD","2019-03-18",22480
"Customer C-07827","SW-ROLLOFF-30YD","2022-08-24",53864
"Customer C-32367","SW-RO-10YD","2021-07-15",25735
"Customer C-15325","SW-COMM-2","2024-12-17",12863
"Customer C-32586","SW-COMM-2","02/28/22",7828
"Customer C-40045","SW-RO-20YD","2020-09-16",39389
"Customer C-35151","SW-COMM-6","05/02/2020",15177
"Customer C-11442","SW-COMM-4YD","2024-07-06",9944
"Customer C-01292","SW-COMM-4","08-Aug-23",10102
"Customer C-06612","SW-FL-8YD","05/11/2022",13717
"Customer C-11417","SW-ROLLOFF-10YD","02/09/2023",25655
"Customer C-40799","SW-FL-8YD","03/20/2024",17571
"Customer C-06321","SW-FL-2YD","18-Nov-19",8772
"Customer C-22225","SW-COMM-4","2024-10-28",12554
"Customer C-34656","SW-RO-10YD","13-Apr-23",26285
"Customer C-02852","SW-RO-40YD","01/09/2020",59821
"Customer C-34621","SW-RO-20","12/03/2023",41050
"Customer C-27243","SW-COMM-6","05/17/2021",12241
"Customer C-28149","SW-RO-20YD","2021-07-01",39016
"Customer C-32293","SW-ROLLOFF-20YD","14-Mar-21",41388
"Customer C-43294","SW-RES-1-BW","12/17/21",35398
"Customer C-20695","SW-COMM-2","2023-04-17",13843
"Customer C-31291","SW-ROLLOFF-10YD","06/18/2020",27948
"Customer C-18813","SW-COMM-8YD","09/10/2024",21626
"Customer C-15716","SW-FL-2YD","02/07/2023",12832
"Customer C-12917","SW-COMM-8YD","06/24/2022",14709
"Customer C-43484","SW-ROLLOFF-10YD","02/22/23",29095
"Customer C-05384","SW-RO-40","10/10/2019",61668
"Customer C-21949","SW-RO-10","01/23/2023",32779
"Customer C-14458","SW-RO-20","2021-01-08",44458
"Customer C-43953","SW-COMM-8","03/11/2024",14423
"Customer C-44940","SW-RO-10YD","10/16/2019",28953
"Customer C-30812","SW-COMM-2YD","01/07/19",11548
"Customer C-16035","SW-RO-30","09/19/2020",47506
"Customer C-17726","SW-COMM-4","10-Jul-23",11176
"Customer C-13766","SW-COMM-8YD","03-May-23",20947
"Customer C-34755","SW-RES-1-M","16-Nov-19",46523
"Customer C-39322","SW-FL-8YD","01/17/2020",20633
"Customer C-08668","SW-COMM-6","07/25/2024",19756
"Customer C-24653","SW-FL-2YD","2024-10-20",13313
"Customer C-08493","SW-RO-30","03/25/20",46574
"Customer C-36460","SW-RO-20","09/26/2022",36872
"Customer C-23323","SW-RES-1-W","01/15/2021",31083
"Customer C-40327","SW-COMM-8","01/25/2019",16683
"Customer C-02647","SW-COMM-6YD","2024-07-24",18582
"Customer C-28410","SW-FL-6YD","07/24/2019",14834
"Customer C-17913","SW-RO-10YD","12/10/19",31355
"Customer C-33554","SW-RO-30YD","11-Mar-20",52623
"Customer C-11953","SW-COMM-4YD","12/26/23",16694
"Customer C-24508","SW-RO-30","11-May-24",53250
"Customer C-32482","SW-RO-40","09/09/2023",59808
"Customer C-06590","SW-RO-30","2020-02-08",54404
"Customer C-23827","SW-RES-1-BW","2021-11-23",8171
"Customer C-29063","SW-FL-8YD","11/09/20",18081
"Customer C-39178","SW-COMM-2YD","02/20/2023",13196
"Customer C-33016","SW-FL-6YD","07/25/2020",14818
"Customer C-30936","SW-RO-20","12/23/2020",38765
"Customer C-00794","SW-ROLLOFF-10YD","08-May-23",33209
"Customer C-28757","SW-RO-30","12/28/19",47115
"Customer C-44444","SW-RO-20","06/22/2020",42545
"Customer C-19330","SW-ROLLOFF-40YD","2019-04-25",62864
"Customer C-39025","SW-COMM-8","19-Aug-23",19265
"Customer C-43550","SW-COMM-8YD","10/17/2021",17594
"Customer C-05493","SW-ROLLOFF-20YD","09/07/21",42168
"Customer C-04733","SW-COMM-8","11-Mar-19",19798
"Customer C-15177","SW-ROLLOFF-40YD","06/01/2022",57954
"Customer C-27178","SW-ROLLOFF-20YD","2024-12-28",39068
"Customer C-21604","SW-ROLLOFF-30YD","08/17/24",51755
"Customer C-07042","SW-ROLLOFF-10YD","04/02/2022",31413
"Customer C-22216","SW-RO-40","04/14/2023",57806
"Customer C-30155","SW-RO-40YD","08-Jun-23",61004
"Customer C-36058","SW-RO-40YD","14-Aug-19",63905
"Customer C-15768","SW-RO-20YD","2022-05-24",40361
"Customer C-31241","SW-RO-40YD","07-Oct-22",58888
"Customer C-15534","SW-RO-40YD","04/20/2020",60333
"Customer C-24083","NOPE-1","06/18/19",51307
"Customer C-40896","SW-ROLLOFF-30YD","08/02/2020",51338
"Customer C-28025","SW-COMM-8","07/09/24",20669
"Customer C-03333","SW-FL-4YD","08/09/2021",15540
"Customer C-34507","SW-RO-10","2020-12-14",33314
"Customer C-05006","SW-RES-1-BW","02-May-20",62899
"Customer C-30361","SW-ROLLOFF-10YD","2021-04-25",31228
"Customer C-16797","SW-ROLLOFF-30YD","01/10/23",52372
"Customer C-17292","SW-RO-20YD","11/14/2023",41939
"Customer C-20800","SW-ROLLOFF-10YD","08/11/22",28732
"Customer C-35849","SW-COMM-2","05/02/2019",5092
"Customer C-16607","SW-FL-6YD","06/25/2021",15162
"Customer C-31933","SW-ROLLOFF-10YD","2021-08-02",32661
"Customer C-29336","SW-RES-1-W","2024-09-20",16744
"Customer C-34934","SW-COMM-4","17-Sep-21",11173
"Customer C-40659","LEGACY-CODE","14-Mar-19",16602
"Customer C-00405","SW-ROLLOFF-10YD","2019-07-22",34355
"Customer C-27099","SW-RO-20YD","2022-08-04",44714
"Customer C-09576","SW-RO-10YD","09/26/2019",27556
"Customer C-42533","SW-ROLLOFF-30YD","2020-06-25",54048
"Customer C-09851","SW-ROLLOFF-30YD","04/06/21",53176
"Customer C-42867","SW-COMM-6YD","03/15/2023",17392
"Customer C-05566","SW-RO-20YD","10/25/24",35842
"Customer C-08016","SW-RO-40","06/02/21",63164
"Customer C-14327","SW-FL-4YD","2022-01-14",9667
"Customer C-12671","SW-RES-1-W","04/27/2022",29055
"Customer C-35211","SW-COMM-8","2022-12-14",13097
"Customer C-08786","SW-RO-40YD","01/02/2023",62878
"Customer C-04555","SW-RES-1-W","2024-02-10",22817
"Customer C-14588","SW-FL-2YD","02/22/19",12172
"Customer C-25067","SW-RO-10","07/25/2022",28774
"Customer C-11028","SW-RES-1-BW","2022-03-01",53337
"Customer C-12658","SW-ROLLOFF-20YD","11/12/22",37307
"Customer C-01497","SW-ROLLOFF-20YD","16-Apr-20",43673
"Customer C-26579","SW-COMM-2","06/03/2022",4456
"Customer C-09283","SW-COMM-6","09/03/2023",18633
"Customer C-32865","SW-COMM-8YD","10/28/2022",17317
"Customer C-21874","SW-ROLLOFF-40YD","2024-03-08",56635
"Customer C-07208","SW-RO-40","06/11/2024",58603
"Customer C-17542","SW-RES-1-W","08/20/2022",14547
"Customer C-20090","SW-RO-20","08/25/19",36607
"Customer C-29147","SW-COMM-4YD","02-Mar-20",12782
"Customer C-03158","SW-RO-20YD","08/14/23",41293
"Customer C-37690","SW-FL-2YD","03/26/2023",7718
"Customer C-17329","LEGACY-CODE","03/23/2019",48165
"Customer C-17036","SW-RO-10YD","02/13/22",26240
"Customer C-26541","SW-RO-10YD","03/15/2024",27200
"Customer C-36212","SW-RO-20YD","02-Nov-22",42918
"Customer C-40412","SW-FL-8YD","2024-07-06",18338
"Customer C-41022","SW-RES-1-BW","06/19/2024",50096
"Customer C-18824","SW-RO-10","08/06/21",31255
"Customer C-26324","SW-RO-40","2023-10-04",55501
"Customer C-31065","SW-FL-4YD","2021-05-23",14466
"Customer C-06238","SW-COMM-4YD","16-May-21",15986
"Customer C-23605","SW-RO-30","2023-09-17",51020
"Customer C-37138","SW-ROLLOFF-30YD","13-Apr-23",49974
"Customer C-14262","SW-FL-8YD","05/17/20",21965
"Customer C-20667","SW-ROLLOFF-20YD","10/06/2022",40552
"Customer C-02319","SW-FL-6YD","07-Feb-23",14696
"Customer C-30689","SW-COMM-4YD","2019-08-15",16580
"Customer C-02733","SW-RO-20YD","10/12/2019",35999
"Customer C-05726","SW-COMM-6YD","09/09/24",11370
"Customer C-44418","SW-RO-10","2024-01-03",34415
"Customer C-35048","SW-FL-4YD","10/12/23",12050
"Customer C-37980","SW-ROLLOFF-30YD","17-Oct-24",47176
"Customer C-06496","SW-RO-20","09/19/2022",39124
"Customer C-20044","SW-COMM-4","01/09/2023",15502
"Customer C-11178","SW-ROLLOFF-30YD","2023-08-24",48860
"Customer C-32773","SW-RO-20","11/21/2019",35284
"Customer C-27200","SW-COMM-6","01/02/2023",18697
"Customer C-38339","SW-RO-20","10/10/2019",37179
"Customer C-36196","SW-ROLLOFF-10YD","2023-07-16",29517
"Customer C-06622","SW-RO-40YD","05/24/24",58370
"Customer C-15803","SW-COMM-4","07/22/2023",13062
"Customer C-42402","SW-COMM-4","27-May-23",15667
"Customer C-02137","SW-COMM-6","08/09/23",17984
"Customer C-24812","SW-RO-10","10/02/2022",28784
"Customer C-38195","SW-ROLLOFF-40YD","2022-11-15",58531
"Customer C-22830","SW-ROLLOFF-30YD","06/12/2023",53923
"Customer C-44609","NOPE-1","08/21/24",20780
"Customer C-14786","SW-RO-10","06/03/2024",30278
"Customer C-01676","SW-RO-30YD","07-Oct-23",53832
"Customer C-05296","SW-RES-1-BW","08/20/2021",18333
"Customer C-22057","SW-RES-1-M","02/15/19",14417
"Customer C-23452","SW-RO-20","06-Oct-19",40909
"Customer C-44477","SW-RO-40YD","08/02/2021",63078
"Customer C-18908","SW-COMM-XX","18-Jun-22",29036
"Customer C-06065","SW-COMM-4YD","25-Nov-21",9885
"Customer C-24415","SW-COMM-6","2021-12-19",19202
"Customer C-37621","SW-RO-30YD","01-May-22",45113
"Customer C-39945","SW-COMM-8","14-Jun-21",17143
"Customer C-39485","SW-ROLLOFF-10YD","03/22/2023",33877
"Customer C-30658","SW-FL-2YD","08-Oct-24",5700
"Customer C-26227","SW-RO-30YD","03/19/2021",50488
"Customer C-36321","SW-FL-4YD","05/12/2021",16858
"Customer C-08654","SW-FL-4YD","12/16/21",7780
"Customer C-25721","SW-COMM-2YD","05/16/2022",4975
"Customer C-04527","SW-FL-8YD","05/22/2024",21704
"Customer C-36733","SW-COMM-8","13-Feb-19",15269
"Customer C-05411","SW-RO-30YD","11/25/19",46663
"Customer C-00480","SW-COMM-XX","12/02/2021",31806
"Customer C-17147","SW-RO-10","2023-07-16",26030
"Customer C-26084","SW-COMM-4","02/28/2019",12018
"Customer C-30870","SW-RO-20","09/15/2019",39382
"Customer C-00714","SW-COMM-6","06/23/2022",17650
"Customer C-00776","SW-RES-1-BW","2021-07-24",34909
"Customer C-05354","SW-RO-40","07/18/2024",58375
"Customer C-29836","SW-COMM-2","03/23/2021",10970
"Customer C-44282","SW-RO-30","05-Jun-21",49214
"Customer C-31787","SW-RO-30","11-Jun-20",52206
"Customer C-07625","SW-COMM-6YD","08/20/2024",14616
"Customer C-15167","SW-FL-2YD","06/21/2021",10578
"Customer C-39783","SW-RO-30YD","08/04/2024",45837
"Customer C-10960","SW-RO-10YD","2021-09-11",27829
"Customer C-33864","SW-ROLLOFF-20YD","2021-07-22",37362
"Customer C-25622","SW-RO-40","2022-11-23",58849
"Customer C-42472","SW-COMM-2YD","10/14/2020",12747
"Customer C-17999","SW-RO-30","05/05/22",45206
"Customer C-24826","SW-COMM-2YD","2024-11-16",12460
"Customer C-43321","SW-COMM-4","04-Apr-20",7804
"Customer C-22826","SW-RO-40","05-Jul-21",62310
"Customer C-12317","SW-COMM-8YD","02/20/2019",21748
"Customer C-39569","SW-RES-1-BW","10/13/2023",12035
"Customer C-13488","SW-FL-2YD","11/25/22",8013
"Customer C-22188","SW-COMM-8","03/07/2024",13860
"Customer C-20617","SW-FL-6YD","2021-12-04",12220
"Customer C-32021","SW-RO-10YD","04/16/22",27088
"Customer C-38281","NOPE-1","2021-04-26",19517
"Customer C-11348","SW-RO-40YD","12/22/2019",56090
"Customer C-13307","SW-COMM-6","2024-12-16",14092
"Customer C-40153","SW-COMM-2","10/17/2022",4336
"Customer C-14344","SW-FL-6YD","04/13/2022",18187
"Customer C-02935","SW-COMM-4YD","07/25/2020",16341
"Customer C-00379","SW-RO-40YD","09/02/2019",60521
"Customer C-20320","SW-FL-6YD","02/23/2023",17858
"Customer C-04541","SW-ROLLOFF-10YD","11-Nov-21",30522
"Customer C-00903","SW-RO-10YD","04/18/2019",30135
"Customer C-11510","SW-COMM-2","05/08/2022",6521
"Customer C-39683","SW-ROLLOFF-30YD","07/02/2023",45897
"Customer C-07764","SW-ROLLOFF-10YD","03/09/2022",32164
"Customer C-37524","SW-COMM-2YD","10/20/2023",7427
"Customer C-35293","SW-COMM-6","2022-11-08",12349
"Customer C-08606","SW-RO-10YD","02/14/21",25108
"Customer C-29495","SW-ROLLOFF-10YD","2022-10-10",27355
"Customer C-29342","SW-COMM-4YD","10/22/2021",9926
"Customer C-03105","SW-RO-40","02-Oct-19",60959
"Customer C-22664","SW-ROLLOFF-10YD","13-Aug-23",29413
"Customer C-26181","SW-RO-10YD","12/15/2024",25357
"Customer C-08108","LEGACY-CODE","11/12/24",56567
"Customer C-43166","SW-FL-4YD","2023-08-22",9885
"Customer C-37206","SW-RO-20","11/08/23",43166
"Customer C-34723","SW-ROLLOFF-40YD","2023-12-01",60212
"Customer C-39887","SW-ROLLOFF-40YD","08/27/2023",60987
"Customer C-12953","SW-COMM-2","2020-11-08",6795
"Customer C-08312","SW-RES-1-W","21-Sep-22",41864
"Customer C-06051","SW-COMM-4YD","2019-11-03",15773
"Customer C-43702","SW-RO-20YD","05/01/2024",39434
"Customer C-38558","SW-ROLLOFF-10YD","01/20/19",34219
"Customer C-37284","SW-COMM-2","08-Feb-22",12937
"Customer C-13066","SW-COMM-2YD","2021-03-08",4566
"Customer C-43123","SW-COMM-2","08/01/2021",5409
"Customer C-14906","SW-FL-6YD","08/07/2020",18314
"Customer C-28960","SW-RES-1-M","2024-11-03",12324
"Customer C-16220","SW-RO-20","2021-08-01",37044
"Customer C-19763","SW-COMM-8","2024-04-16",22523
"Customer C-04891","SW-ROLLOFF-20YD","11/26/24",40033
"Customer C-36938","SW-RO-20YD","11/03/20",44632
"Customer C-37904","SW-RO-20","2023-05-28",39963
"Customer C-13349","SW-RO-10YD","12/18/2023",32074
"Customer C-44778","SW-RO-20","02/05/23",41621
"Customer C-39785","SW-RO-10","08-Mar-19",27324
"Customer C-24898","SW-RES-1-M","03/11/24",15609
"Customer C-15111","SW-ROLLOFF-30YD","2024-09-04",47458
"Customer C-03864","SW-FL-8YD","07/21/2020",19968
"Customer C-03679","SW-COMM-8YD","10/19/2019",20974
"Customer C-09214","SW-RO-30","09/25/2022",54509
"Customer C-10391","SW-RES-1-BW","05/20/2021",57143
"Customer C-42751","SW-RO-40YD","26-Nov-21",64553
"Customer C-32460","SW-ROLLOFF-40YD","12/06/21",55388
"Customer C-01668","SW-RES-1-W","05/25/23",57360
"Customer C-12733","SW-COMM-2","04/15/21",12355
"Customer C-18870","SW-RO-20YD","2023-11-16",43912
"Customer C-10709","SW-RO-10","09/03/2022",31993
"Customer C-39299","SW-COMM-2","17-Dec-22",4200
"Customer C-11101","SW-ROLLOFF-40YD","05/02/2022",62819
"Customer C-04129","SW-COMM-2","03/06/2020",12640
"Customer C-30496","SW-RES-1-M","06/06/2020",14764
"Customer C-36734","SW-RES-1-BW","03/12/2022",9798
"Customer C-21197","SW-COMM-6","10/11/2022",10298
"Customer C-33870","SW-COMM-2","12/24/2024",10426
"Customer C-43261","SW-RO-30","10/15/2022",47087
"Customer C-29799","SW-COMM-4","06-Apr-20",12156
"Customer C-18189","SW-COMM-4","2021-03-22",9103
"Customer C-31054","SW-RO-40YD","01/14/20",58872
"Customer C-44429","SW-COMM-6YD","2023-08-01",19754
"Customer C-36100","SW-RES-1-BW","2023-07-07",26226
"Customer C-33409","SW-COMM-6","10/13/2023",14705
"Customer C-07682","SW-COMM-4","12/01/2023",16461
"Customer C-07274","SW-RO-30","2020-01-16",54980
"Customer C-27133","SW-ROLLOFF-10YD","2022-10-13",29978
"Customer C-03649","SW-ROLLOFF-20YD","07-Mar-19",39517
"Customer C-31701","SW-ROLLOFF-10YD","2019-06-22",34994
"Customer C-20398","SW-RO-10","2020-06-12",34708
"Customer C-29552","SW-COMM-6","04-Nov-22",17156
"Customer C-32393","SW-RO-20","2019-05-14",39107
"Customer C-40574","SW-FL-2YD","2021-03-01",4111
"Customer C-38052","SW-ROLLOFF-40YD","07/20/23",55582
"Customer C-33141","SW-RO-10YD","2022-04-17",30876
"Customer C-41357","SW-RO-30YD","12/14/2021",45821
"Customer C-39648","SW-FL-4YD","11/17/2024",11333
"Customer C-43441","SW-XX-99YD","02-Jul-21",43770
"Customer C-32331","SW-ROLLOFF-40YD","2022-08-27",61810
"Customer C-12276","SW-FL-2YD","17-Mar-19",4654
"Customer C-38000","SW-ROLLOFF-20YD","2019-04-26",40605
"Customer C-21145","SW-ROLLOFF-40YD","12/13/21",61003
"Customer C-27238","SW-COMM-2","06/20/2024",4557
"Customer C-31790","SW-FL-4YD","04/22/21",12966
"Customer C-31454","SW-COMM-2YD","2022-08-03",10307
"Customer C-00230","SW-COMM-4YD","04/18/2019",10248
"Customer C-14435","LEGACY-CODE","04/08/20",22787
"Customer C-28382","SW-RO-30","04/16/2022",47397
"Customer C-01394","SW-FL-8YD","08/19/20",19289
"Customer C-38177","SW-ROLLOFF-20YD","11/17/24",41838
"Customer C-08333","SW-ROLLOFF-20YD","10/09/22",37854
"Customer C-37360","OLD-SVC-7","26-Mar-22",55495
"Customer C-22334","SW-COMM-6","09/16/21",11227
"Customer C-13510","SW-COMM-4YD","01/22/2024",12993
"Customer C-33164","SW-XX-99YD","2019-05-24",37502
"Customer C-18199","SW-RO-20YD","07/12/22",35143
"Customer C-17094","SW-COMM-2YD","04/28/24",11317
"Customer C-26040","SW-ROLLOFF-20YD","08-Apr-22",37739
"Customer C-02433","SW-ROLLOFF-30YD","12/16/2022",50695
"Customer C-04519","SW-COMM-6YD","2024-11-22",18307
"Customer C-24364","SW-RO-40","2024-06-22",63884
"Customer C-43942","SW-ROLLOFF-10YD","04/09/2019",33756
"Customer C-16218","SW-ROLLOFF-40YD","20-Mar-20",56746
"Customer C-23478","SW-ROLLOFF-30YD","07/25/23",51012
"Customer C-20046","SW-RO-10","2024-12-05",29694
"Customer C-34969","SW-RO-20","21-Mar-23",36474
"Customer C-00729","SW-COMM-4","03/25/21",9852
"Customer C-02972","SW-COMM-8","01/25/2021",14015
"Customer C-20507","SW-RO-10YD","03/21/2021",26669
"Customer C-14265","SW-RO-10YD","04/10/2021",26788
"Customer C-04885","SW-COMM-6YD","10/15/19",18656
"Customer C-37608","SW-ROLLOFF-10YD","2020-07-19",27269
"Customer C-03205","SW-COMM-4YD","28-Dec-19",12751
"Customer C-40965","SW-RO-20YD","03/07/2021",42445
"Customer C-31682","SW-RES-1-BW","2022-04-02",13184
"Customer C-02243","SW-RES-1-W","2021-08-28",63381
"Customer C-09346","SW-RO-10","10/22/19",30688
"Customer C-07598","SW-COMM-XX","26-Feb-20",56181
"Customer C-01919","SW-FL-2YD","12/25/24",11001
"Customer C-40676","SW-RO-40YD","07/10/2022",64188
"Customer C-01812","SW-COMM-8","10/25/2024",20441
"Customer C-33717","SW-RO-40","19-Nov-22",55890
"Customer C-20437","SW-RO-40","23-Jun-20",57776
"Customer C-39588","SW-ROLLOFF-40YD","2022-04-24",55213
"Customer C-34586","SW-COMM-4","02/02/2020",15646
"Customer C-34181","SW-FL-2YD","05/17/2020",6719
"Customer C-40049","SW-RO-40","08/24/2023",59301
"Customer C-02096","SW-COMM-8","04/09/2021",17468
"Customer C-06164","LEGACY-CODE","07/23/2024",45677
"Customer C-38447","SW-COMM-8YD","2022-07-22",17222
"Customer C-44138","SW-RES-1-W","08/16/2019",47561
"Customer C-11543","SW-RO-10","2023-09-19",25047
"Customer C-27318","SW-FL-2YD","04/27/2019",6492
"Customer C-00932","SW-FL-4YD","2024-12-07",11260
"Customer C-03221","SW-COMM-2YD","06/22/2020",11694
"Customer C-42353","SW-RES-1-M","09/17/2020",14374
"Customer C-41520","SW-FL-2YD","2020-12-07",13371
"Customer C-08077","SW-COMM-4","08/08/20",13040
"Customer C-09291","SW-RO-40","03/20/2021",61580
"Customer C-00627","SW-RO-10","15-Oct-24",27052
"Customer C-03493","SW-FL-4YD","03/21/19",13670
"Customer C-12049","SW-COMM-2YD","01/15/2020",13061
"Customer C-00849","SW-FL-8YD","21-Mar-22",17674
"Customer C-16695","SW-RO-10","12/27/2023",28206
"Customer C-40204","SW-RO-30YD","10/24/2022",53987
"Customer C-16043","SW-RO-30YD","12/21/2020",52448
"Customer C-25001","SW-ROLLOFF-20YD","04/11/19",38688
"Customer C-37390","SW-RO-40YD","04/28/19",59930
"Customer C-09821","SW-COMM-XX","01/25/2019",21286
"Customer C-33478","SW-COMM-2YD","07/18/24",5714
"Customer C-17121","SW-COMM-4YD","04/12/2021",11711
"Customer C-19662","SW-COMM-6YD","01/24/2024",14995
"Customer C-35880","NOPE-1","2021-02-27",57250
"Customer C-22515","SW-ROLLOFF-20YD","03/09/2020",38167
"Customer C-17034","SW-RES-1-W","01/21/2023",64610
"Customer C-07735","SW-ROLLOFF-20YD","01/04/2023",36476
"Customer C-01820","SW-RO-20YD","23-May-20",38133
"Customer C-01332","SW-COMM-4","06/14/19",16568
"Customer C-00874","SW-COMM-4YD","10/05/2022",16365
"Customer C-43068","SW-ROLLOFF-10YD","06-Apr-23",30735
"Customer C-10052","SW-FL-8YD","12/21/22",21918
"Customer C-25914","SW-COMM-4","07/23/2023",14395
"Customer C-18075","SW-FL-6YD","01/26/2024",17707
"Customer C-08621","SW-COMM-2","2023-03-03",12514
"Customer C-31202","SW-RES-1-BW","10/05/20",15304
"Customer C-14945","SW-COMM-2","2023-07-24",11713
"Customer C-03509","SW-COMM-XX","13-Sep-21",17650
"Customer C-09921","SW-FL-6YD","2024-03-03",16685
"Customer C-39204","SW-RO-40YD","2022-07-23",62425
"Customer C-32446","SW-FL-6YD","06/08/22",14367
"Customer C-18762","SW-FL-4YD","2021-04-05",16565
"Customer C-01956","SW-RO-40YD","11/16/24",61291
"Customer C-31514","SW-RO-10YD","06/21/2022",34974
"Customer C-31042","SW-RO-20YD","01/25/2023",41172
"Customer C-13055","SW-FL-6YD","03/26/2024",11617
"Customer C-22682","SW-RO-20YD","28-May-24",36627
"Customer C-38583","SW-COMM-6YD","12/27/23",15970
"Customer C-25393","SW-RO-30YD","10/08/19",49287
"Customer C-43986","SW-ROLLOFF-30YD","01/26/21",54667
"Customer C-00819","SW-COMM-2YD","05/04/2023",10324
"Customer C-16065","SW-RO-20YD","08-Mar-19",35724
"Customer C-30902","SW-ROLLOFF-40YD","09/15/2023",63114
"Customer C-06806","OLD-SVC-7","09/24/19",44257
"Customer C-43819","SW-RO-40YD","07/05/19",63231
"Customer C-11688","SW-COMM-4","16-Apr-19",14917
"Customer C-28670","SW-COMM-4YD","2021-07-22",12905
"Customer C-28330","SW-COMM-8","2021-09-17",18646
"Customer C-35510","SW-RO-30","07/05/2019",46036
"Customer C-32478","SW-ROLLOFF-10YD","10-Sep-20",29111
"Customer C-33249","SW-RO-30YD","2019-11-15",49712
"Customer C-41054","SW-RO-30YD","09/22/2023",50575
"Customer C-15591","SW-FL-8YD","07/03/24",16138
"Customer C-16274","SW-COMM-4","16-Mar-19",13865
"Customer C-14681","SW-RO-10YD","11-Jan-22",32614
"Customer C-18402","SW-COMM-8","2023-05-07",19810
"Customer C-10032","SW-RO-20","2024-03-28",43527
"Customer C-06784","SW-RO-30YD","2020-05-26",51489
"Customer C-10219","SW-COMM-6","08/25/23",13039
"Customer C-16772","SW-RO-40","2023-05-12",55698
"Customer C-15427","SW-ROLLOFF-20YD","09/20/2024",40478
"Customer C-00365","SW-FL-8YD","2024-11-19",19149
"Customer C-19456","SW-COMM-4","01/25/2019",9483
"Customer C-07167","SW-RO-10YD","01/03/2023",29521
"Customer C-41468","SW-RES-1-M","2019-12-12",8812
"Customer C-37843","SW-COMM-6YD","06/06/2023",13761
"Customer C-12131","SW-ROLLOFF-40YD","01/15/2020",57963
"Customer C-05904","SW-RO-10YD","05/18/2024",27167
"Customer C-32936","SW-RO-20YD","2019-12-03",36693
"Customer C-10674","SW-ROLLOFF-20YD","02/27/2020",44390
"Customer C-33410","SW-RO-30","02/15/2019",45977
"Customer C-38890","SW-RO-10","07/07/2020",34789
"Customer C-13805","SW-RO-10YD","06/15/19",29953
"Customer C-44784","SW-ROLLOFF-10YD","02/12/2020",27331
"Customer C-12877","SW-RO-10YD","01/05/2022",34121
"Customer C-12973","SW-RO-30","2023-11-26",54957
"Customer C-18008","SW-COMM-4","03/15/2024",14999
"Customer C-16134","SW-ROLLOFF-30YD","2019-07-20",52854
"Customer C-28149","SW-RES-1-BW","05/12/2022",60769
"Customer C-03058","SW-FL-4YD","2023-12-25",7495
"Customer C-13736","NOPE-1","12/05/2022",9255
"Customer C-18682","OLD-SVC-7","11/26/2022",9708
"Customer C-33892","SW-RO-30YD","2022-08-05",46304
"Customer C-28523","SW-COMM-8YD","03-May-20",19516
"Customer C-22409","SW-RES-1-M","04-Jul-20",46644
"Customer C-11111","SW-FL-4YD","25-Aug-20",12676
"Customer C-43740","SW-FL-8YD","03/26/2020",14515
"Customer C-41304","SW-FL-8YD","02-May-24",18145
"Customer C-14778","NOPE-1","12/01/2020",17575
"Customer C-20265","SW-COMM-2YD","08/21/2022",6127
"Customer C-08671","SW-RO-30YD","12/17/23",51026
"Customer C-11298","SW-RO-10","08/13/22",31343
"Customer C-30691","SW-COMM-6","12/17/21",13212
"Customer C-00160","SW-RO-20","2021-08-07",41713
"Customer C-14464","SW-RO-20YD","06/08/2020",36344
"Customer C-09276","SW-COMM-6YD","10/22/20",15349
"Customer C-44364","SW-ROLLOFF-20YD","09/17/2019",35168
"Customer C-14981","SW-RES-1-BW","06-Oct-23",5798
"Customer C-17708","SW-ROLLOFF-10YD","04/05/21",28787
"Customer C-29331","OLD-SVC-7","2021-11-10",63669
"Customer C-27751","SW-FL-4YD","08/04/2019",13421
"Customer C-36017","SW-RO-20","2019-06-16",35730
"Customer C-14167","SW-ROLLOFF-40YD","16-Sep-21",61540
"Customer C-34646","SW-COMM-8YD","02/04/2024",21990
"Customer C-29207","SW-RO-40","2022-08-06",57305
"Customer C-32188","SW-ROLLOFF-20YD","21-Oct-21",43207
"Customer C-03773","SW-FL-8YD","12/08/24",14987
"Customer C-33408","SW-COMM-4","2024-01-13",13920
"Customer C-31421","SW-FL-2YD","10/14/2021",6389
"Customer C-17431","SW-RO-30YD","2021-05-28",45802
"Customer C-25389","SW-RO-30","07/26/2023",54203
"Customer C-36773","SW-ROLLOFF-40YD","12/05/2019",55712
"Customer C-23575","SW-RO-30","06-May-24",47841
"Customer C-33498","SW-RES-1-W","28-Feb-24",50932
"Customer C-17150","SW-COMM-2","12/06/24",13206
"Customer C-09514","SW-COMM-8YD","03/15/21",20484
"Customer C-21375","SW-COMM-2YD","10/13/2021",7082
"Customer C-34097","SW-RO-20YD","2019-08-19",43091
"Customer C-21646","SW-RO-40YD","06/22/2022",60348
"Customer C-17938","SW-COMM-4","2022-04-21",15984
"Customer C-00551","SW-RES-1-BW","06-Dec-22",56863
"Customer C-36053","SW-FL-2YD","28-May-20",9186
"Customer C-19773","SW-RO-30","2024-02-09",52291
"Customer C-25423","SW-RO-20","09/21/21",42153
"Customer C-38456","SW-RES-1-BW","2021-09-25",47667
"Customer C-23720","SW-FL-4YD","12/10/2020",13302
"Customer C-25989","SW-COMM-2YD","01/16/2021",11852
"Customer C-40308","SW-FL-2YD","01/07/23",4880
"Customer C-13433","SW-ROLLOFF-40YD","2022-10-05",62774
"Customer C-33803","SW-ROLLOFF-10YD","22-Dec-21",30360
"Customer C-00313","SW-COMM-8","04/01/2022",13482
"Customer C-09242","SW-FL-4YD","11/14/2023",13935
"Customer C-20487","SW-ROLLOFF-40YD","27-Oct-24",57713
"Customer C-11254","SW-COMM-4","12/19/2019",13009
"Customer C-06955","SW-COMM-4","04/27/2023",7764
"Customer C-17832","SW-COMM-8YD","05/03/2020",16475
"Customer C-21330","SW-COMM-8YD","04/23/2024",20446
"Customer C-13266","SW-ROLLOFF-40YD","07/01/24",63225
"Customer C-02813","SW-RES-1-BW","03/01/2024",10691
"Customer C-20138","SW-RES-1-W","04/16/2021",10187
"Customer C-02269","SW-RO-30","2019-06-08",51092
"Customer C-38689","SW-RES-1-M","21-Apr-24",5451
"Customer C-13795","SW-COMM-2YD","2020-02-13",6432
"Customer C-28840","SW-RO-30","24-Nov-20",46481
"Customer C-43950","SW-ROLLOFF-40YD","2024-01-01",63245
"Customer C-39791","SW-RO-30","09/02/2024",46525
"Customer C-28192","SW-RO-40YD","02/23/2019",59585
"Customer C-15183","SW-RO-30","04/12/2020",51497
"Customer C-20760","SW-RO-40","2023-04-23",60916
"Customer C-40330","SW-ROLLOFF-40YD","2022-04-21",59715
"Customer C-42445","OLD-SVC-7","2024-11-19",53216
"Customer C-00984","SW-ROLLOFF-10YD","26-Aug-19",28073
"Customer C-00574","SW-FL-2YD","11/25/2024",10718
"Customer C-32519","SW-RO-10","2020-05-16",34435
"Customer C-14067","SW-RO-10YD","04/12/2022",33165
"Customer C-06299","SW-COMM-2YD","2024-04-28",5256
"Customer C-20724","SW-COMM-4YD","09/27/2020",8898
"Customer C-04117","SW-RO-10YD","2021-02-23",32993
"Customer C-01654","SW-RES-1-M","2024-05-24",41115
"Customer C-15041","SW-COMM-6YD","10/14/2022",16892
"Customer C-11985","SW-FL-2YD","2020-09-19",6306
"Customer C-38875","SW-FL-8YD","2022-09-17",15738
"Customer C-28330","SW-ROLLOFF-30YD","03-Feb-23",45080
"Customer C-38912","SW-FL-2YD","02/10/2024",5303
"Customer C-05458","SW-ROLLOFF-40YD","09/17/2021",60385
"Customer C-14125","SW-RO-40YD","06/24/2020",59041
"Customer C-33699","SW-COMM-8","12/08/21",17597
"Customer C-05976","SW-COMM-6YD","02/12/2021",10531
"Customer C-20316","SW-FL-8YD","2021-05-27",18506
"Customer C-24957","SW-RES-1-W","02/05/2021",6528
"Customer C-34310","SW-COMM-6","01-Aug-20",17627
"Customer C-19838","SW-FL-8YD","03/28/2021",20448
"Customer C-25661","SW-ROLLOFF-40YD","11/28/2019",57109
"Customer C-03134","SW-COMM-6YD","13-Feb-20",15964
"Customer C-06157","SW-RO-20YD","2022-11-21",41776
"Customer C-35332","SW-COMM-XX","09/26/2023",58715
"Customer C-13510","SW-ROLLOFF-30YD","12/21/21",49337
"Customer C-23942","SW-RES-1-BW","2020-01-20",13379
"Customer C-35521","SW-ROLLOFF-40YD","06/15/2023",64617
"Customer C-00913","SW-FL-8YD","07-Feb-23",18041
"Customer C-11901","SW-FL-6YD","26-Jul-20",15533
"Customer C-44386","SW-ROLLOFF-20YD","2020-07-15",37254
"Customer C-34161","SW-RO-30YD","12/13/20",47642
"Customer C-33600","SW-RO-30YD","02-Jun-19",51791
"Customer C-42566","SW-RES-1-W","01/14/23",4504
"Customer C-19638","SW-ROLLOFF-40YD","2020-04-07",56010
"Customer C-43168","SW-COMM-8YD","25-Jun-19",20933
"Customer C-22464","SW-RO-30YD","2022-03-20",53383
"Customer C-31239","SW-RO-20YD","01/21/2024",43174
"Customer C-37942","SW-COMM-4","2020-11-10",11283
"Customer C-36257","SW-RO-30YD","2020-04-22",49715
"Customer C-31634","SW-ROLLOFF-20YD","06/02/2020",39432
"Customer C-23567","SW-RO-20YD","01/26/2019",44931
"Customer C-21462","SW-ROLLOFF-10YD","2020-12-16",27109
"Customer C-33418","SW-FL-6YD","2019-01-11",11697
"Customer C-06564","SW-FL-8YD","28-Mar-19",14383
"Customer C-09389","SW-RES-1-BW","08/22/2020",60661
"Customer C-14687","SW-RO-10","10/09/2022",27374
"Customer C-43466","SW-FL-8YD","2019-04-28",14885
"Customer C-42739","SW-RES-1-M","05/10/23",48973
"Customer C-16107","SW-COMM-6YD","11/12/2020",19902
"Customer C-41206","SW-ROLLOFF-40YD","26-Apr-19",57871
"Customer C-11968","SW-ROLLOFF-40YD","12/22/2023",56108
"Customer C-29388","SW-RO-40","07/03/23",58033
"Customer C-02012","SW-COMM-6","03/12/2022",18219
"Customer C-26936","SW-ROLLOFF-30YD","05/05/24",50391
"Customer C-02660","SW-FL-2YD","05/19/2024",10537
"Customer C-33981","SW-COMM-2","03/22/2023",12711
"Customer C-18052","SW-COMM-2","01/25/2020",6563
"Customer C-43376","SW-ROLLOFF-10YD","06/26/23",25847
"Customer C-05225","SW-COMM-2YD","01/06/20",9390
"Customer C-36264","SW-RES-1-M","19-Feb-20",13385
"Customer C-02223","SW-COMM-4","12/24/2022",8825
"Customer C-06512","SW-RO-40YD","07/28/2022",61286
"Customer C-23847","SW-RO-20YD","2024-03-27",41155
"Customer C-36051","SW-ROLLOFF-40YD","12/01/2020",56305
"Customer C-26736","NOPE-1","01/19/2024",35815
"Customer C-27128","SW-RO-30","09/17/2023",52760
"Customer C-32640","SW-ROLLOFF-30YD","2023-04-08",54591
"Customer C-33602","SW-COMM-6","2020-02-22",14448
"Customer C-15433","SW-FL-4YD","01/22/2020",9687
"Customer C-12497","SW-ROLLOFF-10YD","11/19/2024",29246
"Customer C-11185","SW-RO-10","04/27/20",26200
"Customer C-39025","SW-COMM-4","13-Oct-23",11611
"Customer C-08581","SW-RO-40YD","05/26/2024",55102
"Customer C-01357","SW-COMM-2YD","2022-03-08",13656
"Customer C-36743","SW-RES-1-M","12/19/2024",10782
"Customer C-22753","SW-ROLLOFF-10YD","08/25/2020",32834
"Customer C-12366","SW-ROLLOFF-30YD","09/28/19",54038
"Customer C-00485","SW-RO-20","06/06/21",35005
"Customer C-36871","SW-RO-40YD","01/17/20",57779
"Customer C-38059","SW-RO-30","03/14/2020",47443
"Customer C-32635","SW-RO-20","08/12/21",35398
"Customer C-31685","SW-COMM-6","2022-03-27",12750
"Customer C-08880","SW-RO-40","12/07/2023",63164
"Customer C-38287","SW-FL-2YD","08/18/2024",11591
"Customer C-08490","SW-RO-40YD","04/20/20",57981
"Customer C-31291","SW-RO-20YD","03/02/22",36344
"Customer C-24980","SW-COMM-2YD","05/12/2019",9704
"Customer C-34659","SW-ROLLOFF-40YD","04/16/2020",62260
"Customer C-31577","SW-FL-6YD","2021-03-06",11574
"Customer C-30005","SW-FL-6YD","08/24/2021",12260
"Customer C-16247","SW-RO-40YD","05/05/2019",62631
"Customer C-12191","SW-COMM-6","12/11/2020",17008
"Customer C-00933","SW-COMM-2YD","21-Jul-21",4428
"Customer C-23399","SW-ROLLOFF-20YD","20-Sep-22",39080
"Customer C-41209","SW-RO-40YD","08-Dec-20",57171
"Customer C-38156","SW-RES-1-BW","22-Aug-21",13467
"Customer C-36161","SW-RO-30","2020-01-02",45268
"Customer C-26609","SW-RO-10YD","12/18/2021",33521
"Customer C-32725","SW-RES-1-M","06/18/2019",52145
"Customer C-08916","SW-RO-10","22-Sep-20",27175
"Customer C-40709","NOPE-1","14-Feb-24",11497
"Customer C-11134","SW-RO-30","01/08/21",50728
"Customer C-32469","SW-COMM-2","04-Mar-24",10351
"Customer C-07964","SW-FL-2YD","08/18/19",6425
"Customer C-11040","SW-RO-30","12/02/2022",47176
"Customer C-03282","SW-FL-6YD","21-Aug-23",11862
"Customer C-13979","SW-RO-20YD","04/05/21",37823
"Customer C-18805","SW-RO-20YD","07-Apr-20",43613
"Customer C-30423","SW-RO-10YD","2024-02-26",28755
"Customer C-32627","SW-RO-30","21-Jul-24",53888
"Customer C-11514","SW-RO-10YD","13-Jan-21",33795
"Customer C-44370","SW-FL-6YD","02-Dec-22",19858
"Customer C-13545","SW-COMM-2","2021-01-26",6348
"Customer C-17079","SW-ROLLOFF-30YD","02/20/23",47514
"Customer C-04955","SW-RO-20YD","04-Apr-19",38299
"Customer C-41756","SW-RO-20YD","09/08/2024",42659
"Customer C-13855","SW-RO-30","2024-04-05",53747
"Customer C-44097","SW-COMM-2","07/17/2021",8145
"Customer C-13123","SW-ROLLOFF-10YD","19-Feb-23",33462
"Customer C-39462","SW-ROLLOFF-40YD","01/27/19",55647
"Customer C-22798","SW-COMM-2","09-Apr-20",13096
"Customer C-38557","SW-ROLLOFF-40YD","20-Jan-24",55887
"Customer C-09955","SW-COMM-XX","04/15/2021",35177
"Customer C-25165","SW-COMM-8","2021-03-25",17629
"Customer C-29297","SW-RO-30","03/06/2022",51332
"Customer C-27889","SW-COMM-2YD","2023-10-22",7102
"Customer C-11439","SW-RO-40","08/28/2019",62892
"Customer C-32176","SW-RO-20","05/01/2020",36139
"Customer C-22176","SW-ROLLOFF-30YD","2019-07-21",49066
"Customer C-20510","SW-COMM-4YD","14-Dec-22",9397
"Customer C-37374","SW-COMM-6YD","06/04/2019",10846
"Customer C-07312","SW-ROLLOFF-40YD","2021-02-25",64385
"Customer C-00922","SW-RO-10","08/11/22",28838
"Customer C-12740","SW-COMM-8","04/08/2022",21787
"Customer C-11103","SW-RO-20","11/24/24",36905
"Customer C-20735","SW-ROLLOFF-40YD","06/18/20",58408
"Customer C-18639","SW-FL-8YD","16-Feb-20",15547
"Customer C-15891","SW-RO-10","10-May-19",25675
"Customer C-06901","SW-RO-20YD","05/18/2022",39871
"Customer C-34993","SW-RO-30YD","2023-09-23",45689
"Customer C-39847","SW-RO-40YD","03/17/2021",62527
"Customer C-36643","SW-RES-1-BW","02/03/24",7682
"Customer C-00200","SW-ROLLOFF-20YD","01/08/2023",41036
"Customer C-30946","SW-COMM-2","10/20/2019",6343
"Customer C-40162","SW-FL-8YD","02/23/23",21719
"Customer C-40788","SW-COMM-2YD","11/08/2022",7114
"Customer C-33111","SW-RO-10","28-Nov-22",28503
"Customer C-38063","SW-RO-40","10/16/2022",56981
"Customer C-38656","SW-ROLLOFF-20YD","2022-06-08",35435
"Customer C-26929","SW-RO-40","08/05/2023",58526
"Customer C-04881","SW-COMM-2YD","12/23/2020",7945
"Customer C-12662","SW-COMM-8","09/19/2020",13614
"Customer C-27186","SW-FL-2YD","10/05/24",9632
"Customer C-14471","SW-ROLLOFF-40YD","12/18/2024",58125
"Customer C-30619","SW-RO-40","2019-04-09",56924
"Customer C-18020","SW-RO-40YD","01/06/2023",64646
"Customer C-09141","SW-COMM-2","08-May-21",7061
"Customer C-37144","SW-XX-99YD","28-Jan-20",58683
"Customer C-34393","SW-FL-6YD","10-May-21",16236
"Customer C-40167","SW-ROLLOFF-30YD","2023-07-16",50258
"Customer C-23938","SW-COMM-2YD","2021-09-05",10149
"Customer C-06794","SW-FL-4YD","09/01/2024",10470
"Customer C-03723","SW-FL-2YD","02/22/2023",8247
"Customer C-34955","SW-ROLLOFF-10YD","08/24/2019",32303
"Customer C-37095","SW-FL-8YD","26-Oct-24",19471
"Customer C-03194","SW-FL-8YD","04/21/2023",19391
"Customer C-09801","SW-RES-1-W","2020-02-25",62734
"Customer C-20285","SW-RO-40","01/02/2023",57727
"Customer C-23126","SW-FL-8YD","07/28/2020",21727
"Customer C-22962","SW-RES-1-M","10/10/2021",31127
"Customer C-27551","SW-FL-4YD","12/04/2022",9004
"Customer C-30962","SW-ROLLOFF-20YD","12/28/2019",37534
"Customer C-44204","SW-RES-1-BW","06/08/2024",13828
"Customer C-01506","SW-RES-1-W","2024-07-07",20243
"Customer C-16959","SW-FL-4YD","2019-03-11",9880
"Customer C-24793","SW-ROLLOFF-10YD","02/17/2023",34870
"Customer C-14912","SW-FL-8YD","11-Apr-24",13622
"Customer C-08224","SW-ROLLOFF-30YD","2024-06-03",52820
"Customer C-29964","SW-RO-20","17-Aug-22",42069
"Customer C-25863","SW-FL-2YD","07-Feb-20",12628
"Customer C-24336","SW-RO-10YD","07-Apr-19",32672
"Customer C-16169","SW-COMM-2YD","02-Jan-19",8520
"Customer C-41031","SW-COMM-6","10/20/2021",13379
"Customer C-12412","SW-RO-20YD","2021-04-05",35620
"Customer C-08164","SW-RO-20YD","03/10/2022",35030
"Customer C-23274","SW-COMM-6","23-Mar-20",14927
"Customer C-19425","SW-ROLLOFF-10YD","2022-01-10",33412
"Customer C-17289","SW-FL-8YD","11/14/2021",21803
"Customer C-24973","SW-COMM-8YD","2021-11-21",17922
"Customer C-38945","SW-COMM-4YD","2019-07-08",11382
"Customer C-05857","SW-COMM-2YD","09/06/23",12792
"Customer C-11689","SW-COMM-8","03/18/2021",18609
"Customer C-40877","SW-RO-10","10/25/23",29713
"Customer C-10999","SW-RO-10YD","13-Jan-20",28547
"Customer C-36925","SW-RO-10","11/18/2023",31817
"Customer C-23464","SW-ROLLOFF-10YD","2022-04-09",30570
"Customer C-14072","SW-ROLLOFF-40YD","2023-02-19",61467
"Customer C-20596","SW-RO-20YD","06/25/2021",43217
"Customer C-23518","SW-ROLLOFF-20YD","07/27/21",35559
"Customer C-01959","SW-RO-20","08/03/20",35944
"Customer C-35772","NOPE-1","22-Jun-19",56736
"Customer C-22056","SW-COMM-4","2024-06-09",11052
"Customer C-35846","SW-FL-6YD","2023-05-01",15202
"Customer C-42313","SW-RES-1-BW","25-Nov-23",37997
"Customer C-36031","SW-COMM-4","09/13/2022",9811
"Customer C-44597","SW-RO-40YD","03/12/24",60834
"Customer C-17444","SW-RO-10YD","06/07/20",33838
"Customer C-16386","SW-RO-40","2024-11-06",59214
"Customer C-42197","SW-COMM-4YD","08/02/20",13577
"Customer C-27026","SW-RO-20YD","2020-05-05",39450
"Customer C-19532","SW-ROLLOFF-30YD","21-Jun-24",46230
"Customer C-37644","SW-ROLLOFF-10YD","08/03/2019",28784
"Customer C-26564","SW-RO-20","03-Jun-20",35300
"Customer C-34445","SW-RO-40YD","2022-07-03",58648
"Customer C-01104","SW-RO-10","07/04/2021",29384
"Customer C-20704","SW-COMM-8","25-Sep-20",17775
"Customer C-27573","SW-RO-30YD","2022-12-05",48780
"Customer C-37434","SW-FL-4YD","08/23/2023",9035
"Customer C-42351","SW-RO-30YD","07/18/20",50942
"Customer C-09983","SW-RES-1-W","12/12/20",55201
"Customer C-19841","SW-ROLLOFF-30YD","2021-09-05",54928
"Customer C-06018","SW-ROLLOFF-30YD","2020-12-24",49132
"Customer C-23167","SW-FL-4YD","08/14/2023",16229
"Customer C-27063","SW-COMM-6","2019-05-13",19772
"Customer C-35764","SW-COMM-8","2021-07-17",13009
"Customer C-11870","SW-ROLLOFF-40YD","06/10/2019",56420
"Customer C-42550","SW-RES-1-M","09/16/2021",36462
"Customer C-42357","SW-COMM-XX","09/28/2024",62724
"Customer C-02429","SW-ROLLOFF-30YD","2023-08-03",54312
"Customer C-08141","SW-ROLLOFF-30YD","13-Mar-19",53243
"Customer C-06263","SW-RO-40YD","2021-07-11",59570
"Customer C-30057","SW-RO-10YD","06/22/2023",26748
"Customer C-44169","SW-ROLLOFF-10YD","10/20/2022",34747
"Customer C-42241","SW-RO-30YD","2024-01-23",50803
"Customer C-21965","SW-RO-20","03/02/23",40431
"Customer C-07266","SW-ROLLOFF-30YD","01/03/22",54084
"Customer C-38826","SW-RO-30YD","02-Jan-21",49357
"Customer C-28549","SW-RO-20","11/25/2023",43638
"Customer C-38604","SW-COMM-XX","07/07/2022",36240
"Customer C-38900","SW-COMM-8","05/16/23",20148
"Customer C-44849","SW-FL-2YD","05/19/21",12123
"Customer C-01948","SW-ROLLOFF-40YD","2019-08-09",62022
"Customer C-29238","SW-ROLLOFF-10YD","03/16/2023",26700
"Customer C-33870","SW-RO-40YD","02/09/22",64488
"Customer C-44973","SW-ROLLOFF-10YD","10-Sep-21",29276
"Customer C-11389","SW-COMM-4YD","02/20/2024",12943
"Customer C-13524","SW-FL-6YD","2020-11-17",15260
"Customer C-32433","SW-ROLLOFF-30YD","14-May-21",50430
"Customer C-42032","SW-RES-1-BW","08/24/2020",37451
"Customer C-18805","SW-FL-6YD","03/09/23",18274
"Customer C-24662","SW-FL-8YD","2021-07-18",14306
"Customer C-17652","SW-XX-99YD","02/16/2024",57634
"Customer C-18383","SW-RO-30YD","01/23/2023",50682
"Customer C-17100","SW-RO-10YD","08/15/2024",25696
"Customer C-16653","SW-COMM-8YD","03-Aug-24",21026
"Customer C-44304","SW-COMM-2","09/14/23",9182
"Customer C-32104","SW-RO-20YD","12/06/23",41832
"Customer C-34688","SW-RES-1-BW","03/03/23",33057
"Customer C-18200","SW-RO-10YD","11/19/2022",28837
"Customer C-43609","SW-ROLLOFF-10YD","10/27/2022",30211
"Customer C-01088","SW-RO-20","03/20/2020",38800
"Customer C-14530","SW-COMM-2","05/08/2024",12312
"Customer C-16505","SW-COMM-2YD","02/02/2024",10802
"Customer C-35653","SW-RES-1-W","2022-03-03",33321
"Customer C-43938","SW-RO-30","21-Jun-20",48279
"Customer C-26672","SW-RO-30","10/27/22",45132
"Customer C-01991","SW-COMM-4YD","2019-05-25",14896
"Customer C-04184","SW-RO-30YD","25-Oct-20",53828
"Customer C-22679","OLD-SVC-7","2022-01-18",8567
"Customer C-06366","SW-RES-1-BW","07-Sep-22",9201
"Customer C-43341","SW-RO-40YD","03/10/2020",64505
"Customer C-02999","SW-ROLLOFF-30YD","06/17/23",53472
"Customer C-12407","SW-ROLLOFF-20YD","02/28/24",44179
"Customer C-17028","SW-ROLLOFF-30YD","2021-06-09",47701
"Customer C-18654","SW-RO-20","08/08/2024",38495
"Customer C-35425","SW-RO-10YD","07/17/23",26287
"Customer C-22361","SW-RO-20","07/12/2019",38586
"Customer C-07081","SW-ROLLOFF-20YD","08/20/19",40496
"Customer C-07030","SW-RO-10","12/19/2023",30372
"Customer C-22902","SW-ROLLOFF-10YD","10/17/19",27806
"Customer C-00241","SW-COMM-XX","07/04/20",34557
"Customer C-39377","SW-COMM-6","11/23/2020",12742
"Customer C-42561","SW-RO-10YD","2019-05-19",27411
"Customer C-26052","SW-RO-30","07/26/2020",53862
"Customer C-42988","SW-ROLLOFF-10YD","04-Feb-19",33064
"Customer C-33840","SW-RO-30","05/07/19",47026
"Customer C-29094","SW-ROLLOFF-30YD","12/04/22",48797
"Customer C-02991","SW-ROLLOFF-40YD","2022-04-01",58870
"Customer C-10775","SW-COMM-4YD","2022-12-05",9993
"Customer C-07708","SW-RES-1-BW","09/21/24",37612
"Customer C-01613","SW-COMM-8YD","08/10/2024",15406
"Customer C-33019","SW-FL-4YD","2019-10-07",15133
"Customer C-23784","SW-RO-40","12/20/2020",59751
"Customer C-09454","SW-RES-1-W","08/12/2021",9951
"Customer C-31963","SW-COMM-XX","09-Apr-20",14104
"Customer C-42148","SW-RES-1-BW","02-Oct-22",41605
"Customer C-00498","SW-RO-30YD","07/25/2022",53021
"Customer C-17407","SW-ROLLOFF-30YD","10-Sep-20",48259
"Customer C-35589","SW-FL-8YD","04-Sep-23",19323
"Customer C-15253","SW-ROLLOFF-30YD","09/14/2021",45607
"Customer C-15666","SW-ROLLOFF-30YD","02-Dec-24",50312
"Customer C-14474","SW-COMM-8YD","02/02/2021",18754
"Customer C-13681","SW-ROLLOFF-40YD","19-Jun-23",62683
"Customer C-41655","SW-RO-20","10/27/21",42608
"Customer C-30595","SW-COMM-XX","07/10/2021",32773
"Customer C-13368","SW-FL-8YD","09-Mar-24",19357
"Customer C-11393","SW-ROLLOFF-10YD","04/03/22",26634
"Customer C-18326","SW-COMM-6","10/13/2021",15545
"Customer C-06202","SW-COMM-2","09/09/2024",5644
"Customer C-08368","SW-COMM-2","04-Feb-19",10782
"Customer C-44843","SW-ROLLOFF-10YD","20-Dec-20",26507
"Customer C-37764","SW-ROLLOFF-20YD","02-Dec-19",42840
"Customer C-10597","SW-RO-30YD","07/11/24",49113
"Customer C-35335","SW-FL-2YD","2019-10-03",9494
"Customer C-32520","SW-RO-40","11/13/2022",62719
"Customer C-28516","SW-ROLLOFF-30YD","11/23/23",46048
"Customer C-33237","SW-RO-10","24-Jul-24",31584
"Customer C-10312","SW-RES-1-BW","28-Oct-21",30567
"Customer C-40901","SW-RO-10YD","13-Nov-24",26576
"Customer C-04069","SW-FL-6YD","2020-07-13",17528
"Customer C-07559","SW-COMM-4","05-Feb-21",7677
"Customer C-39166","SW-FL-2YD","2023-12-11",4290
"Customer C-06114","SW-FL-4YD","2023-03-06",10732
"Customer C-35340","SW-FL-6YD","12/08/20",13488
"Customer C-09061","SW-ROLLOFF-20YD","16-Aug-20",42349
"Customer C-34154","SW-RES-1-W","12/22/21",45731
"Customer C-43140","SW-COMM-6","28-Apr-24",14336
"Customer C-26891","SW-COMM-6","10-Dec-19",14100
"Customer C-21220","SW-COMM-2","08/23/2023",13863
"Customer C-16798","SW-COMM-4YD","05/13/21",16416
"Customer C-11108","SW-RO-20","04/18/2021",38012
"Customer C-03404","SW-FL-2YD","05/25/2020",8968
"Customer C-26332","SW-COMM-6YD","08-Aug-22",16146
"Customer C-44239","SW-FL-6YD","03-Dec-23",11597
"Customer C-02931","SW-RO-40","2021-02-08",57910
"Customer C-08166","SW-COMM-8","28-Sep-22",22186
"Customer C-19977","SW-RO-20YD","01/10/2020",38569
"Customer C-02932","SW-FL-6YD","2024-03-25",13685
"Customer C-33051","SW-RO-30","05-Dec-21",52491
"Customer C-11338","SW-COMM-4YD","02-Dec-23",10946
"Customer C-43462","SW-FL-2YD","2020-11-23",10540
"Customer C-14205","SW-RO-30YD","2020-08-24",50626
"Customer C-13622","SW-COMM-2","10-Jan-24",7329
"Customer C-43167","LEGACY-CODE","2020-11-16",64185
"Customer C-00791","SW-RO-10","04/14/2024",29220
"Customer C-13474","SW-RO-40","11/23/2022",57120
"Customer C-39628","SW-FL-6YD","10/12/2021",10503
"Customer C-08510","SW-RO-30YD","06/04/2024",48096
"Customer C-01860","SW-FL-8YD","08/19/19",19148
"Customer C-35199","SW-COMM-8","06/19/23",19577
"Customer C-21486","SW-RO-10","24-Sep-22",33775
"Customer C-01015","SW-COMM-6YD","06/17/2024",15770
"Customer C-18455","SW-RO-20","2022-06-11",43510
"Customer C-06665","SW-RES-1-M","2020-12-11",17474
"Customer C-31996","SW-FL-8YD","2022-01-26",16861
"Customer C-19677","SW-COMM-8YD","2020-08-05",14701
"Customer C-34897","SW-COMM-8","10-Nov-19",17630
"Customer C-02878","SW-RO-40","08/18/2019",57910
"Customer C-41452","SW-ROLLOFF-30YD","15-Jan-24",48917
"Customer C-30227","SW-RO-40","25-Apr-19",55197
"Customer C-40688","SW-COMM-4","18-Apr-21",7810
"Customer C-25346","SW-RO-40","05/23/20",56527
"Customer C-06483","SW-COMM-6","2019-03-22",11425
"Customer C-29374","SW-COMM-6YD","03/04/2021",14582
"Customer C-08800","SW-FL-2YD","2023-04-28",9788
"Customer C-36041","SW-RO-30","17-Dec-22",52262
"Customer C-07379","SW-COMM-8","21-Sep-19",16147
"Customer C-16406","SW-ROLLOFF-30YD","04/24/21",51625
"Customer C-12683","SW-COMM-6","2023-06-28",15420
"Customer C-37298","SW-COMM-2","08/11/20",8987
"Customer C-37555","SW-ROLLOFF-20YD","2019-02-15",35778
"Customer C-32092","SW-COMM-2YD","12/04/21",8487
"Customer C-33215","SW-COMM-2YD","09/03/22",5380
"Customer C-07702","SW-ROLLOFF-30YD","03/17/22",50853
"Customer C-42200","SW-COMM-8","16-Aug-19",17266
"Customer C-03983","SW-FL-8YD","03/14/2020",22350
"Customer C-16690","SW-FL-8YD","10-Aug-24",13349
"Customer C-43939","SW-ROLLOFF-40YD","01-Dec-22",58818
"Customer C-23449","SW-RES-1-M","15-Feb-23",15246
"Customer C-18428","SW-RO-10YD","08/04/2019",33500
"Customer C-10669","SW-RO-10YD","09/04/24",31020
"Customer C-21687","SW-RO-30","07/08/2024",52935
"Customer C-14257","SW-RO-30","06-Jun-20",50975
"Customer C-44230","SW-FL-8YD","11/19/23",17175
"Customer C-09044","SW-COMM-XX","08/10/24",37538
"Customer C-14237","SW-RO-10","08/11/2020",32598
"Customer C-08071","SW-FL-2YD","11/26/2022",6217
"Customer C-05988","SW-RO-20YD","06/14/20",44503
"Customer C-34404","SW-RO-10YD","20-Mar-20",28475
"Customer C-28200","SW-COMM-4YD","08/10/19",9566
"Customer C-33454","SW-RO-20YD","11/06/2022",35384
"Customer C-04075","SW-RO-30","04/20/20",51163
"Customer C-28677","SW-ROLLOFF-40YD","21-Apr-23",61931
"Customer C-22824","SW-ROLLOFF-10YD","10/19/20",30205
"Customer C-44818","SW-RO-10","04/01/2021",30825
"Customer C-42427","SW-RO-40YD","02/01/2024",58325
"Customer C-14367","SW-COMM-8YD","09/11/23",22792
"Customer C-23809","SW-ROLLOFF-10YD","21-Apr-21",31918
"Customer C-20995","SW-RO-40YD","2023-07-28",63311
"Customer C-08047","SW-COMM-4YD","01/28/2024",11848
"Customer C-23212","SW-COMM-2YD","2020-03-22",9289
"Customer C-04063","SW-ROLLOFF-40YD","13-Jan-21",61522
"Customer C-13350","SW-FL-8YD","23-May-19",16513
"Customer C-00457","SW-RO-10YD","07/28/2021",33491
"Customer C-09499","SW-FL-2YD","02-Nov-20",12985
"Customer C-29896","SW-RO-40","2021-11-22",59105
"Customer C-24776","SW-COMM-8YD","03-Jan-19",21419
"Customer C-11053","SW-RO-40YD","11/25/2023",63150
"Customer C-44776","SW-ROLLOFF-20YD","04/14/2024",38430
"Customer C-26580","SW-ROLLOFF-30YD","03-Sep-20",51123
"Customer C-43250","SW-FL-8YD","10/02/2020",18948
"Customer C-25361","SW-RO-30YD","10/23/20",47463
"Customer C-29886","SW-COMM-2YD","2019-10-28",7323
"Customer C-32429","SW-ROLLOFF-40YD","2021-11-03",61967
"Customer C-23833","SW-RO-10","02/12/2021",27562
"Customer C-38657","SW-ROLLOFF-20YD","01-Apr-20",44350
"Customer C-08719","SW-RO-30","17-Dec-22",49890
"Customer C-01555","SW-COMM-4","10/11/22",11481
"Customer C-29344","SW-ROLLOFF-10YD","2019-03-23",30266
"Customer C-09255","SW-COMM-4","12/16/2023",14249
"Customer C-08687","SW-ROLLOFF-40YD","16-Feb-24",56935
"Customer C-41787","SW-ROLLOFF-10YD","07/10/20",27714
"Customer C-24793","SW-RES-1-W","08/07/2023",46809
"Customer C-02280","SW-RO-10YD","09/10/2022",34131
"Customer C-04965","SW-RO-30YD","2024-10-01",45133
"Customer C-33598","SW-ROLLOFF-10YD","06/17/2023",33178
"Customer C-33028","SW-RO-30YD","02/09/24",53730
"Customer C-26795","OLD-SVC-7","12/06/24",7694
"Customer C-36544","SW-RES-1-M","01/21/23",18579
"Customer C-29892","SW-RO-40","01/11/2024",55784
"Customer C-13978","SW-COMM-8","2024-11-11",18580
"Customer C-41072","SW-RO-20YD","12/16/2023",41326
"Customer C-31692","SW-ROLLOFF-20YD","09/12/2020",40987
"Customer C-14070","SW-RO-10YD","2022-09-01",34746
"Customer C-07325","SW-ROLLOFF-40YD","04/25/24",59007
"Customer C-05999","SW-FL-2YD","2019-03-23",7136
"Customer C-06907","SW-COMM-2YD","2022-05-15",11308
"Customer C-06642","SW-ROLLOFF-30YD","12/18/2022",54446
"Customer C-03984","SW-FL-6YD","2021-08-01",19946
"Customer C-27390","SW-RO-20","14-Apr-24",35857
"Customer C-14190","SW-COMM-8","08-Mar-21",20813
"Customer C-16899","SW-COMM-4","2019-02-17",8016
"Customer C-30121","SW-FL-2YD","15-Nov-24",10000
"Customer C-08330","SW-ROLLOFF-10YD","04/23/2022",28145
"Customer C-41142","SW-COMM-6","10/18/2019",10361
"Customer C-29596","SW-COMM-2YD","03/19/2021",7440
"Customer C-01787","SW-RO-30","2024-10-20",54922
"Customer C-02799","SW-FL-8YD","10/16/20",17658
"Customer C-21851","SW-FL-6YD","01/20/2021",19854
"Customer C-33447","OLD-SVC-7","2020-07-17",37393
"Customer C-26562","SW-COMM-8YD","03/01/2021",13355
"Customer C-27795","SW-FL-8YD","2019-02-09",14866
"Customer C-34371","SW-RO-40","08/03/2021",63426
"Customer C-12617","SW-COMM-6","01/06/2020",15994
"Customer C-23017","SW-FL-4YD","03/18/2023",8097
"Customer C-15454","SW-ROLLOFF-40YD","05/01/2023",55261
"Customer C-34266","SW-RO-40YD","24-Feb-24",62771
"Customer C-01760","SW-COMM-4","10/07/2022",9265
"Customer C-32900","SW-COMM-2","10/08/2022",5438
"Customer C-08296","SW-FL-4YD","13-May-22",12746
"Customer C-36780","SW-RO-30","2022-11-14",46605
"Customer C-39946","SW-COMM-6YD","2019-10-14",17304
"Customer C-02365","SW-RO-30YD","07/12/19",46008
"Customer C-05274","SW-RO-10","11/26/22",32915
"Customer C-17577","SW-RO-20YD","2021-11-27",42462
"Customer C-08906","SW-RO-30YD","11/02/2020",46075
"Customer C-40650","SW-RO-30YD","23-Jul-23",52508
"Customer C-23777","SW-FL-4YD","02/21/22",10079
"Customer C-20383","SW-ROLLOFF-30YD","11/18/2019",46964
"Customer C-43138","SW-XX-99YD","2021-07-13",16233
"Customer C-34271","SW-RO-40","04/24/2020",58743
"Customer C-26976","SW-ROLLOFF-30YD","10/11/21",49660
"Customer C-36222","SW-ROLLOFF-30YD","02/22/2022",52649
"Customer C-23109","SW-ROLLOFF-30YD","2019-10-13",46643
"Customer C-02862","SW-RO-30","23-Dec-20",47280
"Customer C-05536","SW-RO-10","10/14/2021",33531
"Customer C-24507","SW-RO-30","08/19/24",51847
"Customer C-35852","SW-COMM-6","03/08/2021",12120
"Customer C-33878","SW-RO-30","10/08/24",50378
"Customer C-20314","SW-RES-1-BW","08/18/2022",18580
"Customer C-26744","SW-ROLLOFF-40YD","06/26/2023",57113
"Customer C-14930","SW-RO-10","03/15/2023",25742
"Customer C-11067","SW-FL-6YD","01/21/23",13690
"Customer C-39974","SW-RO-10YD","2023-08-07",30202
"Customer C-36893","SW-RO-20","25-Nov-23",36621
"Customer C-34613","SW-ROLLOFF-30YD","25-Sep-22",46394
"Customer C-11361","SW-RO-20","05/06/23",37566
"Customer C-05915","SW-RES-1-W","02/03/2022",28632
"Customer C-23275","SW-COMM-2","01/13/2019",10110
"Customer C-16245","SW-RO-30","11/13/21",46792
"Customer C-44478","SW-FL-2YD","15-Feb-23",11194
"Customer C-20025","SW-RO-20","04/04/24",38304
"Customer C-18020","NOPE-1","02/09/2021",55645
"Customer C-11561","SW-RO-30YD","07/18/2021",47546
"Customer C-40926","SW-FL-2YD","04/15/20",9176
"Customer C-01754","SW-RO-40YD","04/10/2021",57414
"Customer C-44460","SW-RO-40YD","04/09/2024",64005
"Customer C-11145","SW-COMM-6YD","2019-04-09",11300
"Customer C-26422","SW-FL-4YD","11/13/2019",15823
"Customer C-21619","SW-RO-10YD","01/24/21",33409
"Customer C-40251","SW-RO-20","2019-12-17",37392
"Customer C-22378","SW-FL-2YD","20-Dec-24",13614
"Customer C-06309","SW-COMM-8YD","07/21/2019",13197
"Customer C-18083","SW-COMM-6","07/12/2020",13632
"Customer C-37596","SW-FL-8YD","08/16/20",22380
"Customer C-28438","SW-RO-40YD","03/17/21",56514
"Customer C-35631","SW-COMM-2","09/19/2020",11347
"Customer C-38527","SW-COMM-8","04/16/21",15815
"Customer C-22824","SW-RO-20YD","11/06/2023",44960
"Customer C-13338","SW-RES-1-W","08/01/23",52233
"Customer C-30549","SW-FL-4YD","05/08/2024",11770
"Customer C-22150","SW-RO-40","08-Mar-19",55040
"Customer C-14239","SW-COMM-4YD","05-Jun-24",7107
"Customer C-41115","SW-FL-8YD","06/15/19",15173
"Customer C-30738","SW-RO-30","12-Mar-21",46422
"Customer C-44693","SW-RES-1-M","2021-04-23",15337
"Customer C-20050","SW-RO-20YD","2022-01-18",43186
"Customer C-32217","SW-FL-2YD","11/11/2021",8949
"Customer C-00695","SW-RES-1-M","11/09/2021",59182
"Customer C-14342","SW-COMM-6YD","07/01/19",17237
"Customer C-33560","SW-RO-30YD","15-Apr-20",51941
"Customer C-00441","SW-COMM-2","04/10/2020",7655
"Customer C-19516","SW-RO-20YD","2021-07-14",40240
"Customer C-16753","SW-RO-40","2024-05-18",61953
"Customer C-05775","SW-FL-8YD","24-May-23",13496
"Customer C-36173","SW-RO-30","2023-02-14",48453
"Customer C-00738","SW-COMM-8YD","2019-09-01",13795
"Customer C-00337","SW-RO-10","2020-05-06",30410
"Customer C-22978","SW-COMM-4YD","05/26/2023",11422
"Customer C-10738","SW-FL-2YD","08/07/2024",5624
"Customer C-29047","SW-FL-4YD","08/05/2020",16380
"Customer C-44594","SW-ROLLOFF-40YD","07-Apr-20",61383
"Customer C-31556","SW-FL-8YD","01/02/20",21396
"Customer C-24351","SW-COMM-8YD","02/07/19",14544
"Customer C-42692","SW-RO-40YD","09/07/22",61965
"Customer C-29507","SW-COMM-4","01/07/2024",16539
"Customer C-14097","SW-RO-20YD","03/24/2023",42490
"Customer C-26697","SW-RES-1-W","27-Jun-20",15543
"Customer C-17199","SW-RO-40","11/18/2020",56228
"Customer C-02249","SW-RO-20","12-Jun-20",40762
"Customer C-14764","SW-ROLLOFF-40YD","01/05/2022",59914
"Customer C-35387","SW-RO-30YD","2019-05-01",51358
"Customer C-07364","SW-ROLLOFF-20YD","01/24/2021",36340
"Customer C-44915","SW-COMM-8YD","09-Jan-19",15463
"Customer C-15885","SW-RO-10","01/26/20",26425
"Customer C-32842","SW-RES-1-BW","03/02/24",50979
"Customer C-18473","SW-RO-40YD","06/20/2024",61540
"Customer C-22947","SW-COMM-8YD","10/01/2022",19995
"Customer C-11743","SW-RES-1-W","2021-09-04",15805
"Customer C-25854","SW-ROLLOFF-10YD","10/11/20",34257
"Customer C-03318","SW-ROLLOFF-20YD","12/07/2024",35065
"Customer C-16295","SW-ROLLOFF-10YD","2023-08-16",27695
"Customer C-38246","SW-FL-4YD","08/11/2023",16209
"Customer C-14112","SW-COMM-4YD","17-Apr-23",11161
"Customer C-09996","SW-ROLLOFF-40YD","05/12/24",63701
"Customer C-13481","SW-RO-40","05/07/2024",58249
"Customer C-29466","SW-FL-4YD","05/12/2022",15996
"Customer C-37043","SW-RO-30YD","2021-04-04",52156
"Customer C-39973","SW-FL-6YD","02/04/2022",19902
"Customer C-42199","SW-RES-1-M","06-Jan-21",49367
"Customer C-06816","SW-RO-20","2023-07-24",37301
"Customer C-04092","SW-ROLLOFF-20YD","03/01/2021",39496
"Customer C-43731","SW-RES-1-BW","2019-10-13",56168
"Customer C-19218","SW-COMM-8YD","2022-11-06",21516
"Customer C-17097","SW-RO-10YD","2021-12-24",34719
"Customer C-14079","SW-RO-10","09/15/2019",31353
"Customer C-15963","SW-RO-30YD","21-Mar-23",48701
"Customer C-02301","SW-COMM-XX","04/22/2021",37090
"Customer C-39471","SW-RO-30","27-Feb-23",51671
"Customer C-38850","SW-ROLLOFF-20YD","16-Jun-19",39921
"Customer C-35379","SW-ROLLOFF-40YD","08/17/2023",60220
"Customer C-15343","SW-FL-6YD","16-Jun-21",14783
"Customer C-14058","SW-FL-4YD","04/09/22",10520
"Customer C-14834","SW-ROLLOFF-30YD","10/17/19",52055
"Customer C-05928","SW-COMM-6YD","03/23/2022",13577
"Customer C-32428","SW-COMM-4","03/06/19",9620
"Customer C-06263","SW-COMM-4YD","15-Feb-21",15062
"Customer C-44746","LEGACY-CODE","2024-09-20",15425
"Customer C-24997","SW-COMM-6","08/04/19",17238
"Customer C-13986","SW-COMM-2YD","10/27/2020",7449
"Customer C-42452","SW-RO-30YD","05/27/19",50508
"Customer C-18231","SW-COMM-2","2021-06-21",10449
"Customer C-20470","SW-RO-10YD","2022-08-21",28960
"Customer C-29423","SW-FL-4YD","12/28/2023",13266
"Customer C-25039","SW-RO-20YD","12/20/2023",43889
"Customer C-15591","SW-COMM-8YD","2024-02-02",15090
"Customer C-26104","SW-ROLLOFF-40YD","05/02/2024",58348
"Customer C-44759","SW-ROLLOFF-10YD","07/20/22",28839
"Customer C-05808","SW-RO-10YD","2020-03-16",31384
"Customer C-27127","SW-RO-40YD","2024-12-12",62869
"Customer C-37490","SW-COMM-2YD","03-Oct-19",8177
"Customer C-44110","SW-FL-8YD","01/25/2022",19297
"Customer C-26483","SW-RO-40","05/22/2023",57814
"Customer C-00825","SW-RES-1-BW","01/07/21",27620
"Customer C-39491","SW-RO-10","12/18/19",28901
"Customer C-16121","LEGACY-CODE","2020-07-25",4727
"Customer C-16523","SW-FL-6YD","02/07/21",14825
"Customer C-08349","NOPE-1","19-Apr-19",13898
"Customer C-31961","SW-ROLLOFF-20YD","12/27/24",41914
"Customer C-11404","SW-RO-40","03/11/2019",64466
"Customer C-44626","SW-COMM-6","05/26/2024",17266
"Customer C-12684","SW-FL-8YD","2019-12-11",16985
"Customer C-35360","SW-RES-1-BW","10/11/24",9816
"Customer C-25961","SW-COMM-8YD","2022-07-17",18875
"Customer C-41582","SW-RO-30YD","2024-06-08",50461
"Customer C-36964","SW-COMM-8","03/24/2019",18370
"Customer C-20503","SW-COMM-8YD","04/28/2020",18960
"Customer C-42885","SW-RO-40","2024-07-18",58938
"Customer C-16911","SW-COMM-2YD","19-Apr-19",9422
"Customer C-15786","SW-ROLLOFF-40YD","01/01/2019",63892
"Customer C-05930","SW-ROLLOFF-10YD","01/08/2020",34664
"Customer C-39330","SW-ROLLOFF-10YD","06/11/2020",27585
"Customer C-11527","SW-RO-20","24-Apr-23",39835
"Customer C-07771","SW-RO-30YD","2020-10-14",52373
"Customer C-36373","SW-ROLLOFF-10YD","01/04/20",29541
"Customer C-38412","SW-FL-8YD","11/14/2019",16314
"Customer C-16248","SW-COMM-6YD","20-Sep-23",15383
"Customer C-16675","SW-RO-40","2021-08-22",59207
"Customer C-13493","SW-RO-40YD","2024-11-15",58922
"Customer C-16880","SW-RO-20YD","05-Jun-23",37904
"Customer C-37748","SW-COMM-8","04/16/2023",18506
"Customer C-00882","SW-COMM-2","06/06/2021",9553
"Customer C-12226","SW-RO-40","03/16/23",56856
"Customer C-39517","SW-COMM-8YD","2024-01-25",21111
"Customer C-23647","SW-ROLLOFF-40YD","2024-10-25",57872
"Customer C-11694","SW-RO-20","06/19/2023",35371
"Customer C-20824","SW-RO-20YD","11/27/23",41363
"Customer C-15858","SW-RO-10","06/07/2023",33776
"Customer C-37971","SW-RO-10","07/09/21",30310
"Customer C-35203","SW-COMM-6","10/24/2024",13103
"Customer C-13367","SW-FL-2YD","03-Jul-19",7911
"Customer C-04104","SW-FL-6YD","02/15/2019",12169
"Customer C-25749","SW-RES-1-M","02/09/2021",27686
"Customer C-44489","SW-COMM-4","08/02/2022",16351
"Customer C-37558","SW-ROLLOFF-20YD","12/05/2023",35397
"Customer C-00290","SW-RO-40","19-Jul-22",61385
"Customer C-32003","SW-RO-20YD","11/27/22",41930
"Customer C-16364","SW-COMM-4YD","03/06/20",14430
"Customer C-13233","SW-RO-30","27-Jun-20",50005
"Customer C-36295","SW-COMM-2YD","18-May-24",5618
"Customer C-23323","SW-COMM-8YD","11/15/2019",14343
"Customer C-39877","SW-COMM-2","12/01/23",9588
"Customer C-33195","SW-RES-1-M","11-Jul-22",27795
"Customer C-21489","SW-RO-30YD","28-Nov-22",53287
"Customer C-05288","SW-RO-40YD","2020-03-02",57997
"Customer C-04438","SW-RES-1-M","12/04/22",12821
"Customer C-24850","SW-COMM-8","11/18/2019",18707
"Customer C-19821","SW-COMM-6YD","2024-10-08",17760
"Customer C-41515","SW-RO-30","04/08/21",47255
"Customer C-31522","SW-RO-20YD","09/13/2020",42559
"Customer C-12646","SW-ROLLOFF-20YD","12/01/2020",42640
"Customer C-22920","SW-RO-40","02/04/2023",61181
"Customer C-35724","SW-COMM-6YD","2023-09-01",16345
"Customer C-19956","SW-RO-10YD","11/11/2019",25199
"Customer C-05764","SW-COMM-4YD","08/15/2020",16084
"Customer C-41985","SW-ROLLOFF-30YD","11/13/2024",54034
"Customer C-10895","SW-ROLLOFF-10YD","11-Nov-23",29009
"Customer C-34865","SW-COMM-6","2023-10-14",17442
"Customer C-13300","SW-ROLLOFF-10YD","03/06/2021",30946
"Customer C-35524","SW-RO-10","06/16/21",28979
"Customer C-22200","SW-RES-1-M","2019-07-16",55002
"Customer C-37315","SW-RO-10YD","12/22/20",29169
"Customer C-28286","SW-COMM-XX","05-Mar-20",32532
"Customer C-15421","SW-COMM-2YD","09/01/24",11354
"Customer C-04034","SW-FL-4YD","05/04/2020",12590
"Customer C-07551","SW-RO-40","07/20/2022",61018
"Customer C-02694","SW-RO-30","05/15/19",48652
"Customer C-24524","SW-FL-6YD","02/13/22",15967
"Customer C-03891","SW-RO-10","01/23/2023",25942
"Customer C-35981","SW-ROLLOFF-40YD","2024-11-02",64985
"Customer C-12577","SW-RO-40","10/09/24",59955
"Customer C-20581","SW-COMM-2YD","10/26/23",11303
"Customer C-15451","SW-RO-30","05/17/22",53576
"Customer C-19482","SW-COMM-4YD","2024-06-11",8885
"Customer C-13334","SW-ROLLOFF-40YD","2023-04-23",55406
"Customer C-37753","SW-RO-30YD","2020-02-09",49641
"Customer C-21253","SW-RES-1-M","10/19/21",7666
"Customer C-31828","SW-RES-1-BW","11/14/23",55056
"Customer C-38630","SW-COMM-6","04/20/2022",18606
"Customer C-22320","SW-RO-40","10/16/21",60175
"Customer C-31755","SW-ROLLOFF-30YD","11-Jul-22",50549
"Customer C-30060","SW-RES-1-BW","06/15/2020",54561
"Customer C-34529","SW-FL-4YD","08/07/2023",15795
"Customer C-19058","SW-ROLLOFF-20YD","07/26/2023",37601
"Customer C-31529","SW-COMM-4YD","03/24/20",8262
"Customer C-02118","SW-FL-2YD","05/04/2024",13916
"Customer C-04113","SW-COMM-8","2019-09-16",20562
"Customer C-26441","SW-COMM-2","2021-01-06",10345
"Customer C-05805","SW-COMM-4YD","08/11/2019",12471
"Customer C-16195","SW-FL-2YD","12/10/19",12486
"Customer C-35304","SW-RO-10YD","2019-04-25",34397
"Customer C-39576","SW-COMM-2","05/14/2024",11984
"Customer C-08939","SW-COMM-8","04/22/2023",21480
"Customer C-06611","SW-COMM-XX","26-Feb-21",42785
"Customer C-35583","SW-COMM-6YD","11/13/2022",13863
"Customer C-36362","SW-RO-10YD","12-Sep-22",30551
"Customer C-03207","SW-RO-10","07/28/20",25784
"Customer C-09560","SW-COMM-2","03/04/21",9492
"Customer C-13837","SW-COMM-2YD","09/25/20",10551
"Customer C-25376","SW-COMM-2YD","07-Nov-19",5093
"Customer C-38518","SW-ROLLOFF-20YD","03/21/22",37864
"Customer C-17456","SW-COMM-6","14-Jun-23",16479
"Customer C-22336","SW-RO-30YD","06/08/2021",45153
"Customer C-12296","SW-COMM-4","08/21/22",13639
"Customer C-03352","SW-RO-30YD","2021-01-04",49090
"Customer C-34786","SW-COMM-8YD","02/18/2021",22539
"Customer C-32264","SW-COMM-6YD","06/18/2022",14564
"Customer C-28367","SW-ROLLOFF-40YD","11/11/2019",62826
"Customer C-26255","SW-RO-30YD","10/08/2022",51265
"Customer C-08220","SW-RES-1-BW","04/07/2021",51400
"Customer C-00779","SW-RO-20YD","21-Aug-23",41796
"Customer C-26280","SW-RES-1-M","09/13/2019",12496
"Customer C-00823","SW-COMM-4YD","18-Dec-24",12306
"Customer C-42390","NOPE-1","05/02/2020",58498
"Customer C-21041","NOPE-1","27-May-24",6521
"Customer C-09543","SW-ROLLOFF-20YD","2019-08-23",44531
"Customer C-45000","SW-RO-10","2020-05-26",30651
"Customer C-36019","SW-ROLLOFF-40YD","2022-09-26",57868
"Customer C-07140","SW-ROLLOFF-10YD","10/21/24",28777
"Customer C-00589","SW-RO-10","11-Mar-19",31985
"Customer C-32523","SW-COMM-4YD","03/20/2020",13282
"Customer C-14927","SW-RES-1-M","2019-02-04",12496
"Customer C-22746","SW-COMM-2YD","03/15/24",13693
"Customer C-44379","SW-RO-20","2022-09-10",35201
"Customer C-28867","SW-COMM-8","2021-05-23",16840
"Customer C-18171","SW-ROLLOFF-40YD","09/15/23",55322
"Customer C-05544","SW-COMM-8","09/24/23",13763
"Customer C-40796","SW-XX-99YD","09/03/20",8894
"Customer C-44094","SW-RO-40","16-Nov-24",62980
"Customer C-21537","SW-COMM-4","18-Sep-22",12176
"Customer C-18537","SW-COMM-2","12/01/20",6394
"Customer C-05897","SW-FL-8YD","10/08/2019",14585
"Customer C-16223","SW-RES-1-M","2022-10-24",46572
"Customer C-01448","SW-COMM-2YD","05/28/2019",5480
"Customer C-03368","SW-RO-10","09/14/22",27743
"Customer C-11550","SW-ROLLOFF-40YD","03/05/2023",60500
"Customer C-15764","SW-ROLLOFF-30YD","2019-03-05",51354
"Customer C-07274","SW-RO-40YD","06-Jul-20",56672
"Customer C-39955","SW-COMM-2YD","2019-12-19",11817
"Customer C-33559","SW-COMM-2YD","06/17/23",9234
"Customer C-22315","SW-ROLLOFF-40YD","05/26/2019",55040
"Customer C-32685","SW-COMM-6YD","2019-04-24",18461
"Customer C-06552","SW-COMM-8","2024-06-14",18657
"Customer C-44809","SW-RO-30","09-Jan-24",50784
"Customer C-14189","SW-COMM-6","03/06/23",15220
"Customer C-14201","SW-ROLLOFF-20YD","2022-06-06",44356
"Customer C-31779","SW-ROLLOFF-30YD","2020-10-19",51296
"Customer C-25739","SW-FL-4YD","11/07/2019",14463
"Customer C-16811","SW-COMM-8YD","05-Sep-22",15793
"Customer C-41590","SW-ROLLOFF-40YD","04/02/2020",55176
"Customer C-07942","SW-RO-10YD","08/26/2022",30044
"Customer C-14722","LEGACY-CODE","10/21/2019",49197
"Customer C-25848","SW-FL-2YD","02/06/2023",8781
"Customer C-33845","SW-RO-40","10/19/20",62821
"Customer C-40029","SW-COMM-6YD","2022-02-05",12919
"Customer C-18353","SW-COMM-8YD","05-Oct-19",22205
"Customer C-31077","SW-RES-1-W","11/20/22",31467
"Customer C-19949","SW-RO-30","04/03/2023",52857
"Customer C-07620","NOPE-1","07/26/2022",9389
"Customer C-15399","SW-FL-6YD","03/05/2021",18369
"Customer C-14373","SW-RO-10YD","08/09/2020",30735
"Customer C-25377","SW-RO-20","17-Jul-23",38875
"Customer C-31951","SW-RO-10YD","2020-07-28",30391
"Customer C-31656","SW-RO-10","2020-07-18",30667
"Customer C-01984","SW-RO-30","08/15/2024",47356
"Customer C-32446","SW-RO-10","12/03/2024",31433
"Customer C-25032","SW-RES-1-W","2021-02-26",38954
"Customer C-29097","SW-ROLLOFF-40YD","06/03/2023",56422
"Customer C-23829","SW-ROLLOFF-40YD","2023-01-27",55004
"Customer C-26214","SW-RO-20YD","08/03/2023",42792
"Customer C-08183","SW-RO-30YD","2020-03-14",46404
"Customer C-08401","SW-COMM-6","2022-07-26",13401
"Customer C-27033","SW-RO-40YD","12/28/22",58277
"Customer C-18287","SW-COMM-6YD","14-Aug-22",14566
"Customer C-14435","SW-COMM-4YD","06/15/2024",16189
"Customer C-14101","SW-RES-1-M","26-Oct-21",14918
"Customer C-31657","SW-ROLLOFF-40YD","19-Jul-20",60756
"Customer C-28685","NOPE-1","04/04/2024",19892
"Customer C-21840","SW-RES-1-BW","09/01/2021",10513
"Customer C-27507","SW-FL-8YD","07/24/23",22964
"Customer C-08190","SW-ROLLOFF-20YD","2019-05-18",39564
"Customer C-26356","SW-FL-6YD","16-Nov-21",18155
"Customer C-44439","SW-ROLLOFF-20YD","01/21/2020",39380
"Customer C-15327","SW-RO-20YD","21-Nov-20",42436
"Customer C-16685","SW-COMM-2","2022-01-19",5447
"Customer C-34182","SW-ROLLOFF-10YD","2020-02-16",33773
"Customer C-40017","SW-COMM-8YD","2020-09-27",21155
"Customer C-22692","SW-ROLLOFF-40YD","2024-10-08",58807
"Customer C-10228","SW-COMM-6YD","2023-03-27",13802
"Customer C-40970","NOPE-1","10/04/2021",10546
"Customer C-06953","SW-FL-2YD","07/19/2020",7129
"Customer C-00253","SW-RES-1-BW","03/16/20",63801
"Customer C-04598","SW-RES-1-W","28-Jul-24",55485
"Customer C-16776","SW-FL-8YD","10/21/2021",14710
"Customer C-23950","SW-COMM-6YD","04/10/2019",16667
"Customer C-31194","SW-RO-30","05/19/22",47170
"Customer C-27141","SW-ROLLOFF-10YD","07-Mar-22",33040
"Customer C-06809","SW-FL-4YD","11-Jul-19",11104
"Customer C-18155","SW-ROLLOFF-10YD","03/09/23",26149
"Customer C-18699","SW-ROLLOFF-40YD","2020-10-23",64048
"Customer C-12288","SW-RO-30YD","2024-01-16",48122
"Customer C-10258","SW-ROLLOFF-20YD","12/01/2020",40902
"Customer C-20095","SW-ROLLOFF-20YD","03/01/19",43956
"Customer C-44555","SW-ROLLOFF-30YD","11/25/24",51224
"Customer C-09678","SW-RO-20","01-Sep-23",36047
"Customer C-14383","SW-RO-40YD","12/01/2022",59282
"Customer C-28102","SW-COMM-6","08/07/2020",16107
"Customer C-24548","SW-COMM-4","23-May-20",11511
"Customer C-12308","SW-RO-40YD","13-Apr-23",63036
"Customer C-38345","SW-XX-99YD","02/01/2023",13342
"Customer C-17945","LEGACY-CODE","07/20/20",7156
"Customer C-38579","SW-RO-30","2021-04-23",54613
"Customer C-27323","SW-ROLLOFF-10YD","19-Mar-20",32148
"Customer C-07904","SW-FL-4YD","2023-07-24",12165
"Customer C-23053","SW-RES-1-W","07/21/2019",49731
"Customer C-39558","SW-RES-1-BW","2021-08-09",64737
"Customer C-15858","SW-RO-20","05/19/19",41233
"Customer C-22798","SW-FL-4YD","05/21/23",11939
"Customer C-09196","NOPE-1","05-Jun-19",17640
"Customer C-24862","SW-FL-2YD","18-Mar-20",9354
"Customer C-31607","SW-COMM-2YD","2019-09-16",12047
"Customer C-24205","SW-RO-40YD","22-Feb-22",59044
"Customer C-05016","SW-ROLLOFF-40YD","03/24/20",61943
"Customer C-33191","SW-RO-40YD","11/27/19",63683
"Customer C-24583","SW-COMM-2YD","2019-09-11",11207
"Customer C-35960","SW-COMM-XX","06-Oct-22",17949
"Customer C-09175","SW-RO-40YD","27-Apr-24",64980
"Customer C-02650","SW-RO-40","02/08/2024",60805
"Customer C-16647","SW-FL-2YD","04/27/2022",12219
"Customer C-02685","SW-RO-20","02/21/2020",36882
"Customer C-30207","SW-COMM-8YD","21-Sep-24",20843
"Customer C-36667","SW-FL-2YD","10/12/2022",13744
"Customer C-22155","SW-COMM-8","11/07/24",22210
"Customer C-05189","SW-RO-10","2021-04-15",30850
"Customer C-10561","SW-RO-30","08/09/2023",53051
"Customer C-03110","SW-COMM-6","16-Feb-22",17207
"Customer C-28782","SW-ROLLOFF-20YD","2024-07-17",35977
"Customer C-35195","OLD-SVC-7","04/24/2024",9199
"Customer C-01153","SW-COMM-6","06/15/2019",11637
"Customer C-12549","SW-ROLLOFF-30YD","15-May-19",48811
"Customer C-19513","SW-ROLLOFF-20YD","02-Jan-23",36923
"Customer C-12604","SW-ROLLOFF-10YD","20-Jun-21",30837
"Customer C-28728","SW-RO-30YD","06/18/2023",47260
"Customer C-07623","SW-COMM-4YD","05/01/2019",8501
"Customer C-01689","SW-RO-20","2019-05-05",37087
"Customer C-37497","SW-COMM-4","05-May-22",9892
"Customer C-26853","SW-RES-1-BW","2021-07-14",62998
"Customer C-42452","SW-RO-20YD","10/28/2023",35976
"Customer C-25675","SW-COMM-6YD","2024-06-01",16643
"Customer C-36061","SW-COMM-8","2021-01-23",17982
"Customer C-02740","SW-ROLLOFF-30YD","2020-02-16",50390
"Customer C-21012","SW-RES-1-BW","2022-12-23",7100
"Customer C-19218","SW-RO-30","2021-09-10",52448
"Customer C-02913","SW-RES-1-W","2021-12-09",54318
"Customer C-41947","SW-RO-40YD","08/26/2023",58962
"Customer C-42586","SW-ROLLOFF-40YD","19-Jul-19",60357
"Customer C-30587","SW-XX-99YD","2020-12-14",16149
"Customer C-37390","SW-COMM-8YD","12/12/2021",17331
"Customer C-03720","SW-ROLLOFF-40YD","03/25/23",61660
"Customer C-03427","SW-RO-20","12/16/2020",42477
"Customer C-14114","SW-COMM-4YD","04-Aug-22",7883
"Customer C-44837","SW-RO-40YD","03/27/2022",61071
"Customer C-43934","SW-RO-40YD","05/04/21",64542
"Customer C-23925","SW-RO-10","2024-12-03",28740
"Customer C-42752","SW-COMM-2YD","2023-09-03",11243
"Customer C-29266","SW-ROLLOFF-30YD","2020-08-04",46611
"Customer C-42039","SW-RO-30","10/22/20",49562
"Customer C-37883","SW-FL-2YD","03/14/20",5623
"Customer C-31349","SW-RO-40YD","2021-09-21",57741
"Customer C-27425","SW-COMM-2","07-Sep-19",13550
"Customer C-32496","SW-FL-4YD","16-Jun-19",14206
"Customer C-38391","SW-COMM-8YD","06/27/2021",14863
"Customer C-27856","SW-RO-40YD","2022-12-04",56218
"Customer C-14644","SW-RO-20YD","09/24/19",41436
"Customer C-04174","SW-FL-8YD","15-Nov-21",14292
"Customer C-29877","SW-ROLLOFF-10YD","11-Jan-24",33013
"Customer C-05493","SW-FL-2YD","10/21/2023",8388
"Customer C-18772","SW-FL-4YD","06/01/2024",8310
"Customer C-29768","SW-ROLLOFF-10YD","05/11/2023",32062
"Customer C-11890","SW-RO-30YD","19-Jan-20",53046
"Customer C-12864","SW-RO-10YD","02/26/20",30745
"Customer C-18384","SW-RO-40YD","09/05/2021",56351
"Customer C-35872","SW-COMM-6YD","2023-12-01",18634
"Customer C-07633","SW-ROLLOFF-20YD","2023-12-22",41554
"Customer C-27183","SW-ROLLOFF-40YD","06/08/2020",61414
"Customer C-41054","SW-COMM-4YD","07-Mar-20",14151
"Customer C-00657","SW-RO-30YD","03/11/23",50295
"Customer C-20657","SW-RO-40","05/26/2024",64332
"Customer C-17194","SW-RO-10YD","07-Feb-21",28213
"Customer C-19139","SW-RO-10","05/25/2021",31141
"Customer C-41795","SW-FL-6YD","2023-02-12",18522
"Customer C-37892","SW-ROLLOFF-20YD","20-Jun-24",44542
"Customer C-36446","SW-COMM-6","19-Feb-20",14398
"Customer C-28585","SW-COMM-6YD","2020-02-16",16392
"Customer C-18578","SW-RO-10YD","03/18/2024",30528
"Customer C-16617","SW-FL-4YD","12/02/2021",7102
"Customer C-15546","SW-RO-30YD","2020-03-20",53151
"Customer C-02594","SW-FL-6YD","2023-04-13",14407
"Customer C-40792","SW-ROLLOFF-20YD","04/27/19",44875
"Customer C-31988","SW-RO-20","04/05/24",37802
"Customer C-42608","SW-RO-40YD","10/24/2024",55134
"Customer C-15387","SW-FL-6YD","2019-03-22",13362
"Customer C-41260","SW-ROLLOFF-40YD","12/24/19",61263
"Customer C-16927","SW-COMM-4","2020-09-27",15020
"Customer C-27083","SW-RO-10YD","06/06/2023",25753
"Customer C-07938","SW-RO-20","10/21/2024",36390
"Customer C-15989","SW-RO-10YD","2022-03-23",31634
"Customer C-25041","SW-RO-20YD","07/01/24",36174
"Customer C-37539","SW-COMM-8YD","10/19/2019",14448
"Customer C-39009","SW-RES-1-W","2020-05-01",14480
"Customer C-04140","SW-RO-30","08/27/2022",53569
"Customer C-02713","SW-RO-10YD","04/15/2024",25969
"Customer C-29788","SW-FL-6YD","12/16/2022",13937
"Customer C-28226","SW-RO-30YD","2022-04-20",50940
"Customer C-21292","SW-FL-4YD","08/27/2023",12945
"Customer C-06881","SW-COMM-4YD","2023-10-28",8047
"Customer C-43216","SW-RES-1-M","2024-12-27",15975
"Customer C-05964","SW-RES-1-W","03/03/2024",15312
"Customer C-15355","SW-RO-40","02/12/22",62027
"Customer C-28107","SW-FL-8YD","09-Jun-23",17105
"Customer C-34991","SW-RES-1-M","09/10/2020",40975
"Customer C-26135","SW-COMM-8YD","06/24/23",19103
"Customer C-00364","SW-RO-10YD","2024-05-03",28699
"Customer C-19365","SW-FL-2YD","03/24/2022",4311
"Customer C-36697","SW-COMM-8YD","11-Jan-20",17720
"Customer C-21336","SW-COMM-6","10-Aug-21",19620
"Customer C-22328","SW-COMM-4YD","03/15/2020",8735
"Customer C-31847","SW-COMM-4YD","13-Sep-21",9002
"Customer C-10768","SW-RO-30","2023-05-06",45319
"Customer C-40562","SW-COMM-2YD","2019-07-24",9328
"Customer C-12218","SW-RO-40YD","08-Apr-24",61780
"Customer C-00349","SW-RO-20","2019-02-11",38598
"Customer C-39957","SW-COMM-4YD","11/15/2023",11909
"Customer C-04362","SW-RO-20","02/21/2019",40073
"Customer C-30541","SW-FL-6YD","04/05/23",12046
"Customer C-05782","SW-FL-2YD","05/22/2023",9598
"Customer C-03312","SW-FL-6YD","2023-02-05",12662
"Customer C-37508","SW-COMM-4","2019-02-07",14093
"Customer C-11284","SW-RO-30YD","07/13/2023",50296
"Customer C-38433","SW-RO-10","2024-06-06",34240
"Customer C-32337","SW-FL-2YD","15-Jun-22",4298
"Customer C-24620","SW-ROLLOFF-10YD","12/24/2023",32490
"Customer C-43474","SW-RO-20YD","07/06/2024",42613
"Customer C-27322","SW-COMM-XX","01/25/2019",4936
"Customer C-35128","SW-COMM-8","12-Sep-22",14053
"Customer C-43448","SW-FL-2YD","07-Aug-22",9237
"Customer C-17263","SW-RES-1-W","07/11/2019",44756
"Customer C-25584","SW-FL-2YD","06-Jul-24",12112
"Customer C-30168","SW-RO-20","04/18/2022",40303
"Customer C-29447","SW-FL-2YD","09/18/22",10580
"Customer C-04161","SW-COMM-8YD","02/04/2023",20245
"Customer C-42483","SW-RO-10YD","09/14/19",33227
"Customer C-33738","SW-RO-30","09/25/2023",49710
"Customer C-34122","LEGACY-CODE","03-Apr-22",40162
"Customer C-13488","SW-COMM-2YD","2019-11-02",5219
"Customer C-13530","SW-RO-10","2022-01-13",34822
"Customer C-28468","SW-RO-40","2023-08-21",60571
"Customer C-36113","SW-RO-10","2023-04-27",29408
"Customer C-08340","NOPE-1","12-May-21",14246
"Customer C-41612","SW-RO-10YD","12/25/2024",28516
"Customer C-23700","SW-FL-8YD","2024-05-03",17940
"Customer C-25097","SW-COMM-6YD","01/07/2024",11492
"Customer C-26754","SW-RO-30","05/21/2019",46121
"Customer C-13713","SW-FL-8YD","2024-11-24",15888
"Customer C-40228","SW-FL-4YD","03/25/22",16102
"Customer C-21560","SW-COMM-8YD","23-Jul-24",22456
"Customer C-11834","SW-RO-20YD","28-Dec-22",41924
"Customer C-14458","SW-ROLLOFF-40YD","2023-06-28",58316
"Customer C-35601","SW-COMM-2YD","12-Mar-20",9631
"Customer C-02265","SW-RO-20","04/25/2021",42967
"Customer C-01386","SW-RO-20YD","28-Aug-20",36419
"Customer C-12495","SW-RO-10","05/24/24",30109
"Customer C-21714","SW-RO-40YD","04-Dec-20",60840
"Customer C-37236","SW-COMM-4","08/14/22",8056
"Customer C-20562","SW-FL-4YD","01/18/23",12783
"Customer C-29887","SW-FL-2YD","05/13/2022",9359
"Customer C-15381","SW-RO-30YD","2023-12-04",53052
"Customer C-04270","SW-ROLLOFF-30YD","04/18/2023",46739
"Customer C-28405","SW-FL-6YD","03/28/2020",10876
"Customer C-44473","SW-COMM-6","12/07/24",10692
"Customer C-10760","SW-RO-30YD","2024-04-03",51634
"Customer C-19446","SW-ROLLOFF-20YD","2021-12-08",36431
"Customer C-13007","SW-COMM-2YD","05/13/2020",11189
"Customer C-13131","SW-RO-20","17-Nov-19",43339
"Customer C-02560","SW-FL-4YD","2019-05-15",9542
"Customer C-07267","SW-RES-1-M","01/23/21",13943
"Customer C-41086","SW-RO-30","04/23/22",48584
"Customer C-15891","SW-FL-6YD","04-Mar-22",19978
"Customer C-37425","SW-COMM-8YD","2020-11-01",14693
"Customer C-36586","SW-COMM-6YD","2019-04-20",13913
"Customer C-21018","SW-COMM-4","20-Aug-19",14831
"Customer C-12353","SW-COMM-4YD","07/28/2023",9956
"Customer C-18895","SW-FL-8YD","08-Oct-19",16051
"Customer C-07527","SW-RO-10YD","2020-02-21",27891
"Customer C-28103","SW-COMM-4","23-Jan-24",11186
"Customer C-38492","SW-RO-30YD","08/09/21",54559
"Customer C-10504","SW-FL-2YD","12/02/2023",12607
"Customer C-17010","SW-RES-1-M","18-May-21",15287
"Customer C-09455","SW-RO-10YD","08-Jul-21",31995
"Customer C-37281","SW-RO-30","2023-09-14",48879
"Customer C-26316","SW-RO-40YD","06-Sep-22",64826
"Customer C-42132","SW-RO-30","15-Aug-19",49430
"Customer C-00905","SW-COMM-6","17-Feb-24",11238
"Customer C-25856","SW-ROLLOFF-20YD","16-Dec-23",40559
"Customer C-43191","SW-RO-40YD","06/15/2024",64802
"Customer C-18792","SW-RO-20YD","2020-10-16",44207
"Customer C-37210","SW-XX-99YD","10/28/2019",12407
"Customer C-25173","SW-RO-20","06-Jan-21",36436
"Customer C-01006","SW-COMM-6YD","15-Oct-24",14728
"Customer C-16167","SW-FL-8YD","08/10/2022",13368
"Customer C-18760","SW-RO-10YD","11/18/2023",32565
"Customer C-30393","SW-COMM-6","10/13/2022",16212
"Customer C-24855","SW-RO-20","01/19/2024",41380
"Customer C-17260","SW-ROLLOFF-40YD","2019-04-13",58993
"Customer C-38499","SW-COMM-6YD","06/12/2024",17384
"Customer C-34342","SW-RO-20","08/12/21",35672
"Customer C-36315","SW-RO-20","01/23/2024",43818
"Customer C-12383","SW-ROLLOFF-10YD","10/25/24",32494
"Customer C-01381","SW-COMM-8YD","09/17/2020",18837
"Customer C-00401","SW-ROLLOFF-20YD","08/17/2020",35292
"Customer C-24503","SW-RO-30YD","2023-07-12",48553
"Customer C-41279","SW-ROLLOFF-40YD","07/11/22",56638
"Customer C-05079","SW-RO-10","2023-08-01",31586
"Customer C-40232","SW-ROLLOFF-20YD","08/27/23",41949
"Customer C-43737","SW-ROLLOFF-40YD","02/19/2022",62476
"Customer C-43594","SW-COMM-6YD","10/15/20",19066
"Customer C-27048","SW-RES-1-M","07/02/2020",12090
"Customer C-07315","SW-RO-40YD","12/17/23",56735
"Customer C-41222","SW-RO-20","2021-09-25",44003
"Customer C-44851","SW-COMM-2","2024-06-14",7188
"Customer C-22858","SW-RO-10YD","02-Apr-19",30358
"Customer C-26387","LEGACY-CODE","2021-06-15",39995
"Customer C-05332","SW-ROLLOFF-40YD","2021-10-08",55974
"Customer C-22985","SW-RO-40","01/20/2020",59812
"Customer C-10246","SW-RO-30YD","2021-01-07",45932
"Customer C-00619","SW-FL-6YD","01/28/2021",12170
"Customer C-34113","SW-FL-4YD","01/08/2020",10818
"Customer C-37058","SW-RES-1-BW","11/06/24",62403
"Customer C-37596","SW-RES-1-BW","09/18/20",29574
"Customer C-02364","SW-RO-40YD","03-Mar-19",57135
"Customer C-06455","SW-RO-30","21-Dec-23",54159
"Customer C-28371","SW-RO-20","2020-05-12",38774
"Customer C-01527","SW-RO-40","07/22/23",62804
"Customer C-29230","SW-COMM-2YD","21-Nov-24",6310
"Customer C-28614","SW-ROLLOFF-20YD","2023-08-26",42580
"Customer C-26383","SW-COMM-2YD","2023-03-22",6585
"Customer C-41960","SW-FL-4YD","2019-04-13",14979
"Customer C-44521","SW-RO-30YD","09/05/2023",52081
"Customer C-40771","SW-COMM-XX","10/10/21",39369
"Customer C-31267","SW-RO-30YD","2023-06-04",54177
"Customer C-44411","SW-RO-20","06/22/2021",42382
"Customer C-02551","SW-RO-40","05/28/23",56959
"Customer C-30237","SW-RO-10YD","10/12/2022",26904
"Customer C-37967","SW-ROLLOFF-40YD","06/23/2022",57087
"Customer C-00830","SW-ROLLOFF-40YD","02/04/2021",58168
"Customer C-27227","SW-FL-8YD","01/02/19",13283
"Customer C-16322","OLD-SVC-7","02/18/2020",53032
"Customer C-16958","SW-COMM-8YD","11/08/22",16999
"Customer C-20816","SW-FL-4YD","13-Sep-19",14093
"Customer C-34382","SW-COMM-6","12/20/2023",14352
"Customer C-19724","SW-ROLLOFF-30YD","03/24/2020",51430
"Customer C-10243","SW-XX-99YD","03/12/2020",41271
"Customer C-42639","SW-COMM-6","02/28/20",15098
"Customer C-04815","SW-FL-6YD","05/11/20",12984
"Customer C-13164","SW-RO-20","2023-08-09",36761
"Customer C-26216","SW-FL-4YD","2019-02-08",13737
"Customer C-31620","SW-RO-40YD","06/22/2021",60818
"Customer C-10803","SW-COMM-8","05-Aug-23",19386
"Customer C-21917","SW-COMM-4YD","01/19/2022",11626
"Customer C-10071","SW-RO-20YD","09/07/21",37809
"Customer C-21523","SW-RO-40YD","12/10/2024",62878
"Customer C-23397","SW-COMM-4","08/18/2019",13935
"Customer C-27007","SW-RO-30YD","08/07/2023",47540
"Customer C-09211","SW-RES-1-M","2022-12-22",64170
"Customer C-22329","SW-RO-40YD","07-May-24",62383
"Customer C-44971","SW-RO-30YD","11/18/22",53773
"Customer C-04906","SW-COMM-4","2023-09-20",14557
"Customer C-38506","SW-COMM-2YD","11/09/24",7937
"Customer C-09119","SW-RO-10","2020-03-07",29270
"Customer C-15739","SW-ROLLOFF-10YD","01-Oct-19",31896
"Customer C-16802","SW-RES-1-BW","07/16/2022",8325
"Customer C-35522","SW-RO-10","2022-01-27",34611
"Customer C-35142","SW-RO-10","07/21/2022",31238
"Customer C-04733","SW-COMM-6","05/07/2019",19069
"Customer C-29986","SW-ROLLOFF-10YD","01/02/21",30120
"Customer C-04193","SW-RO-20YD","06/05/23",38090
"Customer C-09674","SW-COMM-XX","2024-01-04",26975
"Customer C-04590","SW-RO-10","03/28/19",34823
"Customer C-05345","SW-COMM-2YD","19-Jul-23",10084
"Customer C-00558","SW-RO-40YD","04/26/23",63852
"Customer C-31605","SW-RO-10YD","02/28/19",27188
"Customer C-43719","SW-COMM-6","06/09/2023",14618
"Customer C-10914","SW-RO-20YD","21-Jan-21",39067
"Customer C-31788","NOPE-1","01/14/22",54651
"Customer C-26373","SW-COMM-8","11/02/2020",20826
"Customer C-44375","SW-COMM-2YD","04-Jun-20",11123
"Customer C-08587","SW-FL-2YD","06/21/20",6719
"Customer C-42061","SW-RES-1-BW","04/01/2021",19865
"Customer C-22049","SW-RO-10","09/27/2023",27442
"Customer C-17033","SW-FL-8YD","24-Aug-24",19419
"Customer C-19474","SW-COMM-8YD","04/13/24",20570
"Customer C-07479","SW-COMM-4","08/09/2023",8143
"Customer C-18063","SW-RO-20YD","02/08/19",37597
"Customer C-16588","SW-ROLLOFF-40YD","09/19/2020",56963
"Customer C-10220","SW-RO-30","01/09/2022",49443
"Customer C-23904","SW-RO-20","2023-02-04",40229
"Customer C-43131","SW-FL-2YD","12/17/19",5451
"Customer C-29822","SW-ROLLOFF-30YD","01/10/19",51482
"Customer C-17631","SW-ROLLOFF-40YD","04/10/2023",60155
"Customer C-36575","SW-COMM-4","03-Feb-20",16171
"Customer C-30861","SW-COMM-4YD","2020-07-20",11778
"Customer C-38977","SW-ROLLOFF-30YD","04/25/2024",48340
"Customer C-10963","SW-RO-10","04/13/22",31234
"Customer C-34592","LEGACY-CODE","18-Sep-19",17475
"Customer C-31849","SW-RO-20YD","2024-06-26",42783
"Customer C-40102","SW-COMM-4","11/10/24",13950
"Customer C-17578","SW-COMM-8","27-Oct-22",16911
"Customer C-27152","SW-FL-4YD","20-Nov-21",8802
"Customer C-11250","SW-ROLLOFF-30YD","12/01/2023",46893
"Customer C-38151","SW-RO-30YD","18-Jul-24",52265
"Customer C-06694","SW-ROLLOFF-10YD","2020-11-12",34864
"Customer C-07445","SW-COMM-4YD","2022-06-01",7054
"Customer C-03832","SW-ROLLOFF-30YD","12/12/2023",52856
"Customer C-38430","SW-RO-10","22-Nov-22",33142
"Customer C-29255","SW-ROLLOFF-30YD","2019-11-16",50656
"Customer C-03333","SW-RO-20YD","26-Apr-23",36278
"Customer C-21177","SW-COMM-8YD","06/02/20",16596
"Customer C-19137","SW-RO-40YD","25-Nov-23",61919
"Customer C-36656","SW-COMM-6YD","10-Jan-23",12637
"Customer C-07814","SW-COMM-8YD","07/14/2020",18973
"Customer C-44216","SW-COMM-8YD","06/09/2022",19908
"Customer C-43318","SW-RO-40","06/21/2021",61507
"Customer C-05747","SW-RO-10","08/17/2019",34552
"Customer C-07460","SW-RO-30YD","2022-09-21",47350
"Customer C-35360","SW-ROLLOFF-10YD","07/15/2022",34246
"Customer C-00341","SW-RO-20","2021-02-17",43558
"Customer C-14764","SW-RES-1-BW","04/16/2024",9898
"Customer C-13540","SW-ROLLOFF-30YD","12/03/24",47573
"Customer C-34901","SW-COMM-8","02/26/2022",19333
"Customer C-44311","SW-COMM-2YD","2021-09-18",4513
"Customer C-41448","SW-COMM-XX","21-Dec-20",58295
"Customer C-33969","SW-FL-4YD","2024-11-18",14047
"Customer C-02432","SW-RO-30","19-Sep-19",50821
"Customer C-17498","SW-COMM-8","12/07/2024",16384
"Customer C-42000","SW-COMM-6","05/16/2024",12658
"Customer C-29102","SW-RO-20","2023-04-14",42616
"Customer C-19915","SW-FL-6YD","01/09/2022",14035
"Customer C-02764","SW-RO-30","12/19/2023",45841
"Customer C-36996","SW-COMM-6","06/24/2020",16574
"Customer C-32010","SW-COMM-8YD","2019-10-13",18224
"Customer C-21402","SW-COMM-8","08/02/23",18061
"Customer C-07253","SW-RO-30YD","08/04/22",52970
"Customer C-31972","SW-COMM-6","08/06/21",15484
"Customer C-40192","SW-RO-10YD","03-Jun-19",26930
"Customer C-23452","SW-RO-30YD","01/08/2019",54995
"Customer C-15066","SW-RES-1-BW","05-Jul-20",34822
"Customer C-12910","NOPE-1","06/23/2020",59807
"Customer C-42696","SW-FL-8YD","06/14/2023",17038
"Customer C-38925","SW-COMM-8","25-Jul-22",18351
"Customer C-32218","SW-COMM-2YD","04/18/19",6128
"Customer C-25105","SW-RES-1-M","2024-03-28",41696
"Customer C-03008","SW-ROLLOFF-20YD","02/04/2021",35821
"Customer C-38111","SW-RO-40","12/28/2022",56121
"Customer C-13373","SW-RO-40YD","12/18/2022",64620
"Customer C-25754","SW-FL-6YD","05/11/24",15046
"Customer C-09092","SW-XX-99YD","2024-10-12",12427
"Customer C-35876","SW-RO-10YD","09-Dec-24",25824
"Customer C-33296","SW-COMM-4YD","06/02/22",8044
"Customer C-11221","SW-COMM-6","07-Nov-19",18366
"Customer C-23772","SW-COMM-2","11-Apr-21",6077
"Customer C-27742","SW-RO-20","2022-03-20",42104
"Customer C-13552","SW-COMM-6","2023-12-16",18585
"Customer C-33420","SW-RO-20YD","2019-03-25",41443
"Customer C-36467","SW-COMM-2YD","04/06/2021",5126
"Customer C-28398","SW-COMM-6","02/27/20",10701
"Customer C-38399","SW-ROLLOFF-20YD","12-Nov-20",42673
"Customer C-02074","SW-COMM-8","05/05/23",16363
"Customer C-38273","SW-FL-6YD","22-Nov-23",15864
"Customer C-27099","SW-COMM-8","02/27/2020",13611
"Customer C-11318","SW-ROLLOFF-20YD","12-Apr-24",39417
"Customer C-44357","SW-ROLLOFF-30YD","08/03/2022",51680
"Customer C-33348","SW-COMM-4","2019-06-11",9914
"Customer C-30221","SW-COMM-2YD","12-Apr-23",4942
"Customer C-05846","SW-ROLLOFF-40YD","2021-07-15",59000
"Customer C-06523","SW-RO-10","11/22/20",25162
"Customer C-33080","SW-ROLLOFF-10YD","05/01/24",32628
"Customer C-11723","SW-RO-40YD","2024-12-02",60523
"Customer C-43714","SW-ROLLOFF-40YD","11/25/21",59085
"Customer C-35334","SW-COMM-6YD","2019-06-18",14572
"Customer C-09745","SW-FL-2YD","01-Oct-19",8014
"Customer C-29796","SW-RO-20YD","2020-01-04",38986
"Customer C-08039","SW-RES-1-W","09-Jul-19",62287
"Customer C-35756","SW-RO-40YD","2022-03-07",64833
"Customer C-43194","SW-COMM-8","28-Aug-24",13963
"Customer C-44410","SW-COMM-8","05/15/2023",22865
"Customer C-22056","SW-RO-30YD","2021-09-28",54846
"Customer C-26321","SW-COMM-8YD","2023-10-06",21117
"Customer C-35285","SW-RO-10","05-Aug-23",33580
"Customer C-30449","SW-COMM-2","13-Mar-23",13679
"Customer C-13844","SW-FL-6YD","22-Feb-20",16824
"Customer C-36044","SW-RES-1-M","07/25/2020",21100
"Customer C-37574","SW-COMM-6YD","27-May-20",11665
"Customer C-05327","SW-FL-4YD","2022-12-24",10990
"Customer C-31883","SW-RO-20YD","01/01/2019",38699
"Customer C-21189","SW-FL-4YD","2021-12-03",15303
"Customer C-11408","SW-RO-10YD","09/07/19",29404
"Customer C-25071","SW-RO-10","05/01/2023",33115
"Customer C-35733","SW-RO-40YD","02/18/2022",57394
"Customer C-15345","SW-COMM-6","12/28/2024",11485
"Customer C-13897","SW-RO-20","08/04/2024",38160
"Customer C-18490","SW-ROLLOFF-30YD","24-Apr-20",52019
"Customer C-04284","SW-FL-6YD","06/26/2022",14363
"Customer C-29763","SW-COMM-6YD","01/19/2022",19530
"Customer C-11206","SW-RO-40YD","18-Apr-23",61872
"Customer C-36035","SW-RO-10YD","03/26/2024",25173
"Customer C-36184","SW-RO-10YD","05/24/2021",33089
"Customer C-29449","SW-COMM-4YD","11/12/2022",14570
"Customer C-18464","SW-COMM-6","2024-09-19",13057
"Customer C-21202","SW-FL-8YD","12/18/2021",22980
"Customer C-38941","SW-RO-30YD","09/13/24",46578
"Customer C-30081","SW-FL-4YD","2020-11-01",11697
"Customer C-39747","SW-COMM-2YD","12/07/2020",11170
"Customer C-30757","SW-COMM-8","10/17/2022",15332
"Customer C-34621","SW-COMM-8","12/24/20",14211
"Customer C-43829","SW-XX-99YD","01/03/2019",11796
"Customer C-35000","SW-COMM-4","10/09/2022",16616
"Customer C-42765","OLD-SVC-7","07-Oct-19",35544
"Customer C-40260","SW-RES-1-M","05/20/22",57925
"Customer C-32276","SW-ROLLOFF-10YD","12/10/2022",29438
"Customer C-07295","SW-RES-1-BW","08/12/2022",14640
"Customer C-12122","SW-RO-10","01/25/2021",27111
"Customer C-37513","SW-RO-20","05/08/2021",37394
"Customer C-14475","SW-COMM-2","11/20/19",10296
"Customer C-00598","SW-ROLLOFF-10YD","06/21/2023",25133
"Customer C-04000","SW-RO-30","2022-10-04",47812
"Customer C-11339","SW-COMM-8YD","05/25/24",20593
"Customer C-21825","SW-RO-30","2023-01-11",46346
"Customer C-31667","SW-FL-6YD","09/08/20",17436
"Customer C-15196","SW-FL-8YD","25-Jun-21",13392
"Customer C-27288","SW-COMM-2YD","2023-11-19",10352
"Customer C-30818","SW-COMM-8","19-May-20",22966
"Customer C-14320","SW-FL-8YD","2022-04-23",18570
"Customer C-39662","SW-ROLLOFF-10YD","08/25/24",33254
"Customer C-38535","OLD-SVC-7","28-Sep-22",50842
"Customer C-36831","SW-COMM-2YD","02/19/2024",4392
"Customer C-20584","SW-RES-1-M","05/24/20",29237
"Customer C-35593","SW-ROLLOFF-20YD","10/04/2023",36847
"Customer C-17361","SW-COMM-XX","20-Mar-19",15659
"Customer C-41278","SW-FL-8YD","2019-03-17",21879
"Customer C-28718","SW-RO-10YD","15-Jun-23",27432
"Customer C-04297","SW-COMM-2","02/09/2023",4245
"Customer C-28408","SW-RO-30","09/07/2023",53105
"Customer C-19083","SW-RES-1-M","05/02/21",62877
"Customer C-19843","SW-COMM-8YD","2023-08-09",19828
"Customer C-05194","SW-COMM-4","2021-06-04",9396
"Customer C-14215","SW-COMM-8YD","03/27/22",19084
"Customer C-28245","SW-RO-30YD","03-Oct-19",46786
"Customer C-26395","SW-ROLLOFF-40YD","2019-01-05",64276
"Customer C-35931","SW-RO-30YD","09/01/2021",49253
"Customer C-09572","SW-COMM-XX","10/19/2023",16257
"Customer C-05126","SW-RO-20YD","2019-07-28",44033
"Customer C-35416","SW-RO-40YD","03/06/22",60369
"Customer C-21021","SW-COMM-6YD","03/01/21",13939
"Customer C-28789","SW-RES-1-BW","04/09/2020",53630
"Customer C-41550","SW-COMM-4YD","2024-08-21",16912
"Customer C-39805","SW-RES-1-W","09/15/2020",19137
"Customer C-25299","SW-RO-10YD","12/24/2021",29507
"Customer C-44324","SW-RO-30YD","09/03/2022",45562
"Customer C-43655","SW-XX-99YD","10/06/2021",59231
"Customer C-23708","SW-FL-6YD","10/17/2024",10799
"Customer C-35255","SW-RO-10YD","13-Jul-22",33579
"Customer C-01276","SW-COMM-6","08/04/2019",10187
"Customer C-35392","SW-RO-20YD","16-Dec-23",35452
"Customer C-11745","SW-ROLLOFF-40YD","09/23/2019",64148
"Customer C-21584","SW-FL-2YD","2020-05-08",13923
"Customer C-44467","SW-COMM-6","2020-12-27",18958
"Customer C-30628","LEGACY-CODE","11/07/2021",53605
"Customer C-43483","SW-COMM-6","01/12/2022",11847
"Customer C-10105","SW-COMM-2","07/17/2022",13443
"Customer C-00295","SW-RO-40","10/28/20",56235
"Customer C-29701","SW-FL-4YD","06/09/19",15980
"Customer C-35913","SW-XX-99YD","07/15/2020",19761
"Customer C-12524","SW-COMM-6","11-Oct-22",10324
"Customer C-21194","SW-COMM-8","25-Sep-24",22487
"Customer C-40421","SW-COMM-8","02-Feb-20",21184
"Customer C-04832","SW-RES-1-BW","01/24/21",58102
"Customer C-44440","SW-RO-20YD","21-Apr-24",38392
"Customer C-07770","SW-RO-10YD","2024-02-19",25662
"Customer C-42279","SW-RO-20YD","2021-12-15",41313
"Customer C-06031","SW-RO-30YD","2020-01-23",51051
"Customer C-07856","SW-RO-10","24-Sep-20",30392
"Customer C-34146","SW-FL-4YD","06/10/19",13555
"Customer C-17505","SW-ROLLOFF-20YD","02/26/2022",37942
"Customer C-38859","SW-RO-10YD","2021-12-27",28039
"Customer C-13500","SW-RO-30YD","10/08/22",48545
"Customer C-04961","SW-ROLLOFF-30YD","06-Dec-22",53470
"Customer C-00331","SW-ROLLOFF-40YD","03/03/2023",57643
"Customer C-11494","SW-ROLLOFF-40YD","23-May-21",58131
"Customer C-37728","SW-ROLLOFF-40YD","2021-08-26",57071
"Customer C-42887","SW-COMM-4YD","08/10/23",8367
"Customer C-27899","SW-RO-20YD","02/25/2022",40810
"Customer C-04145","SW-ROLLOFF-20YD","01/13/2023",44764
"Customer C-06270","SW-ROLLOFF-40YD","04/16/20",58055
"Customer C-08313","SW-RO-20","07/05/2021",39561
"Customer C-36365","SW-RO-20YD","2023-02-03",41159
"Customer C-09659","SW-COMM-2","01/04/22",6315
"Customer C-25981","SW-RO-40YD","2022-01-09",58315
"Customer C-10302","SW-COMM-6","14-Dec-21",19415
"Customer C-30073","SW-FL-2YD","11/19/2023",4827
"Customer C-03484","SW-COMM-6","12/03/20",15185
"Customer C-00532","SW-RO-20YD","05/14/2022",40351
"Customer C-37764","SW-COMM-8","09/08/2019",17904
"Customer C-44885","SW-COMM-2YD","2024-04-17",13386
"Customer C-32236","SW-FL-8YD","09/10/21",17064
"Customer C-04888","SW-XX-99YD","19-Mar-22",11532
"Customer C-17884","SW-RO-20YD","04/17/2023",37129
"Customer C-03537","SW-ROLLOFF-20YD","04/02/2024",41090
"Customer C-43408","SW-COMM-8","16-Sep-20",19462
"Customer C-39466","SW-RO-40YD","2023-11-02",63821
"Customer C-29565","SW-COMM-4","2020-02-17",16000
"Customer C-33049","SW-COMM-4YD","28-Oct-22",15714
"Customer C-24433","SW-FL-6YD","08-Jun-24",15628
"Customer C-34070","SW-RO-30","04/08/2020",48604
"Customer C-04948","SW-RO-40","12-Sep-24",55167
"Customer C-34382","SW-RO-10YD","2020-02-10",34986
"Customer C-33502","SW-COMM-4YD","2022-05-12",11086
"Customer C-21100","SW-COMM-8YD","01/02/2020",19633
"Customer C-08139","SW-ROLLOFF-20YD","04/07/2022",44102
"Customer C-24631","SW-ROLLOFF-30YD","02/08/19",47720
"Customer C-09581","NOPE-1","12/06/19",16715
"Customer C-17569","SW-ROLLOFF-20YD","2022-06-22",38516
"Customer C-18455","SW-FL-8YD","11-Jun-20",20926
"Customer C-07986","SW-RES-1-BW","08-Dec-24",39404
"Customer C-38987","SW-RO-20","2022-05-20",40442
"Customer C-42772","SW-COMM-8YD","03/15/2021",22661
"Customer C-35157","SW-RO-40","21-Jul-22",55435
"Customer C-05445","SW-FL-8YD","07-Apr-21",21813
"Customer C-18517","SW-ROLLOFF-40YD","08/17/20",61811
"Customer C-17618","SW-RO-20YD","06-Apr-24",39048
"Customer C-01339","SW-RES-1-M","09/03/2020",32643
"Customer C-07901","SW-COMM-6YD","2021-01-03",11136
"Customer C-08370","SW-COMM-2","11/21/2024",8138
"Customer C-36932","SW-FL-6YD","01/11/2023",19315
"Customer C-32318","SW-ROLLOFF-30YD","02-Apr-24",50725
"Customer C-30616","SW-COMM-2","2020-04-11",12152
"Customer C-05762","SW-RO-40","2023-12-09",57791
"Customer C-40531","SW-RO-20","07/10/22",44210
"Customer C-41545","SW-RO-40YD","01/16/2020",60739
"Customer C-16807","SW-COMM-4","2019-08-08",8800
"Customer C-15458","SW-FL-8YD","2022-07-08",16101
"Customer C-37763","SW-RO-30","2023-01-15",45774
"Customer C-39094","SW-FL-6YD","23-Mar-20",18300
"Customer C-01806","SW-RO-10YD","10/10/20",26447
"Customer C-25731","SW-RO-20","05/04/24",35385
"Customer C-07379","SW-ROLLOFF-40YD","05/24/22",58140
"Customer C-31426","SW-RO-40YD","03/22/2019",62098
"Customer C-13759","SW-ROLLOFF-20YD","03/05/2023",38798
"Customer C-23880","SW-RO-20","09-May-21",44322
"Customer C-44755","SW-COMM-8","2020-01-13",18256
"Customer C-40317","SW-COMM-2","16-Dec-20",6421
"Customer C-39316","SW-RO-30YD","01/04/2023",54042
"Customer C-09374","SW-ROLLOFF-30YD","09/19/2019",50927
"Customer C-39713","SW-ROLLOFF-20YD","19-Aug-19",43781
"Customer C-31190","SW-RES-1-M","26-Oct-23",7408
"Customer C-44994","SW-COMM-4","07/27/20",14236
"Customer C-29419","SW-COMM-XX","05/12/2019",13474
"Customer C-42932","SW-FL-4YD","06/03/24",12860
"Customer C-28538","SW-RO-20","03/07/19",41748
"Customer C-41042","SW-FL-2YD","03/15/22",11026
"Customer C-38552","SW-ROLLOFF-10YD","07/13/2021",33769
"Customer C-21068","SW-COMM-4","09/06/2024",9202
"Customer C-21542","SW-COMM-8YD","04/06/21",17209
"Customer C-03276","SW-RES-1-W","03/10/19",12374
"Customer C-39059","SW-ROLLOFF-20YD","02/25/2019",41520
"Customer C-07792","SW-RES-1-M","09/05/2019",14104
"Customer C-33214","SW-COMM-4","03/17/2019",12471
"Customer C-26014","SW-RES-1-BW","05/25/2024",56243
"Customer C-41283","SW-COMM-6YD","2023-05-10",13704
"Customer C-09247","SW-RES-1-M","11/02/23",11566
"Customer C-13817","SW-RO-20YD","2020-08-18",42464
"Customer C-31652","SW-ROLLOFF-20YD","05/28/2021",38938
"Customer C-00231","SW-COMM-2YD","01/06/23",9821
"Customer C-16051","SW-COMM-6YD","09/22/19",17172
"Customer C-02115","SW-RO-20YD","2021-10-02",43098
"Customer C-00452","SW-RO-20","10/28/2021",35285
"Customer C-18034","SW-ROLLOFF-40YD","2020-05-05",61342
"Customer C-26718","SW-COMM-8YD","2023-03-23",19227
"Customer C-34208","SW-ROLLOFF-30YD","2023-06-03",46126
"Customer C-20263","SW-FL-6YD","2024-08-17",12642
"Customer C-03736","SW-FL-2YD","05/11/23",7225
"Customer C-36975","SW-ROLLOFF-20YD","10/18/19",42878
"Customer C-36418","SW-RO-30YD","2021-09-26",50048
"Customer C-06115","SW-RO-20","07/11/24",35709
"Customer C-42616","SW-RO-20YD","26-May-23",41469
"Customer C-35230","SW-FL-4YD","2024-06-27",14050
"Customer C-41779","OLD-SVC-7","04/14/23",9525
"Customer C-16200","SW-COMM-4YD","2021-03-08",7533
"Customer C-19907","SW-ROLLOFF-20YD","17-Nov-21",43705
"Customer C-42394","SW-RO-30","2024-12-24",48452
"Customer C-29081","LEGACY-CODE","20-Jan-19",11733
"Customer C-23065","SW-RO-20","2021-04-28",38364
"Customer C-11614","SW-RO-30","11/15/22",47457
"Customer C-09923","SW-COMM-4","2022-05-06",11886
"Customer C-18831","SW-ROLLOFF-20YD","11/23/2023",40325
"Customer C-17130","SW-RO-40","06/23/2024",64017
"Customer C-39170","SW-RO-30YD","09/16/23",52426
"Customer C-08978","SW-RO-40","2021-02-26",63937
"Customer C-12858","SW-RO-40YD","09/05/2022",56734
"Customer C-15624","SW-RO-30YD","2020-09-16",45077
"Customer C-41047","SW-COMM-8","07/27/2020",20763
"Customer C-29076","SW-ROLLOFF-30YD","01/20/2021",48875
"Customer C-26103","SW-RES-1-M","2020-09-10",32386
"Customer C-16853","SW-RO-20","05/16/2021",38617
"Customer C-07532","SW-RES-1-BW","20-Aug-20",54555
"Customer C-34442","SW-COMM-8","01/22/2021",22393
"Customer C-04482","SW-ROLLOFF-30YD","2023-08-02",49160
"Customer C-38076","SW-RO-40","2023-02-13",59359
"Customer C-08804","SW-RO-30YD","02/10/20",52587
"Customer C-13267","SW-RO-10YD","11/28/2023",27200
"Customer C-15114","SW-ROLLOFF-20YD","23-May-19",41932
"Customer C-13538","SW-COMM-8YD","01-Nov-24",16355
"Customer C-30748","SW-ROLLOFF-10YD","03/01/2023",27824
"Customer C-23633","SW-FL-6YD","11/13/2021",11552
"Customer C-40754","SW-COMM-6","2023-02-11",11679
"Customer C-44774","SW-RO-40","2024-09-21",59599
"Customer C-37764","SW-RO-30","07/14/2021",47249
"Customer C-15036","SW-RO-20YD","07/02/2023",36768
"Customer C-25827","SW-COMM-2YD","09/16/20",10404
"Customer C-17855","SW-COMM-2YD","12/11/2020",4514
"Customer C-28358","SW-RO-30","03/15/24",45620
"Customer C-12499","SW-RES-1-W","08/26/2019",7318
"Customer C-32387","SW-RO-40","07/17/2022",64181
"Customer C-23643","SW-RO-20","2024-08-17",36879
"Customer C-05271","SW-FL-2YD","11/11/2019",5815
"Customer C-16796","SW-RO-30","12/24/20",52242
"Customer C-12766","SW-COMM-8YD","03/02/2020",19184
"Customer C-04057","NOPE-1","2021-01-05",13012
"Customer C-12886","SW-RO-30","2021-05-21",51673
"Customer C-27059","SW-COMM-6","05/21/2024",12909
"Customer C-13669","SW-FL-2YD","23-Apr-19",6071
"Customer C-41767","SW-FL-4YD","09/09/2020",14859
"Customer C-44193","SW-COMM-8YD","2021-10-03",21089
"Customer C-06729","SW-ROLLOFF-30YD","03-Jun-24",48751
"Customer C-21148","SW-ROLLOFF-20YD","12/24/2020",43252
"Customer C-05445","SW-COMM-8","11/15/2023",20196
"Customer C-01457","LEGACY-CODE","06-May-21",39016
"Customer C-32671","SW-XX-99YD","08/16/2019",38577
"Customer C-39441","SW-COMM-6","18-Dec-19",17802
"Customer C-02418","SW-RO-10YD","27-Apr-19",33211
"Customer C-36948","SW-RO-10","12-Apr-19",33726
"Customer C-13264","SW-FL-4YD","02/08/24",13197
"Customer C-16320","SW-RES-1-BW","07/01/24",42215
"Customer C-04773","SW-RES-1-W","04/17/2023",63280
"Customer C-19007","SW-RO-30YD","10-Mar-19",49986
"Customer C-28117","SW-ROLLOFF-10YD","04/15/20",31698
"Customer C-12257","SW-RES-1-M","17-Nov-22",16865
"Customer C-04820","SW-RES-1-M","02-Sep-20",8035
"Customer C-25953","SW-COMM-6YD","2024-09-11",14653
"Customer C-04838","SW-RO-30YD","04/13/2021",53305
"Customer C-38935","SW-COMM-8","04/21/2024",14267
"Customer C-34678","SW-COMM-4","2021-12-26",16508
"Customer C-01404","SW-RO-20YD","06/22/2021",36619
"Customer C-18361","SW-COMM-2YD","09/28/2019",12002
"Customer C-13394","SW-ROLLOFF-30YD","03-Jun-22",45452
"Customer C-21529","SW-COMM-2","19-Mar-22",9153
"Customer C-38184","SW-FL-2YD","2021-03-17",6334
"Customer C-21849","SW-FL-8YD","03/14/2023",19471
"Customer C-14046","SW-ROLLOFF-10YD","07/14/2023",26601
"Customer C-42305","SW-RO-10","24-Aug-20",32196
"Customer C-12659","SW-RO-10YD","05/07/2021",31697
"Customer C-33472","SW-COMM-4YD","2021-02-21",12672
"Customer C-29214","SW-RO-40","10/03/21",57229
"Customer C-32208","SW-RES-1-BW","2019-08-20",49615
"Customer C-06733","SW-COMM-6YD","2020-12-15",17346
"Customer C-38672","SW-FL-4YD","04/23/19",10303
"Customer C-22080","SW-RES-1-M","24-Dec-22",27507
"Customer C-39370","SW-ROLLOFF-10YD","07-Apr-23",31282
"Customer C-18172","SW-ROLLOFF-40YD","05-Jan-20",59065
"Customer C-37658","SW-RO-40YD","09/18/19",59897
"Customer C-24121","SW-COMM-6","2024-03-11",17753
"Customer C-34193","SW-RO-30YD","17-Jun-21",49232
"Customer C-41507","SW-RO-40YD","2020-07-11",59302
"Customer C-02617","SW-ROLLOFF-30YD","10/02/2019",46675
"Customer C-00136","SW-RO-30","15-Jul-24",49622
"Customer C-12286","SW-RO-40","09/10/2020",60187
"Customer C-32353","SW-RO-10YD","2024-04-02",28519
"Customer C-44482","SW-RO-10","02/17/23",31200
"Customer C-00625","SW-COMM-2YD","2019-07-15",4584
"Customer C-16540","SW-RO-10YD","2023-06-08",27544
"Customer C-21318","SW-COMM-4YD","10-Feb-19",7916
"Customer C-00326","SW-COMM-4","01-Jan-24",12358
"Customer C-16760","SW-COMM-6","2024-01-19",13771
"Customer C-07384","SW-RO-40YD","05/04/23",60526
"Customer C-17270","SW-ROLLOFF-40YD","2021-01-26",57307
"Customer C-15999","SW-FL-6YD","11/14/2022",18852
"Customer C-07408","SW-COMM-6YD","01/22/20",18152
"Customer C-23169","SW-COMM-4","03/07/2023",12133
"Customer C-04476","SW-RO-20YD","2023-05-17",44258
"Customer C-31723","SW-ROLLOFF-20YD","03/04/20",37436
"Customer C-44981","SW-FL-6YD","27-Jan-19",15682
"Customer C-22081","SW-RO-20","05/25/2023",42491
"Customer C-05971","SW-COMM-6","12/24/2023",11259
"Customer C-38428","SW-RO-40","20-Feb-19",61318
"Customer C-43623","SW-ROLLOFF-20YD","08/09/23",35960
"Customer C-25395","SW-RO-40YD","2023-01-25",60974
"Customer C-28666","SW-FL-4YD","26-May-22",12732
"Customer C-43707","SW-RO-40","2024-12-05",59195
"Customer C-06858","SW-COMM-6","06/12/2019",13505
"Customer C-05871","SW-COMM-4","2020-06-03",13636
"Customer C-14868","SW-RO-10YD","03/25/24",25319
"Customer C-05534","SW-RO-20YD","08/03/19",40792
"Customer C-40351","SW-RO-40","12-Jan-24",62573
"Customer C-17715","SW-RO-20","06/11/22",42511
"Customer C-19508","SW-RO-10","2022-01-17",25896
"Customer C-19803","SW-ROLLOFF-10YD","03/10/2020",28107
"Customer C-24584","SW-ROLLOFF-20YD","11/06/19",38795
"Customer C-03929","SW-RES-1-W","06/26/2021",63295
"Customer C-19163","LEGACY-CODE","2019-08-13",11596
"Customer C-01260","SW-RES-1-BW","10/26/2019",51684
"Customer C-03556","SW-RO-40","03/12/2024",58551
"Customer C-44246","NOPE-1","04/20/2022",16820
"Customer C-06540","SW-XX-99YD","09/15/21",14506
"Customer C-42779","SW-RO-30","2022-02-18",47833
"Customer C-39653","SW-RO-40YD","08/26/2020",60101
"Customer C-20608","SW-RO-20YD","08-Feb-19",41911
"Customer C-03832","SW-COMM-2","12/13/2021",6826
"Customer C-14437","SW-RES-1-BW","07/24/20",36738
"Customer C-26641","SW-COMM-8YD","03-Oct-24",19998
"Customer C-17158","SW-COMM-4","11/22/24",13200
"Customer C-41832","SW-RO-40YD","2020-05-21",60371
"Customer C-26456","SW-RO-30","24-Nov-24",50296
"Customer C-42548","SW-RO-40YD","2021-04-16",62502
"Customer C-08782","SW-COMM-8YD","01/07/2021",20524
"Customer C-31420","SW-COMM-6YD","05-Mar-24",13983
"Customer C-08010","SW-FL-8YD","08/24/2024",19078
"Customer C-34299","SW-FL-6YD","2022-03-16",17080
"Customer C-03120","SW-COMM-8","10/18/2024",15470
"Customer C-21100","SW-COMM-4YD","05/02/23",8948
"Customer C-20240","SW-COMM-6","2020-02-06",17900
"Customer C-22387","SW-FL-2YD","01/26/2022",4686
"Customer C-18390","SW-RO-10","03/10/2021",25866
"Customer C-17284","SW-RO-30","2019-02-15",47620
"Customer C-06506","SW-ROLLOFF-30YD","2022-12-12",53308
"Customer C-20025","SW-FL-8YD","06/14/2019",22464
"Customer C-10455","SW-RO-20YD","07/27/2019",37575
"Customer C-34895","SW-RO-10YD","2019-02-04",27479
"Customer C-22942","SW-RO-40YD","13-Oct-20",55918
"Customer C-34392","SW-RES-1-M","12/04/2020",31630
"Customer C-36467","SW-FL-4YD","04/03/2024",12874
"Customer C-16104","SW-COMM-XX","18-Feb-22",10305
"Customer C-17326","SW-RES-1-M","2023-08-23",54441
"Customer C-39043","SW-RES-1-BW","03/22/2022",63521
"Customer C-34911","SW-RO-20YD","2021-11-12",39897
"Customer C-37244","SW-RO-20YD","02/03/22",37246
"Customer C-13045","SW-RO-40YD","11/05/2023",62518
"Customer C-11798","SW-RO-30YD","10-Mar-19",50660
"Customer C-37630","SW-RES-1-BW","10-Aug-23",62478
"Customer C-29876","OLD-SVC-7","06-Oct-19",11538
"Customer C-09937","SW-RO-40","04/26/2020",60663
"Customer C-06032","SW-RO-30YD","10/10/2020",47405
"Customer C-02261","SW-FL-2YD","2022-02-23",13260
"Customer C-44553","SW-COMM-8YD","11/28/24",16721
"Customer C-21905","NOPE-1","10/05/19",11834
"Customer C-14661","SW-COMM-XX","01/08/2020",6077
"Customer C-12482","SW-FL-4YD","03-Feb-21",9949
"Customer C-43870","SW-RO-30","22-Feb-19",48064
"Customer C-00592","SW-COMM-6YD","07-Sep-24",15103
"Customer C-33894","SW-FL-8YD","2021-06-02",22630
"Customer C-33180","SW-COMM-2","10-Sep-21",9814
"Customer C-20311","SW-RO-30YD","2022-02-16",49759
"Customer C-27793","SW-FL-8YD","24-Apr-23",13481
"Customer C-12134","SW-RO-30YD","04-Oct-23",51587
"Customer C-12596","SW-RES-1-M","2020-12-09",21784
"Customer C-29267","SW-ROLLOFF-10YD","13-Apr-22",26299
"Customer C-01328","SW-COMM-2YD","2023-06-27",11100
"Customer C-22760","SW-COMM-6","01-Dec-20",13535
"Customer C-18285","SW-ROLLOFF-10YD","2021-09-10",27956
"Customer C-01812","SW-FL-8YD","2019-01-12",15758
"Customer C-23351","SW-RO-20YD","2024-12-14",44153
"Customer C-34157","SW-RO-40","07-Dec-19",55015
"Customer C-17705","SW-ROLLOFF-20YD","22-Apr-24",38034
"Customer C-10114","SW-RO-20","18-Apr-20",36501
"Customer C-15708","SW-RO-40","09-Sep-23",60581
"Customer C-05095","SW-RO-20YD","04/13/20",37432
"Customer C-14241","SW-COMM-4YD","2019-09-13",8028
"Customer C-20452","SW-COMM-6YD","12/24/2022",18714
"Customer C-23205","SW-ROLLOFF-10YD","01/11/2023",30392
"Customer C-25942","SW-COMM-8YD","2020-08-07",19627
"Customer C-09828","SW-FL-2YD","01/03/21",11860
"Customer C-19690","SW-COMM-6YD","01/08/2020",14856
"Customer C-34683","SW-ROLLOFF-10YD","12/14/20",31723
"Customer C-35514","SW-ROLLOFF-20YD","05/05/2022",36073
"Customer C-18001","SW-RO-20YD","2024-12-12",41918
"Customer C-24159","SW-ROLLOFF-30YD","13-Apr-22",48554
"Customer C-11909","SW-ROLLOFF-30YD","2023-06-01",50343
"Customer C-34781","SW-ROLLOFF-20YD","05/14/22",42766
"Customer C-41661","SW-COMM-8","09/28/2020",18467
"Customer C-14895","SW-ROLLOFF-40YD","23-Sep-20",57003
"Customer C-37087","SW-COMM-2YD","08/19/2019",10629
"Customer C-14944","SW-RO-10","11/27/2023",29186
"Customer C-16536","SW-FL-4YD","2022-09-09",7938
"Customer C-26759","SW-RO-40YD","05/10/22",56312
"Customer C-40055","SW-ROLLOFF-10YD","08/16/2023",25501
"Customer C-13522","SW-ROLLOFF-30YD","2022-11-19",54337
"Customer C-27596","SW-COMM-8","2024-02-22",16347
"Customer C-25440","NOPE-1","15-Jan-19",47246
"Customer C-33359","SW-RO-10YD","08/01/2020",31173
"Customer C-06408","SW-RO-30","22-Feb-23",46281
"Customer C-25057","SW-COMM-4YD","2021-10-01",8300
"Customer C-36252","SW-RES-1-M","24-May-22",18802
"Customer C-36867","SW-RO-30YD","01/23/2022",52906
"Customer C-36037","SW-ROLLOFF-10YD","2019-09-01",27671
"Customer C-44747","SW-RO-40","09/18/2020",64120
"Customer C-28352","SW-RO-20YD","04/16/2020",40877
"Customer C-00071","SW-FL-8YD","2024-05-03",17324
"Customer C-09446","SW-COMM-6YD","10/20/23",10782
"Customer C-42300","SW-ROLLOFF-40YD","2020-02-27",63180
"Customer C-11069","SW-COMM-6","01/13/23",12831
"Customer C-13849","SW-RO-20","2024-07-12",37364
"Customer C-41019","SW-ROLLOFF-30YD","12/23/22",47458
"Customer C-13826","SW-RO-20","07-Dec-22",39396
"Customer C-02437","SW-RES-1-W","2019-09-14",37759
"Customer C-31432","SW-ROLLOFF-40YD","01/17/2021",64198
"Customer C-43922","SW-FL-6YD","2022-10-18",16370
"Customer C-05697","SW-COMM-8","05/09/2019",19662
"Customer C-44898","SW-RO-40","05/23/22",56156
"Customer C-09944","SW-RO-30","2020-06-21",54847
"Customer C-15996","SW-RES-1-W","05/14/20",16875
"Customer C-37109","SW-RO-10","26-May-20",26571
"Customer C-06114","SW-COMM-2YD","2019-11-13",11647
"Customer C-31122","SW-FL-4YD","10/05/24",16943
"Customer C-01859","SW-COMM-6YD","2020-04-05",18962
"Customer C-43753","SW-COMM-8YD","04/25/19",19627
"Customer C-10942","SW-RO-20YD","2023-10-07",35178
"Customer C-41259","SW-COMM-2","04/03/20",10022
"Customer C-05569","SW-ROLLOFF-20YD","06/26/2021",43463
"Customer C-32832","SW-COMM-6YD","03/03/2019",15280
"Customer C-24936","SW-COMM-2","09-Oct-23",8811
"Customer C-35549","SW-RO-30YD","2022-08-01",49154
"Customer C-41443","SW-FL-2YD","2022-02-19",13049
"Customer C-39721","SW-RO-30YD","09/01/2019",50508
"Customer C-37911","SW-ROLLOFF-10YD","2019-02-16",30190
"Customer C-09998","SW-FL-6YD","08/11/2021",15390
"Customer C-36503","SW-FL-6YD","08/12/2022",17022
"Customer C-04171","SW-COMM-4","2021-06-12",9774
"Customer C-10795","SW-ROLLOFF-10YD","12/22/2020",29190
"Customer C-11107","SW-COMM-4YD","10/03/22",13528
"Customer C-21886","SW-ROLLOFF-20YD","09-Nov-21",38717
"Customer C-26013","SW-FL-8YD","01/28/2020",21970
"Customer C-08330","SW-XX-99YD","2021-10-12",44868
"Customer C-06458","SW-COMM-4YD","02-Sep-23",8177
"Customer C-11604","NOPE-1","20-Oct-20",4069
"Customer C-09541","SW-COMM-2","14-Jul-23",12172
"Customer C-42170","SW-COMM-6","05/25/2023",13232
"Customer C-18443","SW-COMM-4YD","01/14/2021",16801
"Customer C-34480","SW-COMM-8YD","2019-08-12",15102
"Customer C-27603","SW-COMM-6","17-Feb-21",16604
"Customer C-33903","SW-COMM-8","08/19/24",13080
"Customer C-33346","SW-COMM-8YD","2023-11-08",20908
"Customer C-28669","SW-RES-1-W","2022-02-27",10845
"Customer C-06936","SW-ROLLOFF-10YD","25-Mar-20",29429
"Customer C-10387","SW-ROLLOFF-10YD","09-May-19",31698
"Customer C-20567","SW-COMM-4","2024-08-07",11149
"Customer C-33098","SW-COMM-6","10-Sep-22",10310
"Customer C-35067","SW-RO-40YD","11/19/20",59870
"Customer C-40300","SW-COMM-2","03-Sep-19",13413
"Customer C-09824","SW-COMM-2","20-Feb-23",6211
"Customer C-12152","SW-RO-30","22-Apr-20",51883
"Customer C-42955","SW-COMM-8","06/07/2019",22743
"Customer C-16194","SW-COMM-6","04/11/2020",10873
"Customer C-34287","SW-ROLLOFF-30YD","2019-09-21",54443
"Customer C-05857","SW-ROLLOFF-30YD","06/15/2019",46330
"Customer C-35765","SW-RO-10YD","08/02/21",27604
"Customer C-09751","SW-COMM-2YD","09/15/22",12965
"Customer C-08244","SW-RO-30","10/03/20",51176
"Customer C-10085","SW-COMM-6","27-Oct-22",11697
"Customer C-39437","SW-RO-30","04/01/2024",53366
"Customer C-30733","SW-RO-10","16-Mar-23",30195
"Customer C-23862","SW-ROLLOFF-40YD","05/16/23",55377
"Customer C-03679","SW-COMM-XX","04/15/2021",31226
"Customer C-02503","SW-RES-1-W","03/02/21",58024
"Customer C-21238","SW-RES-1-BW","07/04/2019",10757
"Customer C-03834","SW-RO-20YD","08/21/2021",36324
"Customer C-14010","SW-COMM-4","01/08/22",13121
"Customer C-34939","SW-COMM-8","03/21/2020",21126
"Customer C-30022","SW-FL-8YD","03/26/19",17335
"Customer C-15873","SW-COMM-8","01/01/2023",16711
"Customer C-22051","SW-FL-4YD","03/25/2019",16072
"Customer C-27652","SW-FL-8YD","07/28/2019",14218
"Customer C-44701","SW-RES-1-BW","12-Dec-21",56915
"Customer C-23776","SW-RO-40YD","2023-04-01",64425
"Customer C-41552","OLD-SVC-7","2024-11-12",46743
"Customer C-21409","SW-COMM-8YD","07/20/20",18229
"Customer C-29972","NOPE-1","21-Mar-24",43039
"Customer C-27793","SW-ROLLOFF-20YD","12-Apr-24",43135
"Customer C-44874","SW-FL-2YD","2019-12-02",10035
"Customer C-19903","SW-COMM-6","02/23/20",14353
"Customer C-37992","SW-XX-99YD","09/07/2024",17940
"Customer C-42229","SW-RO-40YD","08/23/2022",58624
"Customer C-36603","SW-COMM-4","2019-09-27",7264
"Customer C-09317","SW-COMM-6","2022-10-03",18108
"Customer C-03573","SW-COMM-6YD","02/05/2021",11375
"Customer C-31265","SW-COMM-2","10/26/21",12666
"Customer C-02863","SW-FL-2YD","2022-02-01",4213
"Customer C-44503","SW-RO-30","2020-07-10",47475
"Customer C-11767","SW-COMM-6YD","2019-01-19",16900
"Customer C-41833","SW-COMM-8","04/21/2023",19413
"Customer C-36592","SW-RO-20","05/27/22",40031
"Customer C-04253","SW-COMM-6YD","2021-07-15",13707
"Customer C-40802","OLD-SVC-7","02/06/2023",4984
"Customer C-02247","SW-RES-1-M","03/04/2019",29421
"Customer C-27271","SW-COMM-8YD","08/16/23",17833
"Customer C-41502","SW-FL-2YD","2019-08-15",9611
"Customer C-11018","SW-RO-10","05/22/2021",25512
"Customer C-21511","SW-COMM-2YD","2020-04-20",5912
"Customer C-02103","SW-RO-10","06-Jun-21",26279
"Customer C-12419","SW-COMM-6YD","02-Feb-20",10306
"Customer C-44940","SW-COMM-XX","2024-05-02",53488
"Customer C-05597","SW-RO-30YD","17-Jan-23",48828
"Customer C-39396","SW-RO-10YD","2023-08-04",25324
"Customer C-43310","SW-RO-10YD","2023-10-12",25229
"Customer C-39489","SW-COMM-6","05/17/2024",16341
"Customer C-44201","SW-RO-10","08/01/24",32179
"Customer C-20244","SW-RO-20YD","2024-09-08",35866
"Customer C-21569","SW-COMM-2YD","16-May-21",9906
"Customer C-21454","SW-ROLLOFF-30YD","11-Jul-21",47521
"Customer C-37059","SW-RES-1-M","02-Aug-23",52861
"Customer C-43895","SW-COMM-8YD","2022-04-12",19778
"Customer C-36541","SW-COMM-2YD","01/09/2020",6969
"Customer C-31955","SW-FL-8YD","08/15/2022",17864
"Customer C-13671","SW-RO-40","21-Nov-20",58390
"Customer C-06517","SW-COMM-2","05/15/20",12877
"Customer C-21037","SW-RES-1-BW","2020-01-23",30203
"Customer C-01667","SW-RES-1-M","2019-01-26",11995
"Customer C-15940","SW-COMM-2YD","11/23/2019",12547
"Customer C-19974","SW-RO-30","2019-07-10",46149
"Customer C-44178","SW-ROLLOFF-20YD","13-Feb-20",37142
"Customer C-29824","SW-FL-2YD","13-Feb-20",4936
"Customer C-38508","SW-RES-1-BW","02/21/2022",26734
"Customer C-35521","SW-COMM-2","12/25/23",5397
"Customer C-20671","SW-ROLLOFF-20YD","01/18/2019",35284
"Customer C-13889","SW-COMM-2","08/19/2020",5951
"Customer C-43303","SW-RO-30","01/09/22",54818
"Customer C-18484","SW-COMM-8YD","02/07/23",20398
"Customer C-41948","SW-COMM-4YD","10/19/2023",14460
"Customer C-39990","SW-ROLLOFF-20YD","2021-11-04",38157
"Customer C-37671","LEGACY-CODE","2024-10-09",15651
"Customer C-37590","SW-RO-10YD","10/13/24",33773
"Customer C-06944","SW-RO-40","04/14/22",63239
"Customer C-21807","SW-COMM-8","06/13/2024",16622
"Customer C-34463","SW-RO-40YD","2020-08-06",61032
"Customer C-21758","SW-ROLLOFF-40YD","02/08/2024",60423
"Customer C-30357","SW-COMM-6","05/17/23",10549
"Customer C-05306","SW-FL-4YD","25-Dec-23",8162
"Customer C-07762","SW-FL-6YD","08/02/2024",16199
"Customer C-12023","SW-COMM-2","2019-06-16",5477
"Customer C-43422","SW-RO-10YD","20-Sep-22",26941
"Customer C-36867","SW-COMM-2","11/20/24",5373
"Customer C-31364","SW-FL-6YD","2024-02-24",11005
"Customer C-40797","SW-RES-1-M","13-May-21",11974
"Customer C-39497","SW-RO-20YD","12/12/19",37870
"Customer C-08639","NOPE-1","2023-02-13",19916
"Customer C-02610","SW-RO-40","12-Aug-24",57089
"Customer C-19571","SW-RO-40YD","01/28/2020",64711
"Customer C-11502","SW-COMM-6YD","02-Dec-22",15585
"Customer C-29518","SW-ROLLOFF-30YD","01/01/2023",53137
"Customer C-14191","SW-RO-10YD","02/11/2019",33978
"Customer C-09262","SW-COMM-8YD","04-Mar-22",19717
"Customer C-33815","SW-RES-1-W","2021-07-23",6973
"Customer C-06463","SW-ROLLOFF-30YD","07/18/23",50718
"Customer C-30078","SW-ROLLOFF-30YD","02/24/2019",45280
"Customer C-20141","SW-COMM-8YD","2023-05-07",13612
"Customer C-18871","SW-ROLLOFF-40YD","09/24/19",62113
"Customer C-07061","SW-FL-6YD","2021-05-14",17518
"Customer C-10911","SW-RO-20","2022-07-20",44200
"Customer C-42080","SW-COMM-6YD","11/07/2020",19132
"Customer C-24595","SW-FL-2YD","12/24/23",4028
"Customer C-43628","SW-RO-30YD","10/23/19",49136
"Customer C-34646","SW-RO-10","2023-05-01",28307
"Customer C-15974","SW-FL-2YD","03-Jan-24",13316
"Customer C-27737","SW-COMM-4","08/13/24",11313
"Customer C-30958","SW-ROLLOFF-10YD","2019-10-04",31335
"Customer C-09440","SW-RO-10","06/11/2024",30208
"Customer C-10462","SW-RO-40","2023-11-13",55773
"Customer C-08021","SW-COMM-8YD","2023-02-17",14336
"Customer C-30890","SW-COMM-4","05/10/2020",15056
"Customer C-18411","SW-FL-6YD","12/12/2023",11959
"Customer C-42786","SW-RO-10YD","07/12/22",34213
"Customer C-32939","SW-COMM-6YD","11/05/2020",14960
"Customer C-09140","SW-ROLLOFF-10YD","11/28/21",34872
"Customer C-26264","SW-RO-10YD","01/19/2024",33915
"Customer C-08932","SW-FL-8YD","15-Jul-20",18403
"Customer C-37512","SW-COMM-6YD","03/04/21",11124
"Customer C-14045","SW-COMM-8","2020-01-19",15268
"Customer C-12079","SW-COMM-8","04/19/2019",15726
"Customer C-32757","SW-COMM-6YD","07/26/2022",15145
"Customer C-17467","SW-RO-30","09-Feb-23",52037
"Customer C-21281","SW-RO-40","07/21/19",63535
"Customer C-20167","SW-ROLLOFF-30YD","07/14/2022",53218
"Customer C-03544","SW-RO-10YD","11/11/2024",33916
"Customer C-24833","SW-RO-20YD","06/19/2020",40768
"Customer C-04474","SW-ROLLOFF-20YD","09/17/21",44341
"Customer C-32901","SW-RES-1-BW","2019-12-26",12234
"Customer C-12478","SW-RO-30YD","13-Mar-20",52738
"Customer C-11230","SW-FL-8YD","2023-03-25",15279
"Customer C-17899","SW-RO-10","05/17/2023",32556
"Customer C-27597","SW-COMM-XX","08/18/2019",17551
"Customer C-23717","SW-FL-2YD","06/03/2020",10320
"Customer C-40122","SW-ROLLOFF-30YD","07-Aug-20",50796
"Customer C-18812","SW-FL-2YD","24-Apr-24",6089
"Customer C-39275","SW-COMM-4","09/09/2021",16328
"Customer C-25599","SW-RES-1-W","25-Dec-22",26939
"Customer C-38622","SW-COMM-4YD","08/12/19",15405
"Customer C-37841","SW-COMM-2YD","04/16/24",10194
"Customer C-17363","SW-COMM-8YD","01/03/2020",21826
"Customer C-00070","SW-COMM-2","2024-08-28",13697
"Customer C-28859","SW-RES-1-BW","06/14/22",14136
"Customer C-35675","SW-COMM-2YD","08/27/2021",13148
"Customer C-31939","SW-COMM-2YD","05/04/19",13117
"Customer C-33922","SW-RES-1-BW","04/09/21",16275
"Customer C-33664","SW-RES-1-BW","2020-10-24",27361
"Customer C-09565","SW-RO-30","03/14/2019",46237
"Customer C-33461","OLD-SVC-7","12-Dec-23",53450
"Customer C-05114","SW-COMM-8YD","02/12/22",18655
"Customer C-31960","SW-COMM-4YD","08/27/23",14761
"Customer C-06933","SW-FL-2YD","08/10/23",13942
"Customer C-09336","SW-RO-40YD","11/12/2022",61831
"Customer C-02498","SW-RO-10","2019-12-01",27572
"Customer C-14135","SW-ROLLOFF-30YD","2020-03-21",51477
"Customer C-43022","SW-ROLLOFF-40YD","23-Jan-19",58116
"Customer C-12111","SW-ROLLOFF-10YD","09/28/20",25985
"Customer C-02172","SW-COMM-4","05/12/23",14514
"Customer C-02894","SW-RES-1-BW","07/23/2024",9445
"Customer C-17386","SW-RO-40YD","22-Apr-21",61976
"Customer C-31965","SW-ROLLOFF-20YD","10/19/2019",44270
"Customer C-13984","SW-RES-1-BW","2019-05-20",32382
"Customer C-02665","SW-ROLLOFF-10YD","10/02/2024",32301
"Customer C-24057","SW-RO-20","07/08/2023",43716
"Customer C-40493","SW-ROLLOFF-40YD","05-Jul-22",60516
"Customer C-28417","SW-RES-1-BW","10/14/2024",12679
"Customer C-32729","SW-RES-1-BW","04/06/19",64743
"Customer C-40033","SW-ROLLOFF-10YD","10/22/24",25928
"Customer C-35479","SW-RO-40","05/03/21",63933
"Customer C-33060","SW-ROLLOFF-40YD","09/01/2022",64966
"Customer C-06809","SW-RES-1-M","2023-02-28",35885
"Customer C-06851","SW-ROLLOFF-30YD","2021-05-04",50383
"Customer C-01095","SW-RO-40YD","26-Sep-23",59943
"Customer C-21970","SW-RO-30","2019-04-08",47688
"Customer C-23956","SW-COMM-8YD","07/12/2019",21271
"Customer C-08338","SW-COMM-2YD","03/08/2019",12725
"Customer C-01427","SW-RO-10","08/26/2019",29364
"Customer C-21179","OLD-SVC-7","2023-10-01",60990
"Customer C-23041","SW-RO-30YD","2022-08-21",47645
"Customer C-05944","SW-COMM-8YD","11/14/23",20885
"Customer C-04413","SW-COMM-6YD","2022-03-05",19903
"Customer C-24978","SW-ROLLOFF-10YD","04/26/21",26328
"Customer C-36837","SW-RES-1-W","12-Jan-20",18624
"Customer C-42126","SW-RO-20YD","2020-11-09",40544
"Customer C-23685","SW-RO-40","05/24/2019",61158
"Customer C-14397","SW-COMM-6","12/14/2019",15868
"Customer C-08626","SW-RES-1-M","05/03/2024",63175
"Customer C-28241","SW-COMM-6YD","10/13/21",10858
"Customer C-44246","SW-COMM-4YD","09/19/2019",11594
"Customer C-37475","SW-COMM-8YD","06-Nov-21",16476
"Customer C-02819","SW-ROLLOFF-20YD","03/26/2021",40011
"Customer C-17719","SW-RO-10YD","04/16/23",31790
"Customer C-01795","SW-FL-8YD","2019-11-03",17088
"Customer C-03138","SW-ROLLOFF-40YD","2020-03-08",57737
"Customer C-31689","SW-RO-30YD","12/14/2023",46482
"Customer C-18279","SW-ROLLOFF-10YD","01/10/2020",29952
"Customer C-37030","SW-FL-2YD","12/27/20",12815
"Customer C-29984","OLD-SVC-7","10/06/2021",13321
"Customer C-32730","SW-RO-40YD","2019-01-13",61831
"Customer C-04912","SW-RO-10","03/20/2022",32923
"Customer C-05222","SW-RO-20YD","2020-02-07",37863
"Customer C-25796","LEGACY-CODE","2024-12-03",6532
"Customer C-44250","SW-RO-30","2021-05-23",51431
"Customer C-43646","SW-RES-1-W","10/25/20",56643
"Customer C-32524","SW-XX-99YD","19-Feb-23",47157
"Customer C-35242","SW-XX-99YD","04-Jul-19",15392
"Customer C-07314","SW-ROLLOFF-10YD","07/06/2021",26251
"Customer C-33981","SW-FL-6YD","2021-02-10",13607
"Customer C-02823","OLD-SVC-7","02/01/2024",16136
"Customer C-02529","SW-COMM-4YD","05/25/21",15533
"Customer C-30553","SW-COMM-XX","2024-11-25",30949
"Customer C-41787","SW-XX-99YD","07-Apr-23",15340
"Customer C-31277","SW-ROLLOFF-10YD","01/18/2024",33410
"Customer C-09459","SW-RO-10","02/10/2021",29781
"Customer C-22950","SW-RO-30","2024-05-06",48889
"Customer C-16637","SW-COMM-4YD","04-Jun-19",12301
"Customer C-28460","SW-RO-40YD","03/07/2021",56921
"Customer C-10243","SW-COMM-8YD","2019-05-21",20806
"Customer C-13468","SW-COMM-4","2024-02-28",11862
"Customer C-10159","SW-ROLLOFF-40YD","16-Nov-20",57907
"Customer C-18609","SW-RO-40","01/09/2019",57247
"Customer C-28862","SW-COMM-2","01/27/2024",10992
"Customer C-27029","SW-RO-20","03/08/2022",40431
"Customer C-11336","SW-COMM-2YD","28-Nov-21",6389
"Customer C-01018","SW-COMM-8","05/24/2019",20394
"Customer C-09855","SW-RO-40","05/05/2021",61861
"Customer C-05761","SW-RO-10","20-Dec-20",29825
"Customer C-01804","SW-ROLLOFF-40YD","2024-09-13",62431
"Customer C-23344","SW-COMM-8YD","2022-09-04",17453
"Customer C-42819","SW-RO-30YD","11/22/2019",46273
"Customer C-44081","SW-FL-4YD","04/02/2023",8040
"Customer C-25688","SW-FL-2YD","21-Jul-22",11152
"Customer C-08682","SW-RO-30YD","05/18/2023",48690
"Customer C-28335","SW-RO-40YD","07-May-24",57697
"Customer C-26143","SW-COMM-2YD","03/01/2023",10437
"Customer C-03977","SW-FL-6YD","04/08/2021",15035
"Customer C-39382","SW-RO-30YD","2019-05-21",51659
"Customer C-32816","SW-FL-6YD","2022-07-23",13351
"Customer C-39673","SW-COMM-6YD","12/02/2024",12618
"Customer C-08531","SW-COMM-2YD","2020-12-04",9974
"Customer C-37929","SW-RO-20YD","05/18/2021",39244
"Customer C-21582","SW-RO-30YD","2019-09-19",45100
"Customer C-21591","LEGACY-CODE","2019-02-24",16103
"Customer C-19436","SW-ROLLOFF-30YD","2020-09-27",52817
"Customer C-36511","SW-RO-30","11/14/2024",48920
"Customer C-16946","SW-RES-1-W","04/12/24",47630
"Customer C-37763","SW-RO-20YD","01/07/2024",38467
"Customer C-33303","SW-RES-1-W","04/21/24",38368
"Customer C-30616","SW-RO-40","06/03/2022",59444
"Customer C-28439","SW-RO-30YD","01/08/2024",54900
"Customer C-42414","SW-RO-40","2024-10-19",60618
"Customer C-32578","SW-ROLLOFF-30YD","2023-09-12",46266
"Customer C-02746","SW-FL-6YD","2020-03-02",16923
"Customer C-17438","SW-XX-99YD","2022-01-26",18833
"Customer C-28360","SW-ROLLOFF-40YD","07-Apr-22",58989
"Customer C-20643","SW-FL-6YD","10/28/20",19123
"Customer C-16002","SW-RO-20YD","03/01/24",44060
"Customer C-14735","SW-RO-40","2022-11-10",64675
"Customer C-21521","SW-RO-10","05/16/22",32486
"Customer C-14907","SW-FL-4YD","2024-04-16",14444
"Customer C-14942","SW-COMM-6YD","11/11/21",19820
"Customer C-02933","SW-RO-40","03-Jan-19",58888
"Customer C-01660","SW-FL-6YD","11/16/2022",13611
"Customer C-07098","SW-RO-30","03/26/19",46887
"Customer C-08173","SW-RO-10YD","05/09/20",29603
"Customer C-15735","SW-COMM-6YD","11/17/2019",14209
"Customer C-31841","SW-FL-6YD","08-May-22",19664
"Customer C-35935","SW-RES-1-BW","11/15/2023",28838
"Customer C-43683","SW-COMM-6","2022-08-10",15101
"Customer C-39286","SW-RES-1-W","2022-08-06",39927
"Customer C-13980","SW-RO-30","21-Aug-19",46349
"Customer C-29767","SW-RO-20YD","03/27/20",39003
"Customer C-23959","SW-RO-40","05/05/22",57045
"Customer C-00440","SW-RO-20","02/19/2023",36043
"Customer C-18564","SW-COMM-4","08/04/2022",12021
"Customer C-30963","SW-COMM-2","03/18/21",12639
"Customer C-42898","SW-RES-1-W","10-Dec-20",17956
"Customer C-41832","SW-COMM-6YD","2024-08-03",13676
"Customer C-19458","SW-RO-20","04/20/2024",42036
"Customer C-06256","SW-FL-6YD","26-Mar-21",13443
"Customer C-26279","SW-FL-4YD","24-Apr-23",13213
"Customer C-30219","SW-ROLLOFF-30YD","03/24/23",53163
"Customer C-29604","SW-COMM-2","08/13/2021",12324
"Customer C-34957","SW-RO-10","10/09/2020",32862
"Customer C-06677","SW-ROLLOFF-30YD","2022-05-02",49184
"Customer C-39581","SW-RO-40","2022-07-22",55436
"Customer C-13895","SW-RO-30YD","06/25/21",53313
"Customer C-02046","SW-RO-10YD","2024-02-17",26707
"Customer C-35662","SW-RO-40","2022-08-06",58400
"Customer C-18844","SW-COMM-4","08/06/2019",15285
"Customer C-20997","SW-RES-1-BW","12-Jul-19",15190
"Customer C-25658","OLD-SVC-7","02/28/2024",32676
"Customer C-12189","SW-RO-10","11/06/2024",29864
"Customer C-25893","SW-RES-1-BW","24-Aug-23",35144
"Customer C-33931","SW-COMM-4YD","11/05/21",12725
"Customer C-03005","SW-RO-40YD","03/19/2019",55787
"Customer C-11555","SW-RO-20","04/23/20",37874
"Customer C-10569","SW-COMM-4","02/28/2020",16352
"Customer C-42332","SW-RO-20","2021-03-16",44771
"Customer C-44810","SW-RO-30YD","06/22/2022",50532
"Customer C-24725","SW-ROLLOFF-30YD","21-Oct-22",51498
"Customer C-41395","SW-COMM-4YD","10-Feb-22",10201
"Customer C-11488","SW-ROLLOFF-30YD","09/03/2022",52187
"Customer C-15725","SW-COMM-2YD","12/11/20",6001
"Customer C-05926","SW-ROLLOFF-40YD","12-Feb-19",64170
"Customer C-29602","SW-RO-30YD","09/20/20",53568
"Customer C-42674","SW-COMM-XX","04-Nov-19",43089
"Customer C-43006","SW-RO-20","03/19/2021",40061
"Customer C-18072","SW-FL-8YD","02/06/2020",17407
"Customer C-28625","SW-ROLLOFF-40YD","2022-01-08",58022
"Customer C-14307","SW-RO-10YD","06/17/23",26787
"Customer C-43602","SW-COMM-8YD","04/01/2022",21439
"Customer C-33675","SW-ROLLOFF-10YD","10/18/2019",32729
"Customer C-18497","SW-FL-8YD","2024-07-27",22669
"Customer C-40909","SW-RO-10","07-Apr-21",25916
"Customer C-24955","SW-FL-8YD","09/02/2022",22637
"Customer C-27166","SW-RO-20YD","03/05/20",41287
"Customer C-34128","SW-RO-10","19-Nov-20",29845
"Customer C-11183","SW-FL-6YD","09/17/22",19479
"Customer C-03452","SW-ROLLOFF-40YD","2024-12-12",60022
"Customer C-10912","SW-FL-2YD","12/17/19",6922
"Customer C-33257","SW-RO-40YD","04/06/22",59928
"Customer C-27055","SW-ROLLOFF-30YD","2024-04-16",46348
"Customer C-26530","SW-ROLLOFF-10YD","06/19/2021",34950
"Customer C-19045","SW-COMM-2YD","2024-07-01",11128
"Customer C-14583","SW-COMM-8","2024-08-22",20431
"Customer C-33182","SW-ROLLOFF-30YD","01/24/21",49858
"Customer C-38969","SW-COMM-4YD","12/20/22",11485
"Customer C-40229","SW-COMM-8YD","07/01/23",15262
"Customer C-35384","SW-RO-10","04-Apr-19",25648
"Customer C-22383","SW-COMM-2YD","2019-03-11",12897
"Customer C-28045","SW-FL-8YD","2019-03-25",19015
"Customer C-42494","SW-RO-40","2021-03-19",61857
"Customer C-40440","SW-RO-20YD","02/08/2022",37697
"Customer C-06324","SW-RO-20YD","2024-11-16",43764
"Customer C-12992","SW-FL-8YD","09/04/2023",17522
"Customer C-07210","SW-XX-99YD","07/04/2024",15398
"Customer C-35193","SW-COMM-8YD","05/27/2023",18549
"Customer C-31082","SW-ROLLOFF-20YD","07/13/2020",35597
"Customer C-01944","SW-RO-10YD","2023-10-26",30735
"Customer C-14773","SW-RO-40","10/22/22",63443
"Customer C-11068","SW-RO-20","09/17/2024",36294
"Customer C-28901","SW-ROLLOFF-30YD","02/09/2024",45554
"Customer C-41261","SW-ROLLOFF-40YD","05/06/2023",59993
"Customer C-08653","SW-COMM-4YD","2020-07-26",13016
"Customer C-07329","LEGACY-CODE","02/17/19",33742
"Customer C-11186","SW-FL-4YD","04/14/21",9132
"Customer C-15778","SW-ROLLOFF-40YD","17-Dec-20",59940
"Customer C-31820","SW-RO-30","2022-10-04",54052
"Customer C-18199","SW-ROLLOFF-20YD","02/13/2022",39044
"Customer C-18161","SW-COMM-4YD","11/09/24",14018
"Customer C-15999","SW-COMM-4","08-Feb-23",14231
"Customer C-22283","SW-RO-20","05/24/24",42234
"Customer C-28245","SW-ROLLOFF-30YD","03/08/2023",50307
"Customer C-28479","SW-RES-1-BW","08/03/2023",40900
"Customer C-01729","SW-RO-30YD","2021-01-26",49740
"Customer C-34443","SW-ROLLOFF-30YD","12/23/24",51785
"Customer C-41344","NOPE-1","01/19/2021",29698
"Customer C-01659","SW-COMM-2","26-Jan-24",6378
"Customer C-11843","SW-RO-40","02/12/2024",63490
"Customer C-37673","SW-RO-40YD","2019-03-15",60372
"Customer C-16251","SW-RO-10YD","2023-02-20",31376
"Customer C-33997","SW-ROLLOFF-20YD","27-Feb-21",43179
"Customer C-18313","SW-RO-20YD","12/22/2019",38848
"Customer C-34372","NOPE-1","04/26/2024",55539
"Customer C-08391","SW-COMM-XX","01/04/22",33136
"Customer C-32340","SW-RO-10","03/10/2024",25818
"Customer C-21408","SW-ROLLOFF-30YD","09/16/20",51828
"Customer C-17708","SW-RO-10","2023-03-02",27711
"Customer C-20183","SW-COMM-6YD","07/18/2024",11911
"Customer C-21449","SW-RO-20","06/05/2024",40412
"Customer C-26057","SW-FL-2YD","2019-12-14",6797
"Customer C-17770","SW-RO-10","01-May-23",27960
"Customer C-08401","SW-RES-1-M","2019-05-04",31624
"Customer C-21471","SW-FL-6YD","15-Dec-20",17786
"Customer C-37351","SW-COMM-4","2019-04-22",16956
"Customer C-20064","SW-RO-40","14-Sep-24",64402
"Customer C-43697","SW-RES-1-M","2024-10-16",20889
"Customer C-21370","SW-RES-1-M","2019-01-05",17489
"Customer C-09320","SW-COMM-XX","2020-05-28",17705
"Customer C-33738","SW-ROLLOFF-10YD","11/25/2023",33861
"Customer C-00730","SW-RO-30","27-Jan-20",54999
"Customer C-30398","SW-COMM-2YD","11/23/2023",9275
"Customer C-19095","SW-COMM-8","12/06/2021",15342
"Customer C-03096","SW-COMM-6","25-Mar-19",11252
"Customer C-28093","SW-RO-40","13-Jun-19",58470
"Customer C-12526","SW-ROLLOFF-30YD","05/26/21",53270
"Customer C-39174","SW-COMM-6YD","11-Jan-24",11361
"Customer C-24957","SW-RO-20","07/08/2024",35130
"Customer C-22943","SW-RO-10","14-Jan-20",28208
"Customer C-23699","SW-RO-20YD","2023-04-07",39277
"Customer C-13525","SW-RO-30YD","2019-11-09",54932
"Customer C-28260","SW-COMM-4YD","2022-02-06",16835
"Customer C-10548","SW-COMM-8","04/23/2022",18668
"Customer C-31226","SW-COMM-4","08/09/2024",14531
"Customer C-31255","LEGACY-CODE","08/06/21",41483
"Customer C-41427","SW-FL-2YD","2024-06-23",13976
"Customer C-05587","SW-COMM-4","2024-03-16",11296
"Customer C-16875","SW-RO-10","2021-12-12",32204
"Customer C-30641","SW-RO-10YD","06/10/20",26010
"Customer C-42398","SW-COMM-8","10/01/2019",16063
"Customer C-04411","SW-RO-30","2024-09-25",46736
"Customer C-38127","SW-XX-99YD","2022-10-03",22926
"Customer C-12399","SW-RO-20YD","07/01/2023",38412
"Customer C-31499","SW-RO-20","2024-04-22",35501
"Customer C-34923","SW-COMM-2YD","20-Dec-22",7708
"Customer C-36148","SW-COMM-4","11/05/2022",14880
"Customer C-41026","SW-RO-10YD","12/05/24",34371
"Customer C-17759","SW-ROLLOFF-30YD","2020-03-18",54817
"Customer C-01330","SW-COMM-6YD","01/08/2023",17694
"Customer C-00879","SW-RO-30","10/25/2020",45173
"Customer C-25607","SW-COMM-4YD","12/13/2023",12901
"Customer C-43001","SW-RO-40","09/04/2024",59422
"Customer C-31566","SW-ROLLOFF-20YD","2023-04-22",44360
"Customer C-31273","SW-RO-40","05-Jan-24",60483
"Customer C-20815","SW-ROLLOFF-30YD","06/22/2023",46023
"Customer C-02626","SW-COMM-8YD","09/03/2023",19407
"Customer C-36709","SW-FL-8YD","10/19/2024",20480
"Customer C-05041","SW-FL-8YD","2020-08-23",13594
"Customer C-04258","SW-RO-20","02/21/2024",40661
"Customer C-32554","SW-ROLLOFF-40YD","2022-03-01",63393
"Customer C-21577","SW-COMM-8YD","01/16/2022",22063
"Customer C-29931","SW-FL-4YD","11/09/23",8226
"Customer C-19199","SW-RO-30YD","09/07/24",51616
"Customer C-06780","SW-RO-10","07/24/24",25777
"Customer C-09239","SW-COMM-6","13-Jan-23",18968
"Customer C-09494","SW-FL-8YD","04/02/2019",22050
"Customer C-38950","SW-ROLLOFF-30YD","10/22/24",51292
"Customer C-17361","SW-COMM-6","02-Jun-19",14532
"Customer C-43241","SW-RO-40YD","01/04/22",64780
"Customer C-38541","SW-ROLLOFF-30YD","22-Jan-20",53941
"Customer C-16205","SW-FL-6YD","2023-06-09",13679
"Customer C-27256","SW-RO-20YD","2023-06-24",37326
"Customer C-05794","SW-ROLLOFF-40YD","06/13/2021",56494
"Customer C-06802","SW-COMM-4","2022-07-26",15368
"Customer C-12730","SW-RES-1-BW","03/11/2019",39480
"Customer C-23561","SW-RES-1-BW","2019-06-27",17580
"Customer C-11360","SW-ROLLOFF-30YD","10/19/2023",47260
"Customer C-32201","SW-RO-10","2022-11-01",31239
"Customer C-19165","SW-RO-20","21-Jun-20",36620
"Customer C-00777","SW-RO-10YD","04/04/24",28556
"Customer C-04707","SW-RO-30YD","07/13/21",50456
"Customer C-38792","SW-RES-1-W","05/06/24",45410
"Customer C-44875","SW-COMM-6YD","04/07/2019",19089
"Customer C-33679","SW-RO-10","02/05/2019",33604
"Customer C-20235","SW-ROLLOFF-20YD","2022-06-23",42732
"Customer C-34158","SW-RO-20","09/25/21",42764
"Customer C-30386","SW-FL-6YD","02/13/2023",16839
"Customer C-09331","SW-RO-10","2023-09-26",25775
"Customer C-42736","SW-ROLLOFF-10YD","07/27/23",29932
"Customer C-01781","SW-COMM-4","07-Mar-21",8841
"Customer C-37471","SW-ROLLOFF-40YD","2023-04-12",63569
"Customer C-00568","SW-RO-20YD","05-May-19",38288
"Customer C-42766","SW-XX-99YD","2019-12-14",15031
"Customer C-18064","SW-COMM-2","24-Feb-22",10018
"Customer C-11503","SW-RO-30YD","2022-04-19",54538
"Customer C-04070","SW-FL-8YD","05-Jun-22",13087
"Customer C-23052","SW-RO-10YD","04/18/2021",28285
"Customer C-30768","SW-COMM-6","04/07/20",15220
"Customer C-31723","SW-FL-4YD","05-Aug-19",12944
"Customer C-34153","SW-RES-1-M","10/04/2022",43631
"Customer C-32018","SW-COMM-4","2019-07-06",16379
"Customer C-30270","SW-RO-20YD","05/13/2024",39350
"Customer C-05884","SW-RO-30","03/21/23",52379
"Customer C-34002","SW-COMM-2YD","05/25/2023",7255
"Customer C-37148","SW-FL-6YD","2022-04-14",14334
"Customer C-38832","SW-RO-10","2024-08-24",32325
"Customer C-00493","SW-RO-40","2021-03-04",57103
"Customer C-11084","SW-RES-1-M","2020-05-18",29996
"Customer C-12810","SW-RO-10YD","01/23/2021",31577
"Customer C-42491","SW-RO-10","04-Sep-24",29909
"Customer C-27820","SW-RES-1-W","19-Nov-19",64601
"Customer C-39461","SW-FL-4YD","2021-04-27",14456
"Customer C-41347","SW-COMM-XX","2020-06-26",15183
"Customer C-38678","SW-COMM-8YD","01/16/21",15917
"Customer C-10079","SW-COMM-XX","07-Dec-22",61840
"Customer C-39610","SW-COMM-4","2023-03-06",13094
"Customer C-41638","SW-RO-20YD","04/04/2020",38230
"Customer C-42245","SW-XX-99YD","06/18/22",61731
"Customer C-14302","SW-ROLLOFF-40YD","04/07/2023",60729
"Customer C-29340","SW-RO-20","10/12/2024",42215
"Customer C-32101","SW-RO-40","01/26/21",57339
"Customer C-28494","SW-RES-1-M","08/23/21",62562
"Customer C-08701","SW-RO-20","03/05/22",42683
"Customer C-12744","SW-ROLLOFF-30YD","2019-03-03",54478
"Customer C-41432","SW-COMM-XX","01/23/2023",45407
"Customer C-22663","SW-ROLLOFF-40YD","09/24/2020",64160
"Customer C-18055","SW-ROLLOFF-20YD","04/20/20",35146
"Customer C-16068","SW-COMM-8","17-Nov-21",15702
"Customer C-05004","SW-RES-1-BW","2020-02-16",11469
"Customer C-24700","SW-COMM-2","20-Oct-21",4411
"Customer C-18689","SW-COMM-6YD","2023-08-04",12451
"Customer C-31451","SW-RO-10YD","2021-03-21",27938
"Customer C-11107","SW-FL-6YD","12/27/19",14811
"Customer C-44067","SW-COMM-6","17-Nov-19",16698
"Customer C-06073","SW-ROLLOFF-40YD","2019-10-23",64640
"Customer C-43024","SW-ROLLOFF-40YD","2020-10-04",56824
"Customer C-22702","SW-RO-40","11/04/2019",61844
"Customer C-08022","SW-RO-20YD","12-Sep-21",42924
"Customer C-21387","SW-XX-99YD","2024-12-21",17605
"Customer C-26062","SW-RO-20YD","2020-12-27",40109
"Customer C-37949","SW-RO-30YD","08/25/19",53554
"Customer C-28474","SW-FL-8YD","18-May-19",16634
"Customer C-23159","SW-COMM-2","02/11/2019",9007
"Customer C-30140","SW-RES-1-W","10/03/2019",61719
"Customer C-04807","SW-RO-10","06/03/24",31531
"Customer C-25392","SW-RO-10YD","2020-05-13",32463
"Customer C-20468","SW-RO-40YD","09/04/22",57222
"Customer C-38526","SW-RO-20","06/13/23",44888
"Customer C-17873","SW-COMM-6YD","2020-03-04",14690
"Customer C-11509","SW-RO-20YD","01/12/2021",44723
"Customer C-28617","NOPE-1","06/15/20",13605
"Customer C-19479","SW-COMM-4","03-Aug-24",14026
"Customer C-28221","SW-RO-30","04/06/23",54961
"Customer C-07837","SW-RO-30","07-Nov-24",54788
"Customer C-04087","SW-ROLLOFF-30YD","07/06/2020",48245
"Customer C-32113","SW-RO-40","06/03/2023",61545
"Customer C-01667","OLD-SVC-7","2021-01-28",32043
"Customer C-01560","SW-COMM-4YD","28-Sep-19",13471
"Customer C-18712","SW-RO-30","09/28/19",50715
"Customer C-30204","SW-FL-4YD","09-Oct-24",7819
"Customer C-03904","SW-RO-10YD","03/25/2023",34703
"Customer C-33012","SW-ROLLOFF-40YD","15-May-22",56999
"Customer C-38657","SW-RES-1-BW","09/27/24",18794
"Customer C-34319","SW-COMM-6YD","07/10/24",13693
"Customer C-16426","SW-FL-2YD","03/09/24",6227
"Customer C-42995","SW-XX-99YD","2019-06-09",60240
"Customer C-03793","SW-COMM-4","05/03/2020",11297
"Customer C-15745","SW-RO-30","06/20/2023",52158
"Customer C-36330","SW-FL-8YD","08/16/22",16366
"Customer C-06690","SW-ROLLOFF-40YD","18-Feb-23",57368
"Customer C-13873","SW-ROLLOFF-40YD","03/25/2022",57303
"Customer C-31576","SW-RO-20","08/16/24",37849
"Customer C-19637","SW-RES-1-M","05/01/2023",42662
"Customer C-21510","SW-RO-40YD","07/19/2021",55896
"Customer C-18275","SW-ROLLOFF-20YD","04/01/23",35335
"Customer C-24370","SW-RO-40YD","02/21/2022",61717
"Customer C-32021","SW-RO-40","20-Feb-22",58967
"Customer C-13806","SW-RES-1-BW","05/09/2020",13174
"Customer C-12771","SW-RO-10","06/23/2019",34640
"Customer C-18759","SW-RO-30","11/18/2021",48749
"Customer C-33447","SW-COMM-6","07-Aug-22",10995
"Customer C-30569","SW-FL-6YD","2023-08-18",18537
"Customer C-43415","SW-RO-30YD","2019-03-27",45800
"Customer C-11287","SW-COMM-8","04/13/2024",17631
"Customer C-37827","OLD-SVC-7","06/24/2024",13964
"Customer C-35287","SW-FL-8YD","03/26/2024",14525
"Customer C-14181","SW-RO-10","08/23/2024",25154
"Customer C-18135","SW-FL-6YD","12/25/2020",10316
"Customer C-14545","SW-RO-10YD","05/02/2020",32971
"Customer C-28416","SW-RO-10","12/08/2024",27556
"Customer C-31098","SW-COMM-4YD","2024-07-15",8127
"Customer C-01672","SW-XX-99YD","2024-10-27",44510
"Customer C-18410","SW-ROLLOFF-10YD","07/04/2021",28454
"Customer C-29231","SW-RO-10","27-Jul-23",26097
"Customer C-26848","SW-COMM-8","05/09/2020",16694
"Customer C-06500","SW-ROLLOFF-20YD","09/06/2019",38357
"Customer C-35142","SW-RO-30","24-Aug-20",47399
"Customer C-41556","SW-COMM-8","09/11/24",16001
"Customer C-02499","SW-RES-1-W","2019-06-01",30707
"Customer C-16982","SW-RO-40","2024-12-19",58382
"Customer C-28611","SW-RO-10YD","15-Apr-24",26594
"Customer C-02770","SW-RO-30","10/05/22",46079
"Customer C-37390","SW-FL-6YD","23-Nov-19",18042
"Customer C-44992","SW-ROLLOFF-20YD","03/08/21",36751
"Customer C-40740","SW-XX-99YD","11/14/2024",12657
"Customer C-21740","SW-RO-40YD","04/24/2023",64781
"Customer C-25630","SW-FL-4YD","02/02/2023",10853
"Customer C-14392","SW-FL-4YD","01/07/2021",15835
"Customer C-40312","SW-COMM-6YD","01/15/2023",13594
"Customer C-44599","SW-FL-4YD","2019-02-04",12918
"Customer C-29393","SW-COMM-8","07/27/2022",17861
"Customer C-03767","SW-FL-4YD","17-Aug-21",10254
"Customer C-06230","SW-ROLLOFF-30YD","06/21/2024",52503
"Customer C-33503","NOPE-1","06-Aug-23",59238
"Customer C-40024","SW-RES-1-M","06/28/2019",16592
"Customer C-07272","SW-ROLLOFF-20YD","2019-07-21",40338
"Customer C-31081","SW-FL-6YD","26-Mar-22",11546
"Customer C-17804","SW-COMM-4YD","12-Jan-20",8095
"Customer C-00977","SW-RES-1-BW","25-Feb-19",38953
"Customer C-37858","SW-FL-6YD","01-Oct-23",19722
"Customer C-08898","SW-RO-20","08-Aug-20",42843
"Customer C-20245","SW-ROLLOFF-10YD","06/22/23",27496
"Customer C-05436","SW-FL-6YD","02/26/2022",16417
"Customer C-24227","SW-COMM-8YD","2021-11-22",15006
"Customer C-04498","SW-RO-30","04/08/22",54989
"Customer C-22626","SW-COMM-6YD","12/05/2021",17296
"Customer C-00772","NOPE-1","07/24/2023",8642
"Customer C-39075","SW-COMM-4YD","2019-11-26",9452
"Customer C-12900","SW-COMM-4YD","12-Nov-20",11140
"Customer C-36128","SW-RO-30","2022-05-13",51390
"Customer C-38367","SW-RO-40YD","09/13/2020",56077
"Customer C-24517","SW-RO-10","08/16/19",25313
"Customer C-17728","SW-FL-8YD","19-May-23",17713
"Customer C-05010","SW-COMM-4YD","2021-05-16",9191
"Customer C-19144","SW-FL-8YD","04/07/2020",14922
"Customer C-19142","SW-RO-30YD","2022-01-19",51909
"Customer C-38546","SW-COMM-4","20-Feb-23",12206
"Customer C-10955","SW-COMM-8YD","2022-07-01",15818
"Customer C-37130","SW-ROLLOFF-20YD","09-Jun-19",42624
"Customer C-11901","SW-ROLLOFF-40YD","2024-08-23",62266
"Customer C-07750","SW-RO-10YD","2020-06-17",32651
"Customer C-34221","SW-RO-30YD","12/16/2021",51898
"Customer C-15340","SW-COMM-6YD","03/09/21",12086
"Customer C-33215","SW-COMM-6YD","04/03/19",11632
"Customer C-27289","SW-COMM-2","2024-07-19",5089
"Customer C-43916","SW-ROLLOFF-40YD","08/16/2021",62891
"Customer C-05967","SW-FL-4YD","09/20/2023",14781
"Customer C-26731","SW-ROLLOFF-40YD","2020-03-09",60765
"Customer C-09563","SW-RO-40","06/17/2022",60632
"Customer C-37901","SW-RO-30","03/11/24",47538
"Customer C-09124","SW-ROLLOFF-30YD","01/23/2019",45395
"Customer C-27123","SW-RO-20","07/23/24",38221
"Customer C-42382","SW-RES-1-M","01/18/2019",12823
"Customer C-11646","SW-RO-20","09/02/19",36455
"Customer C-27101","SW-ROLLOFF-30YD","13-Jan-19",52529
"Customer C-24099","SW-COMM-4","09/06/22",13040
"Customer C-07246","SW-COMM-4YD","08-Jul-21",15627
"Customer C-15264","SW-COMM-4YD","15-Mar-23",9259
"Customer C-33493","SW-RO-20","02-Aug-20",42357
"Customer C-40632","NOPE-1","01/11/2021",6184
"Customer C-35508","SW-RO-20YD","07/15/2022",44836
"Customer C-22278","SW-RO-30YD","04/22/21",47866
"Customer C-29815","SW-RO-10","12/08/22",31777
"Customer C-33719","SW-COMM-8YD","2019-03-21",19818
"Customer C-05094","SW-COMM-6","2023-10-22",18985
"Customer C-35906","SW-COMM-8","07/12/2019",14579
"Customer C-29389","SW-COMM-XX","07/23/2019",53655
"Customer C-01389","SW-RO-20YD","17-Aug-23",44728
"Customer C-29577","SW-FL-6YD","08/25/21",14988
"Customer C-14466","SW-ROLLOFF-40YD","11/10/2019",60965
"Customer C-02082","SW-COMM-2","05-Mar-23",9115
"Customer C-12081","SW-RO-20","11/09/23",35623
"Customer C-01770","SW-COMM-6","2024-02-16",17964
"Customer C-21556","SW-COMM-4YD","2019-12-27",15328
"Customer C-40418","SW-RO-40","2024-03-20",63273
"Customer C-32230","NOPE-1","2019-01-11",36849
"Customer C-07594","SW-RO-10","14-Feb-22",31945
"Customer C-39771","SW-COMM-4YD","23-Nov-22",7636
"Customer C-04056","SW-COMM-2","28-Jun-22",8959
"Customer C-00811","SW-COMM-8YD","11-Aug-21",15932
"Customer C-10735","SW-RO-10YD","06/23/23",31037
"Customer C-32082","NOPE-1","2020-01-14",46052
"Customer C-14590","SW-RO-20YD","07/12/2022",41629
"Customer C-21363","SW-RO-40","05/06/2024",61770
"Customer C-17160","SW-RO-40YD","07/21/2023",58885
"Customer C-24935","SW-COMM-8","26-Nov-21",18320
"Customer C-35431","SW-RO-30","06/16/2021",48725
"Customer C-30950","SW-RES-1-BW","2024-08-24",55854
"Customer C-22996","SW-RO-20","2021-06-10",42948
"Customer C-28792","SW-COMM-6","04/28/2019",15197
"Customer C-29736","SW-RO-40","04/17/20",62716
"Customer C-28971","SW-FL-6YD","08/02/2023",15042
"Customer C-44696","SW-RO-40","02/20/2023",64150
"Customer C-34886","SW-RO-40","05/04/2023",60023
"Customer C-25341","SW-RES-1-M","05/02/21",53545
"Customer C-02704","SW-COMM-4YD","01/12/20",14619
"Customer C-40693","SW-RES-1-BW","04-May-20",18679
"Customer C-43436","SW-RO-20YD","08/28/2020",42645
"Customer C-25317","SW-COMM-6YD","12/19/2021",14854
"Customer C-33274","SW-COMM-8YD","10/02/2022",16653
"Customer C-25972","SW-ROLLOFF-10YD","05/27/2021",27167
"Customer C-25409","NOPE-1","10/16/2024",11759
"Customer C-42140","SW-RO-10YD","08/14/2021",25989
"Customer C-24052","SW-RO-10YD","02/14/2020",29810
"Customer C-04825","SW-RES-1-M","2021-04-03",4380
"Customer C-30248","SW-RO-10","2021-01-23",33655
"Customer C-39312","SW-ROLLOFF-20YD","10-Sep-22",37733
"Customer C-07780","SW-RO-30YD","02/11/23",51511
"Customer C-35270","SW-RO-40YD","02/20/2022",60124
"Customer C-28157","SW-RO-10YD","08/16/2019",28012
"Customer C-40056","SW-RO-10YD","10/16/2022",31026
"Customer C-37577","SW-FL-8YD","01/20/2022",13771
"Customer C-04345","SW-ROLLOFF-10YD","09/28/2019",29837
"Customer C-44315","SW-COMM-2YD","02/05/2024",5063
"Customer C-20060","SW-XX-99YD","09/27/2023",13424
"Customer C-10976","SW-RO-40YD","10-Oct-22",55253
"Customer C-29078","SW-RO-10YD","08/24/2022",26991
"Customer C-22676","SW-RO-30YD","11/06/2021",49788
"Customer C-34738","SW-RO-20","01/06/2022",41767
"Customer C-00760","SW-COMM-6","17-Feb-22",19825
"Customer C-14944","SW-FL-2YD","12/06/20",7728
"Customer C-35594","SW-RO-40YD","02-Jul-20",59691
"Customer C-37868","SW-COMM-2","2020-10-25",8074
"Customer C-08693","SW-ROLLOFF-30YD","14-Jan-21",52689
"Customer C-18733","SW-RES-1-BW","02/26/2020",44783
"Customer C-19528","SW-ROLLOFF-30YD","06-Mar-24",54981
"Customer C-44815","SW-COMM-2","2022-11-19",5743
"Customer C-38579","SW-COMM-8YD","01/21/2021",18793
"Customer C-35574","SW-RO-30","12/08/2020",45261
"Customer C-24265","SW-COMM-6","01/22/2022",12539
"Customer C-41231","SW-RO-20YD","12/01/2019",39411
"Customer C-27387","SW-COMM-4YD","04/19/20",8722
"Customer C-16148","SW-ROLLOFF-30YD","01/27/2023",54397
"Customer C-19263","SW-COMM-4","2021-04-10",9987
"Customer C-39694","SW-COMM-2YD","19-Nov-20",4941
"Customer C-09421","SW-FL-4YD","09/10/24",12265
"Customer C-02576","SW-RO-10","09/25/2024",30427
"Customer C-41068","SW-RO-30","07/10/2023",48265
"Customer C-31973","SW-COMM-2","2021-01-04",11603
"Customer C-40760","SW-FL-6YD","12/16/2023",12861
"Customer C-09709","SW-RO-30","06/09/2021",45847
"Customer C-37188","SW-ROLLOFF-20YD","05-Jun-24",36808
"Customer C-08291","SW-FL-4YD","06/10/2020",12169
"Customer C-33662","SW-ROLLOFF-20YD","28-Jul-19",36538
"Customer C-39606","SW-RO-20YD","27-Jul-19",44243
"Customer C-42118","SW-ROLLOFF-10YD","06-Jul-24",29025
"Customer C-38187","SW-FL-2YD","06/10/22",5155
"Customer C-08867","SW-RO-20","10/09/2020",36959
"Customer C-15489","SW-COMM-4YD","13-Apr-20",16231
"Customer C-02212","SW-COMM-2","2021-06-27",13592
"Customer C-29261","SW-RO-40","2022-09-15",60571
"Customer C-43943","SW-RO-40YD","03/11/20",55706
"Customer C-16814","SW-RO-30YD","06/03/19",53521
"Customer C-07346","SW-RES-1-BW","19-Feb-23",26685
"Customer C-05927","SW-RO-20","2021-09-22",41434
"Customer C-06255","SW-RES-1-BW","07/18/2020",40052
"Customer C-23120","SW-COMM-2YD","05/08/23",4389
"Customer C-34286","SW-ROLLOFF-10YD","05/09/2022",32385
"Customer C-36632","SW-RO-10","09/03/2023",25541
"Customer C-00946","SW-COMM-2","03/21/2024",9168
"Customer C-19678","SW-COMM-6","12/24/2019",17076
"Customer C-19075","SW-RO-20YD","10/14/20",37449
"Customer C-34777","SW-RO-40YD","10/16/23",55179
"Customer C-05953","SW-RO-10YD","2020-11-27",30280
"Customer C-05936","SW-COMM-4YD","04-Nov-19",13292
"Customer C-32524","SW-FL-8YD","06/21/23",22874
"Customer C-18850","SW-COMM-4YD","12/07/21",16769
"Customer C-29801","SW-RO-30","2023-07-11",45459
"Customer C-02879","SW-COMM-8","11/17/24",16364
"Customer C-42487","SW-RO-40","2022-12-18",60641
"Customer C-07309","SW-ROLLOFF-20YD","14-Aug-19",41617
"Customer C-25871","SW-COMM-4","2020-02-05",12171
"Customer C-08289","SW-RO-30YD","2022-03-03",47079
"Customer C-13757","SW-COMM-8YD","2022-10-01",14709
"Customer C-17364","SW-COMM-8YD","04/05/2019",22834
"Customer C-11834","SW-COMM-6YD","24-Dec-21",16927
"Customer C-30154","SW-ROLLOFF-40YD","16-Feb-20",63320
"Customer C-33287","SW-COMM-8YD","02/24/20",20514
"Customer C-32438","SW-RO-30YD","05/23/2021",49859
"Customer C-01086","SW-ROLLOFF-30YD","12/06/2022",48272
"Customer C-18441","SW-COMM-4YD","22-Apr-21",15654
"Customer C-24311","NOPE-1","06/07/2021",32515
"Customer C-21857","SW-ROLLOFF-20YD","03-Dec-23",38226
"Customer C-17615","SW-RO-40","2023-08-06",55872
"Customer C-39190","SW-RO-10YD","04/22/2023",32019
"Customer C-13790","SW-COMM-8YD","12-Dec-20",15705
"Customer C-12864","SW-COMM-4","11/04/2024",11916
"Customer C-28144","SW-COMM-8YD","2023-09-16",15284
"Customer C-07841","SW-FL-8YD","2019-11-25",20558
"Customer C-22420","SW-RO-20YD","2019-03-27",35399
"Customer C-36463","SW-FL-4YD","2023-05-06",14024
"Customer C-04254","SW-FL-2YD","10/22/2022",5952
"Customer C-21905","SW-COMM-6YD","2021-06-13",16267
"Customer C-07741","SW-ROLLOFF-10YD","04/07/2019",34534
"Customer C-37068","SW-RO-10","2019-02-13",26977
"Customer C-21007","SW-RO-10","03/25/2019",33643
"Customer C-06798","SW-RO-10YD","25-May-21",33111
"Customer C-35109","SW-COMM-8","02-May-19",14986
"Customer C-22116","SW-FL-6YD","2022-02-02",14120
"Customer C-10990","SW-COMM-8","02/05/2019",16437
"Customer C-30739","SW-RO-20","07/27/23",40483
"Customer C-22129","SW-RO-30","16-Oct-20",54386
"Customer C-04261","SW-RES-1-M","05/11/19",11016
"Customer C-07464","SW-COMM-2YD","2019-05-18",12127
"Customer C-43444","SW-RO-10","2019-10-25",32954
"Customer C-23978","SW-COMM-8","05/13/22",16336
"Customer C-44284","SW-RO-10","2020-08-21",26822
"Customer C-30285","SW-COMM-6","05/21/2024",19656
"Customer C-09719","SW-FL-4YD","02/23/2022",11413
"Customer C-06787","SW-RES-1-M","01-Nov-21",46461
"Customer C-05695","SW-COMM-8YD","16-Jun-21",22490
"Customer C-26185","SW-RO-40","2022-01-17",55036
"Customer C-05033","SW-RO-10","08/17/21",26738
"Customer C-09684","SW-COMM-8","26-Sep-22",20488
"Customer C-39333","SW-ROLLOFF-20YD","06/05/2024",43207
"Customer C-41745","SW-RES-1-M","09/18/2023",53179
"Customer C-40495","SW-FL-4YD","2022-02-03",10978
"Customer C-43985","SW-COMM-2","05/25/2020",13749
"Customer C-33171","SW-COMM-8YD","2019-02-15",13792
"Customer C-07104","SW-FL-6YD","12/20/2023",16269
"Customer C-03304","SW-RO-40","19-Dec-19",59653
"Customer C-05965","SW-COMM-4YD","2024-09-21",8657
"Customer C-03115","SW-RO-20YD","08/06/2023",43308
"Customer C-06498","SW-RO-20","06/01/21",40448
"Customer C-33322","SW-RES-1-BW","27-May-23",46487
"Customer C-20701","SW-ROLLOFF-10YD","02/20/2024",31087
"Customer C-24022","SW-FL-2YD","04/15/24",7657
"Customer C-01459","SW-RO-20","2021-07-02",39873
"Customer C-41250","SW-COMM-8YD","2019-08-25",13973
"Customer C-31701","SW-RO-40YD","06-Sep-19",57662
"Customer C-27843","SW-COMM-8","10-Jul-22",17116
"Customer C-19892","SW-RO-40","24-Apr-20",61097
"Customer C-35409","SW-RO-20","12/14/24",44714
"Customer C-36509","SW-COMM-6","2022-04-09",15558
"Customer C-35529","SW-COMM-8","02/15/2021",15104
"Customer C-32868","SW-COMM-6","17-May-20",11424
"Customer C-31266","SW-COMM-4","01/09/2019",12230
"Customer C-04484","SW-COMM-4","2020-11-24",8671
"Customer C-17149","SW-ROLLOFF-20YD","2020-03-18",39495
"Customer C-41393","SW-FL-4YD","2019-01-12",14785
"Customer C-35702","SW-RO-20","01/14/2022",38933
"Customer C-00089","SW-COMM-8YD","09/26/2024",21975
"Customer C-00455","SW-RO-40","01/21/2021",60795
"Customer C-14311","SW-ROLLOFF-10YD","02/10/2020",33038
"Customer C-21705","SW-COMM-4","2021-01-26",7027
"Customer C-19350","SW-FL-2YD","2020-05-18",12858
"Customer C-30236","SW-COMM-2YD","05/14/2020",12355
"Customer C-14889","SW-ROLLOFF-30YD","06/02/2023",51274
"Customer C-33656","SW-FL-8YD","2019-11-08",17540
"Customer C-17513","SW-FL-4YD","02/11/2019",16634
"Customer C-05027","SW-RO-10","13-Oct-22",32560
"Customer C-22585","SW-COMM-6","09/03/2019",15061
"Customer C-03013","SW-RO-20YD","09-Jun-22",38538
"Customer C-09919","SW-RO-30","14-Jan-20",52520
"Customer C-16273","SW-RO-20YD","09/06/2020",39534
"Customer C-23475","SW-RO-30","2023-07-04",54193
"Customer C-28106","SW-COMM-4YD","04/04/2024",11673
"Customer C-15875","LEGACY-CODE","03-Sep-20",52144
"Customer C-25394","SW-ROLLOFF-40YD","26-Jun-19",63024
"Customer C-00724","SW-RO-30YD","05/14/2019",47866
"Customer C-40292","SW-RO-10","06/10/24",29693
"Customer C-29997","SW-COMM-2","2024-09-17",11039
"Customer C-17630","SW-COMM-6","10/28/2019",16313
"Customer C-07753","SW-RO-30YD","09/07/2022",52531
"Customer C-24994","SW-FL-4YD","08/15/2021",10808
"Customer C-09650","SW-RO-30YD","03/18/2024",53199
"Customer C-33562","SW-COMM-6","04/28/24",17415
"Customer C-36268","SW-COMM-4","01/18/23",7624
"Customer C-37707","SW-ROLLOFF-30YD","05/20/2024",50217
"Customer C-34643","SW-RO-40","07/09/2022",61186
"Customer C-15771","SW-ROLLOFF-30YD","02/16/2024",48160
"Customer C-09828","SW-COMM-2","03-Jul-23",12913
"Customer C-40056","SW-RO-30","2021-06-21",51249
"Customer C-03888","SW-COMM-2","01/02/2019",8841
"Customer C-42371","SW-FL-6YD","08/24/2020",14104
"Customer C-07413","SW-COMM-4","11/15/2022",11204
"Customer C-39852","SW-RO-20YD","03/22/2019",36910
"Customer C-11296","SW-COMM-2","2022-08-01",4118
"Customer C-20255","SW-RO-40YD","15-May-21",63773
"Customer C-06995","SW-RO-40","2019-03-20",64432
"Customer C-24770","SW-RO-20","2021-05-04",35897
"Customer C-01016","SW-FL-4YD","2022-07-20",11284
"Customer C-31238","SW-RO-10","08/16/2023",34506
"Customer C-19391","SW-XX-99YD","12/25/21",21984
"Customer C-29097","SW-RO-10","2019-07-26",31848
"Customer C-36918","SW-FL-2YD","13-Feb-24",13179
"Customer C-08288","SW-COMM-4YD","07/08/2024",10171
"Customer C-21363","SW-FL-6YD","07/09/2019",18189
"Customer C-13774","SW-ROLLOFF-40YD","27-Aug-24",59088
"Customer C-00686","SW-RO-30YD","04/15/2024",45274
"Customer C-16181","SW-RO-20YD","08-Oct-24",41781
"Customer C-41151","SW-RES-1-M","22-Mar-23",7980
"Customer C-17008","SW-ROLLOFF-40YD","11/25/2023",58430
"Customer C-03037","SW-FL-4YD","02/02/2022",13851
"Customer C-44676","SW-COMM-8","2022-12-11",15533
"Customer C-36456","SW-RO-20","07/19/24",43626
"Customer C-31000","SW-FL-8YD","12/19/2023",14609
"Customer C-35693","SW-COMM-8","06/11/2024",18940
"Customer C-27670","SW-FL-2YD","16-Dec-22",11534
"Customer C-10995","SW-ROLLOFF-10YD","2020-11-27",31177
"Customer C-23980","SW-COMM-2YD","02/03/19",10072
"Customer C-32800","SW-COMM-2YD","14-Sep-19",11801
"Customer C-06541","SW-RO-30YD","01/24/2020",49075
"Customer C-36481","SW-RO-10","03/14/2022",32282
"Customer C-14310","SW-RES-1-BW","2021-09-22",60093
"Customer C-41182","SW-COMM-6YD","13-Apr-22",12652
"Customer C-37087","SW-FL-2YD","2020-07-09",7777
"Customer C-42113","SW-RO-30","02/15/2019",45761
"Customer C-10794","SW-RO-30YD","21-May-24",49797
"Customer C-03923","SW-ROLLOFF-20YD","10-Oct-19",39657
"Customer C-22406","SW-RO-20YD","08/17/2021",42321
"Customer C-14100","SW-COMM-6","11/09/20",17737
"Customer C-15869","SW-RO-30","01/12/23",54817
"Customer C-40784","SW-RO-20YD","01/20/21",40558
"Customer C-13594","SW-ROLLOFF-30YD","10/05/2022",45571
"Customer C-33069","SW-RO-20YD","2019-09-20",41554
"Customer C-22178","SW-RO-30YD","05/02/2019",47869
"Customer C-16764","SW-RO-30YD","2024-03-19",52715
"Customer C-24863","SW-FL-4YD","11/13/22",8854
"Customer C-03489","OLD-SVC-7","03/04/22",48236
"Customer C-04257","SW-RO-20YD","12/23/2021",39184
"Customer C-09496","SW-RO-10YD","06/01/23",32042
"Customer C-00820","SW-ROLLOFF-10YD","2019-11-23",33102
"Customer C-36554","SW-COMM-4","03/09/19",13886
"Customer C-17980","SW-COMM-8YD","05-Jun-20",22301
"Customer C-19806","SW-ROLLOFF-40YD","02/22/2023",57495
"Customer C-32944","SW-COMM-8","06/06/2020",19186
"Customer C-25403","SW-COMM-8","08/15/2019",15553
"Customer C-26905","SW-RO-20YD","07/19/2022",36161
"Customer C-25996","SW-COMM-2","10/24/2020",11925
"Customer C-11464","SW-RO-20YD","04/10/19",40836
"Customer C-26792","SW-ROLLOFF-10YD","2021-04-12",32710
"Customer C-38253","SW-RO-20YD","11/23/2019",35115
"Customer C-25361","SW-COMM-4YD","05/08/20",13738
"Customer C-30852","SW-RO-10YD","20-Feb-21",33945
"Customer C-32043","SW-COMM-2","05/07/22",5472
"Customer C-09459","SW-ROLLOFF-40YD","06/04/19",61075
"Customer C-26561","SW-RO-40","04/02/2024",62300
"Customer C-02527","SW-RO-10YD","04/14/2024",33224
"Customer C-33241","SW-RO-10","02/07/23",33545
"Customer C-37058","SW-RO-20","05/26/2022",38917
"Customer C-26798","SW-RO-10YD","07/17/2024",31771
"Customer C-15384","SW-FL-2YD","09/13/20",4412
"Customer C-36753","SW-FL-8YD","03/10/2023",14518
"Customer C-03876","SW-RO-20","10/28/19",37680
"Customer C-13608","SW-COMM-2YD","2022-12-27",13584
"Customer C-03352","SW-ROLLOFF-40YD","15-Oct-19",63083
"Customer C-13393","SW-RES-1-W","2022-09-22",11167
"Customer C-10152","SW-RO-30","2021-02-23",53101
"Customer C-11531","SW-FL-4YD","03/10/2019",15248
"Customer C-18394","SW-FL-2YD","01-Aug-23",4579
"Customer C-23136","SW-FL-6YD","05-Jun-22",16947
"Customer C-32232","SW-COMM-2","04/06/2021",13028
"Customer C-11785","SW-FL-4YD","10/04/2019",10839
"Customer C-06202","SW-RO-30YD","12/04/21",54634
"Customer C-08730","SW-FL-2YD","04/24/2020",5441
"Customer C-17683","SW-RO-40","08/20/23",62904
"Customer C-01721","SW-COMM-6","2022-12-10",19606
"Customer C-07031","SW-COMM-4YD","17-May-19",7000
"Customer C-02020","SW-COMM-4YD","03/03/2024",15040
"Customer C-24980","LEGACY-CODE","05/18/2024",6745
"Customer C-27559","SW-COMM-2","01/21/2021",8955
"Customer C-09230","SW-RO-30","14-Dec-20",52778
"Customer C-31045","SW-ROLLOFF-20YD","02/14/2020",35260
"Customer C-12203","SW-RO-20YD","03-Dec-23",37976
"Customer C-29158","SW-ROLLOFF-20YD","07/13/24",36761
"Customer C-44264","SW-RES-1-W","06/10/2023",37039
"Customer C-34374","SW-RO-20","08/09/2024",44589
"Customer C-29742","SW-FL-6YD","07-Nov-19",18703
"Customer C-03389","SW-COMM-4YD","06/06/24",15275
"Customer C-18650","SW-RES-1-M","05/27/2024",38758
"Customer C-29539","SW-ROLLOFF-30YD","17-Jun-24",46659
"Customer C-25739","SW-ROLLOFF-20YD","17-Feb-22",40533
"Customer C-28582","LEGACY-CODE","2020-02-18",31951
"Customer C-00312","SW-FL-6YD","01/17/2022",18205
"Customer C-24023","SW-COMM-8","05-May-20",18962
"Customer C-42507","SW-RO-20YD","02/28/20",40731
"Customer C-31007","SW-COMM-XX","05/09/2020",18152
"Customer C-01873","SW-FL-6YD","12-Feb-20",17776
"Customer C-20953","SW-RO-30","2022-01-07",45313
"Customer C-26350","SW-RO-10YD","09-Sep-22",28769
"Customer C-07768","SW-RO-30","2020-09-09",45564
"Customer C-12129","SW-COMM-XX","02/24/2021",32864
"Customer C-30970","SW-COMM-4","09/03/2023",16084
"Customer C-27193","SW-RO-20","08-Feb-23",35007
"Customer C-12520","SW-RO-40YD","09/06/2024",55685
"Customer C-38627","SW-RO-30","10-Jan-22",45250
"Customer C-07930","SW-RO-20","2020-07-18",39620
"Customer C-38904","SW-COMM-6","07/08/2020",18588
"Customer C-19437","SW-ROLLOFF-40YD","10/16/23",57286
"Customer C-11386","SW-COMM-6","03/06/2022",18029
"Customer C-32380","SW-RO-20YD","09/13/2019",35555
"Customer C-12956","SW-ROLLOFF-40YD","01/18/2022",59227
"Customer C-13730","SW-FL-4YD","2022-01-17",15169
"Customer C-23179","SW-FL-6YD","2022-12-11",10464
"Customer C-43607","SW-RO-20","02/21/2023",40218
"Customer C-16507","SW-ROLLOFF-20YD","15-Oct-22",41943
"Customer C-32726","SW-ROLLOFF-20YD","03/28/2022",36252
"Customer C-19710","SW-COMM-4","19-Jul-24",11495
"Customer C-34831","SW-RO-20","03/05/2021",37530
"Customer C-06584","SW-RO-10YD","2020-05-09",34990
"Customer C-10008","SW-COMM-2YD","2021-07-26",5007
"Customer C-19283","SW-RO-40","2022-09-19",60629
"Customer C-27377","SW-ROLLOFF-10YD","11/14/2023",31582
"Customer C-10230","SW-RO-40","19-Apr-20",62299
"Customer C-27978","SW-FL-8YD","2024-11-19",14858
"Customer C-17863","SW-ROLLOFF-30YD","09/28/2024",52268
"Customer C-42899","SW-RO-30YD","06/20/2021",53386
"Customer C-01264","SW-FL-6YD","06/09/2020",11336
"Customer C-10026","SW-RO-40YD","07/20/2020",55413
"Customer C-31081","SW-ROLLOFF-40YD","05-Jun-22",60430
"Customer C-04464","SW-RES-1-BW","07/22/19",33224
"Customer C-26972","SW-COMM-4YD","15-Jun-21",11919
"Customer C-42820","SW-FL-2YD","2020-09-22",12167
"Customer C-19675","SW-FL-6YD","18-Aug-22",10942
"Customer C-05689","SW-RO-30","2020-05-18",54674
"Customer C-03852","SW-RES-1-BW","15-Dec-22",10925
"Customer C-03268","SW-ROLLOFF-30YD","2024-12-15",45183
"Customer C-16998","SW-ROLLOFF-30YD","10/04/2019",51615
"Customer C-27235","SW-RO-20YD","03/08/2020",39299
"Customer C-37938","SW-RO-20","14-Aug-24",42596
"Customer C-07723","SW-FL-6YD","2021-04-18",19368
"Customer C-20814","SW-COMM-8YD","21-Mar-24",18277
"Customer C-04336","SW-RO-30","11/21/2019",46393
"Customer C-39347","SW-RO-30","12/10/19",51515
"Customer C-04471","SW-RES-1-M","2022-02-17",40249
"Customer C-39664","OLD-SVC-7","10/28/22",34288
"Customer C-13623","SW-COMM-6YD","09-Sep-24",15953
"Customer C-17964","SW-ROLLOFF-10YD","03/25/2022",27213
"Customer C-08405","SW-COMM-6","12/11/22",16322
"Customer C-39597","SW-FL-4YD","03/08/24",7197
"Customer C-11686","SW-COMM-6","08/12/2019",16265
"Customer C-41060","SW-ROLLOFF-20YD","09/12/2023",41916
"Customer C-44378","SW-RO-40","09/23/19",62320
"Customer C-08225","SW-RES-1-W","09/27/2024",60577
"Customer C-19826","SW-COMM-6YD","02/22/2021",19780
"Customer C-41920","SW-FL-2YD","07-Nov-23",13547
"Customer C-38939","SW-ROLLOFF-20YD","16-Nov-20",41499
"Customer C-19629","SW-RO-10","2024-05-11",33506
"Customer C-07176","SW-RO-20","05/17/19",39947
"Customer C-02321","SW-FL-4YD","07/07/2020",16598
"Customer C-11395","SW-COMM-2YD","05/22/2022",9835
"Customer C-21939","SW-RO-10","2020-11-01",34395
"Customer C-30554","SW-ROLLOFF-40YD","27-Mar-22",61581
"Customer C-39742","SW-RO-20","10/04/21",43759
"Customer C-14916","SW-ROLLOFF-20YD","11/24/24",38155
"Customer C-37760","SW-COMM-8","07/04/20",14193
"Customer C-04987","SW-COMM-8","08/22/2019",16273
"Customer C-24799","NOPE-1","2019-04-15",8055
"Customer C-11989","SW-RO-30YD","06/10/23",50921
"Customer C-24553","SW-ROLLOFF-20YD","2020-04-09",43707
"Customer C-12526","SW-COMM-8","2023-12-14",20137
"Customer C-33026","SW-ROLLOFF-10YD","04/01/2023",28638
"Customer C-33414","SW-FL-6YD","2022-07-24",11716
"Customer C-18955","SW-RO-20YD","04-Nov-20",39837
"Customer C-39056","SW-COMM-8","05/25/2021",15440
"Customer C-03553","SW-RO-20YD","2019-06-10",35797
"Customer C-15693","SW-RES-1-BW","07/20/2022",29391
"Customer C-33585","SW-RO-30YD","01/18/2019",47511
"Customer C-28599","SW-ROLLOFF-40YD","09/18/2020",59409
"Customer C-09832","SW-RO-40YD","04/08/19",57179
"Customer C-11168","SW-ROLLOFF-30YD","2024-06-11",45757
"Customer C-08030","SW-RO-30YD","27-Feb-21",51663
"Customer C-18707","SW-RES-1-BW","12/20/2020",18158
"Customer C-37336","SW-RO-40","04/19/2024",57033
"Customer C-05111","SW-COMM-8","22-Feb-23",22069
"Customer C-26938","SW-RO-20","07/01/19",35807
"Customer C-26371","SW-COMM-8YD","03/04/2022",22554
"Customer C-38804","SW-RO-20","12/04/2019",39743
"Customer C-29001","SW-XX-99YD","11/10/2023",13035
"Customer C-20331","SW-COMM-4","07/14/2020",14171
"Customer C-37630","SW-COMM-2YD","2022-07-27",7565
"Customer C-09011","SW-COMM-6YD","2021-02-18",11821
"Customer C-37995","SW-RES-1-BW","2024-04-09",15543
"Customer C-35522","SW-RO-10","2020-02-25",31291
"Customer C-18487","SW-FL-6YD","10/20/2021",19866
"Customer C-10678","SW-ROLLOFF-30YD","2023-04-09",47105
"Customer C-44119","SW-RO-30","03/27/2022",54582
"Customer C-11558","SW-ROLLOFF-20YD","23-Feb-22",39050
"Customer C-18764","SW-XX-99YD","04/25/2022",45318
"Customer C-27914","SW-COMM-4YD","03-Jun-21",11701
"Customer C-30113","SW-FL-6YD","07/21/19",19479
"Customer C-03304","SW-ROLLOFF-40YD","11-Feb-19",60378
"Customer C-17809","SW-ROLLOFF-30YD","06/19/2020",49512
"Customer C-25939","SW-RO-20YD","05/05/2024",39004
"Customer C-21975","SW-ROLLOFF-20YD","10/10/2024",43500
"Customer C-00133","SW-ROLLOFF-30YD","07/03/2024",50956
"Customer C-03204","SW-RES-1-BW","08/20/2019",42151
"Customer C-04536","SW-COMM-6YD","12/11/24",15530
"Customer C-43854","SW-COMM-8","01/26/24",18978
"Customer C-36947","SW-RO-30YD","05/06/22",54601
"Customer C-30360","SW-COMM-2YD","08/16/2019",8123
"Customer C-01155","SW-FL-8YD","11-Sep-20",22490
"Customer C-15859","SW-FL-2YD","09/26/19",13747
"Customer C-05170","SW-ROLLOFF-20YD","10/23/2021",38236
"Customer C-35093","SW-RO-40","2023-03-19",56131
"Customer C-18403","SW-XX-99YD","06/19/24",57061
"Customer C-35735","SW-ROLLOFF-30YD","08/03/24",47746
"Customer C-02650","SW-RO-20YD","11/18/2021",43340
"Customer C-29741","SW-RO-30YD","2022-11-18",53420
"Customer C-07188","SW-COMM-8","02/24/2022",15528
"Customer C-23040","SW-RO-20","02/05/24",38219
"Customer C-07601","SW-RO-20","2023-11-04",39069
"Customer C-30030","SW-ROLLOFF-20YD","24-Aug-20",41332
"Customer C-17265","SW-COMM-8","2023-06-02",18837
"Customer C-08813","SW-ROLLOFF-20YD","05/14/23",43908
"Customer C-03352","SW-ROLLOFF-30YD","09/15/2019",49052
"Customer C-39071","OLD-SVC-7","2023-04-19",25434
"Customer C-20037","SW-RO-20YD","2024-11-05",39825
"Customer C-17748","SW-ROLLOFF-20YD","06/15/2023",37122
"Customer C-26543","SW-ROLLOFF-40YD","2023-03-18",60973
"Customer C-18265","SW-FL-4YD","03/21/2020",13365
"Customer C-26918","SW-RES-1-BW","05/26/20",8056
"Customer C-12375","SW-RO-10YD","2022-09-09",31723
"Customer C-31355","SW-FL-4YD","08/08/2024",11695
"Customer C-27382","SW-COMM-2YD","22-Aug-19",5906
"Customer C-09708","SW-RO-20","2020-02-27",38150
"Customer C-23820","SW-ROLLOFF-20YD","2019-02-17",42919
"Customer C-33294","SW-RO-30","20-Mar-21",49394
"Customer C-23162","SW-RO-30YD","08/26/2019",51295
"Customer C-40906","SW-COMM-6YD","11-Nov-23",18115
"Customer C-05670","SW-RO-20YD","12/03/22",37267
"Customer C-31816","SW-COMM-2YD","01/25/2024",10857
"Customer C-25171","SW-COMM-6","08/27/24",12643
"Customer C-11498","OLD-SVC-7","15-Feb-20",36193
"Customer C-37773","SW-FL-4YD","07/03/2019",16591
"Customer C-20543","SW-RO-10YD","09-Jan-20",32107
"Customer C-43873","SW-XX-99YD","08/07/2022",16023
"Customer C-43729","SW-FL-8YD","01/19/19",22521
"Customer C-00144","SW-COMM-4YD","03/08/2022",16165
"Customer C-18354","SW-COMM-6","2023-03-16",16616
"Customer C-07675","SW-RO-20","01/27/2024",40723
"Customer C-14983","SW-COMM-8YD","07/10/21",16764
"Customer C-34915","SW-RO-30YD","2023-01-13",46225
"Customer C-39860","SW-RO-10YD","2024-09-11",31374
"Customer C-09733","SW-COMM-4YD","11/25/19",15587
"Customer C-22901","SW-RO-10YD","04/07/2022",25263
"Customer C-08176","SW-COMM-XX","2020-12-10",30416
"Customer C-39439","SW-COMM-8YD","15-Aug-22",18172
"Customer C-25434","SW-FL-4YD","02/11/21",13127
"Customer C-22088","SW-RO-30YD","10/09/2023",54819
"Customer C-14822","SW-ROLLOFF-30YD","2022-02-18",54403
"Customer C-14477","NOPE-1","2022-06-02",34981
"Customer C-36139","SW-ROLLOFF-40YD","2021-04-07",62163
"Customer C-05271","SW-FL-2YD","01/28/2024",8979
"Customer C-13316","SW-RO-30","01/04/2022",45608
"Customer C-26548","SW-ROLLOFF-40YD","12/25/2022",64216
"Customer C-10310","SW-COMM-4YD","07/13/2020",12284
"Customer C-19726","SW-RO-20","12/28/2021",43649
"Customer C-18994","SW-ROLLOFF-20YD","03/08/2024",40848
"Customer C-17879","SW-RO-10YD","03/18/2020",34003
"Customer C-15223","SW-RES-1-M","25-Jul-24",10559
"Customer C-32216","SW-FL-8YD","12-Nov-21",14556
"Customer C-26043","SW-RO-30","10/25/24",53163
"Customer C-04606","SW-FL-6YD","28-Jul-19",10557
"Customer C-32582","OLD-SVC-7","03/02/19",56754
"Customer C-26739","SW-ROLLOFF-20YD","02/08/2023",40504
"Customer C-22834","SW-ROLLOFF-40YD","2019-04-26",60038
"Customer C-21919","SW-COMM-8YD","12/11/24",18906
"Customer C-32953","SW-FL-6YD","05-Jan-23",14868
"Customer C-20701","SW-RO-40YD","2023-03-22",60668
"Customer C-09356","SW-ROLLOFF-20YD","09/25/2023",43339
"Customer C-31470","SW-FL-4YD","05/04/2021",12616
"Customer C-30884","SW-COMM-8","05/25/24",14744
"Customer C-42153","SW-COMM-4","02/19/2024",15893
"Customer C-29622","SW-FL-8YD","10/15/22",15002
"Customer C-39305","SW-RO-40","07/05/20",58234
"Customer C-43351","SW-RO-20YD","01-Sep-21",39811
"Customer C-11113","SW-COMM-8YD","03/16/2024",20489
"Customer C-10526","SW-ROLLOFF-10YD","07/07/2024",32407
"Customer C-16524","SW-RO-30","12/22/21",46813
"Customer C-28506","SW-COMM-2","06/16/2019",5193
"Customer C-21904","SW-ROLLOFF-20YD","03/25/2023",39082
"Customer C-05605","SW-RO-40","2020-11-06",55397
"Customer C-35784","SW-ROLLOFF-20YD","03/19/22",36678
"Customer C-26953","SW-ROLLOFF-20YD","2021-07-13",43690
"Customer C-11260","SW-XX-99YD","2019-12-15",11618
"Customer C-15086","SW-RO-20YD","03/15/2021",35946
"Customer C-39071","SW-ROLLOFF-40YD","04/03/20",56599
"Customer C-12602","SW-RO-20","05/11/2019",39324
"Customer C-43799","SW-ROLLOFF-30YD","08/13/24",52914
"Customer C-36907","SW-COMM-4YD","2020-04-02",10668
"Customer C-37788","SW-COMM-6","2020-04-04",14467
"Customer C-04247","SW-RO-30YD","07/12/2021",53879
"Customer C-38840","SW-FL-2YD","2019-09-15",13185
"Customer C-01840","SW-FL-2YD","2020-08-17",12548
"Customer C-35612","SW-ROLLOFF-40YD","2020-10-20",55894
"Customer C-20891","SW-ROLLOFF-20YD","2019-03-25",43165
"Customer C-02276","SW-FL-4YD","08/17/2021",7502
"Customer C-12722","SW-RO-10","11/01/20",32882
"Customer C-29946","SW-FL-8YD","06-Nov-24",19343
"Customer C-06258","SW-ROLLOFF-20YD","07/01/2020",38323
"Customer C-35344","SW-RO-20YD","18-Aug-21",41307
"Customer C-21265","SW-XX-99YD","10-Nov-19",4147
"Customer C-19682","SW-RES-1-W","12/20/2022",49370
"Customer C-06435","SW-ROLLOFF-40YD","12/17/2023",60291
"Customer C-39498","SW-RES-1-BW","2020-09-06",7723
"Customer C-44407","SW-RO-40YD","26-Dec-24",57423
"Customer C-22692","SW-ROLLOFF-30YD","11/23/2023",54303
"Customer C-14728","SW-ROLLOFF-10YD","08/05/2021",33029
"Customer C-29846","SW-COMM-6YD","08/22/2019",11035
"Customer C-01785","SW-FL-8YD","02/19/2024",20622
"Customer C-06686","LEGACY-CODE","2022-12-25",10018
"Customer C-18231","SW-ROLLOFF-10YD","05/13/21",32435
"Customer C-04335","SW-RO-40","09/15/21",63111
"Customer C-10462","SW-RO-10YD","20-Jul-22",33042
"Customer C-41531","SW-COMM-2","09-May-21",8299
"Customer C-03739","SW-RO-30","2020-05-27",53733
"Customer C-22943","SW-RO-30","10/03/2023",47838
"Customer C-15157","SW-RES-1-BW","08/23/2022",52406
"Customer C-24750","SW-RO-40YD","10/22/2021",63239
"Customer C-32785","SW-FL-6YD","01-Jun-22",17692
"Customer C-06827","SW-RO-40","2024-07-04",58537
"Customer C-03454","SW-COMM-8YD","08/18/21",19023
"Customer C-02511","SW-COMM-2YD","20-Dec-24",10203
"Customer C-09569","SW-FL-6YD","08/03/2020",13058
"Customer C-20741","SW-ROLLOFF-20YD","21-May-21",42790
"Customer C-09295","SW-COMM-4YD","13-Nov-23",12235
"Customer C-32688","SW-COMM-2YD","14-Jan-21",4513
"Customer C-11389","SW-FL-2YD","10/16/2024",7339
"Customer C-35889","SW-RES-1-BW","06/10/21",7723
"Customer C-04915","SW-RO-10","10/24/2020",25491
"Customer C-03189","SW-ROLLOFF-10YD","10-Apr-21",29542
"Customer C-11445","SW-ROLLOFF-30YD","07-Sep-20",51943
"Customer C-32550","SW-ROLLOFF-20YD","2024-06-02",43489
"Customer C-43772","SW-COMM-6YD","06/13/2020",19473
"Customer C-21713","SW-FL-4YD","12/05/22",16161
"Customer C-43568","SW-COMM-8","06/20/2021",22386
"Customer C-00688","SW-RES-1-W","21-Jul-23",53638
"Customer C-25418","SW-RO-10YD","11/23/2022",33545
"Customer C-30522","SW-COMM-8","09/09/20",13748
"Customer C-19995","SW-RO-10YD","2022-04-11",32964
"Customer C-15122","SW-RO-10","2019-11-07",28689
"Customer C-33610","SW-COMM-2","2021-08-21",4741
"Customer C-22238","SW-RO-30YD","02/28/2021",51608
"Customer C-34439","SW-RO-30YD","26-May-19",45249
"Customer C-02541","SW-COMM-6YD","21-Dec-22",12815
"Customer C-34981","SW-RO-10","04/10/20",34187
"Customer C-33439","SW-RO-40","03-Dec-20",60034
"Customer C-02879","SW-RO-10YD","12/11/2022",30919
"Customer C-10645","SW-FL-2YD","06/21/2022",10145
"Customer C-36122","SW-COMM-6YD","07/03/2021",13165
"Customer C-25095","SW-COMM-4YD","12/09/2021",11726
"Customer C-26929","SW-RO-30YD","14-Jan-22",48121
"Customer C-00802","SW-RO-40YD","2022-08-12",63772
"Customer C-16611","SW-ROLLOFF-40YD","14-Dec-20",62299
"Customer C-11655","SW-ROLLOFF-10YD","11/20/19",32136
"Customer C-24752","SW-COMM-6","05-Nov-21",14891
"Customer C-36265","SW-ROLLOFF-30YD","21-Aug-23",50712
"Customer C-28697","NOPE-1","10/05/23",48089
"Customer C-25514","SW-COMM-2","03-Apr-20",13142
"Customer C-04146","SW-COMM-8","06/07/2021",21084
"Customer C-36638","SW-RO-40YD","07/19/2022",55708
"Customer C-11268","SW-ROLLOFF-40YD","2020-08-10",61034
"Customer C-10957","SW-ROLLOFF-40YD","2022-08-23",64789
"Customer C-16502","SW-COMM-4","2023-02-14",7157
"Customer C-17943","SW-FL-2YD","2021-06-05",10858
"Customer C-31360","SW-RO-10","21-Jan-22",28902
"Customer C-39176","SW-FL-8YD","2021-03-25",17135
"Customer C-30181","SW-COMM-6","05/11/23",18554
"Customer C-04500","OLD-SVC-7","12/28/2020",16937
"Customer C-09852","SW-ROLLOFF-40YD","08/08/2024",55205
"Customer C-13278","SW-FL-2YD","2021-09-13",4656
"Customer C-37392","SW-COMM-8YD","05/10/20",14497
"Customer C-25701","SW-RO-40","19-Sep-21",58054
"Customer C-30327","SW-COMM-4YD","2019-11-15",8311
"Customer C-26105","SW-ROLLOFF-20YD","06/04/22",38359
"Customer C-24949","SW-RO-10","11/27/23",25371
"Customer C-09640","SW-ROLLOFF-20YD","01/08/2024",41151
"Customer C-11779","SW-ROLLOFF-10YD","2022-09-18",27155
"Customer C-06440","SW-FL-6YD","2024-06-21",12687
"Customer C-14217","SW-FL-2YD","05/07/2020",12489
"Customer C-14900","SW-RES-1-BW","09/10/2019",40083
"Customer C-06794","SW-RO-40","01/15/2020",57535
"Customer C-33293","SW-RES-1-BW","02-Jan-19",11666
"Customer C-06340","SW-ROLLOFF-10YD","02/12/2019",34854
"Customer C-29834","SW-ROLLOFF-40YD","12/17/21",62924
"Customer C-41872","SW-RO-30","02-Jan-22",45111
"Customer C-38788","SW-RO-20","2023-02-12",39701
"Customer C-18710","SW-RO-30","2019-12-23",46503
"Customer C-10038","SW-COMM-6YD","22-Jul-19",18870
"Customer C-33058","SW-RO-20","18-Dec-21",41077
"Customer C-13810","SW-FL-2YD","06/10/2024",8715
"Customer C-19453","SW-RO-30YD","25-Sep-21",51163
"Customer C-00986","SW-COMM-4YD","2022-02-21",13241
"Customer C-37863","SW-ROLLOFF-30YD","12/20/24",48758
"Customer C-14027","SW-COMM-6","27-May-21",13984
"Customer C-29053","SW-RO-10","02/14/21",28627
"Customer C-35890","SW-COMM-4","08/01/2022",15518
"Customer C-19732","SW-RO-20YD","2024-09-20",39621
"Customer C-05013","SW-FL-2YD","09/01/2022",8335
"Customer C-29541","SW-RES-1-W","04/03/22",30999
"Customer C-19639","SW-FL-4YD","09-Sep-22",16826
"Customer C-22681","SW-RO-20YD","2020-01-15",38065
"Customer C-32989","SW-ROLLOFF-40YD","11-Feb-20",55639
"Customer C-21614","SW-RES-1-M","24-Dec-22",39860
"Customer C-24296","SW-FL-6YD","2020-06-06",16501
"Customer C-09480","SW-COMM-4","09/01/23",10500
"Customer C-00580","SW-RO-30YD","08/10/24",52391
"Customer C-20901","SW-ROLLOFF-40YD","12/18/2021",63396
"Customer C-36476","NOPE-1","2023-09-01",15985
"Customer C-20443","SW-RO-10","2021-11-19",34962
"Customer C-44227","SW-COMM-2","05/03/2019",7938
"Customer C-29118","SW-ROLLOFF-20YD","2023-04-01",35349
"Customer C-39320","SW-RO-20","15-Jan-24",37726
"Customer C-08050","SW-RO-20","2022-11-08",44906
"Customer C-38244","SW-ROLLOFF-30YD","02/02/21",54524
"Customer C-28788","SW-RO-10","2022-02-17",26889
"Customer C-31714","SW-RO-30","2022-03-22",46805
"Customer C-40230","SW-COMM-6","08/25/20",12077
"Customer C-40470","SW-FL-8YD","07/01/20",18933
"Customer C-24584","SW-ROLLOFF-30YD","10/19/2022",46767
"Customer C-32578","SW-RO-30YD","04/02/23",54082
"Customer C-09676","SW-COMM-4","2019-06-22",8768
"Customer C-18679","SW-COMM-6YD","06/07/22",17123
"Customer C-12353","SW-RES-1-M","10/27/2022",17149
"Customer C-20401","SW-ROLLOFF-40YD","12/12/2023",62110
"Customer C-34505","SW-COMM-2YD","10/20/2022",7635
"Customer C-36426","SW-ROLLOFF-20YD","06/27/2024",43777
"Customer C-15989","SW-ROLLOFF-40YD","2021-09-23",58012
"Customer C-23612","SW-RO-30","11/05/22",52469
"Customer C-21082","SW-RO-30","04/01/2022",53940
"Customer C-38111","SW-COMM-8","2021-10-09",21141
"Customer C-13317","SW-RO-20","2023-03-03",35935
"Customer C-17045","SW-RES-1-M","06/16/22",16760
"Customer C-06131","SW-RO-20YD","13-Nov-19",37733
"Customer C-02307","SW-FL-6YD","22-Jun-22",11816
"Customer C-09338","SW-ROLLOFF-20YD","07/22/2019",43834
"Customer C-10373","SW-FL-8YD","02/23/2020",21525
"Customer C-32710","SW-RES-1-W","11-Jul-23",13516
"Customer C-32159","SW-COMM-8YD","06/06/2024",22587
"Customer C-05738","SW-RO-40","06/23/2020",58672
"Customer C-33679","SW-COMM-XX","07/24/2019",19343
"Customer C-19927","SW-RES-1-BW","10/19/2020",31364
"Customer C-36181","SW-RO-10YD","2021-11-04",25500
"Customer C-12887","SW-RES-1-W","10/04/2019",39929
"Customer C-03394","SW-RO-40YD","2021-02-27",59741
"Customer C-40109","SW-COMM-4YD","26-Mar-24",12643
"Customer C-35977","SW-ROLLOFF-40YD","2024-02-07",63091
"Customer C-31125","SW-ROLLOFF-10YD","07/07/20",34673
"Customer C-30873","SW-ROLLOFF-30YD","12/21/20",53995
"Customer C-37245","SW-COMM-4YD","04-May-22",10378
"Customer C-43920","SW-RO-20","2019-12-02",39759
"Customer C-04658","SW-FL-4YD","08/08/19",10863
"Customer C-17585","SW-RES-1-BW","11/09/22",12259
"Customer C-27862","SW-COMM-4","2024-04-28",11182
"Customer C-17500","SW-COMM-6","01/01/2024",16947
"Customer C-12603","SW-COMM-8","07/22/23",13077
"Customer C-12114","SW-RO-10YD","11-Dec-24",32148
"Customer C-35337","SW-COMM-4","09/28/21",10479
"Customer C-42941","SW-ROLLOFF-10YD","08/17/2019",29370
"Customer C-27220","SW-FL-8YD","2019-07-13",13621
"Customer C-11199","SW-RES-1-M","11/06/23",10934
"Customer C-18252","SW-COMM-XX","03/26/2021",12952
"Customer C-31617","SW-FL-4YD","25-Nov-21",14764
"Customer C-15641","SW-RES-1-W","06/20/21",39548
"Customer C-41980","SW-COMM-2","25-Jan-21",12358
"Customer C-39288","SW-RO-30YD","2022-07-19",51444
"Customer C-23323","SW-ROLLOFF-40YD","03/04/2021",62520
"Customer C-01893","SW-COMM-6YD","2020-12-04",13896
"Customer C-27111","NOPE-1","09-Jul-23",54172
"Customer C-18615","SW-COMM-2","05-Feb-23",11872
"Customer C-38862","SW-FL-2YD","09-Oct-23",5691
"Customer C-43238","SW-COMM-6","2020-04-22",15868
"Customer C-18203","SW-RO-30YD","27-Jul-21",52504
"Customer C-03367","SW-ROLLOFF-10YD","10/25/2020",30222
"Customer C-01010","SW-RO-10YD","01-Jul-23",32156
"Customer C-06577","SW-ROLLOFF-30YD","09/22/2023",52451
"Customer C-10898","SW-COMM-8","03/16/20",20193
"Customer C-23253","SW-COMM-6","02/17/20",10045
"Customer C-35827","SW-RES-1-M","08-Oct-23",39233
"Customer C-05686","SW-RO-10YD","14-Dec-21",34811
"Customer C-21944","SW-ROLLOFF-20YD","04/25/2024",44151
"Customer C-08932","SW-COMM-4YD","09/18/2019",12471
"Customer C-14914","SW-RO-10YD","06/07/19",26665
"Customer C-04478","SW-RO-10YD","22-Nov-20",28616
"Customer C-13328","SW-COMM-8YD","07/08/2024",19885
"Customer C-34349","SW-FL-4YD","2019-02-03",16927
"Customer C-32292","LEGACY-CODE","11-Mar-21",52018
"Customer C-14506","SW-COMM-8YD","03/12/19",13538
"Customer C-28228","SW-RES-1-M","04/01/22",10373
"Customer C-20193","SW-FL-8YD","2024-02-02",19792
"Customer C-19819","SW-ROLLOFF-10YD","2021-03-05",33390
"Customer C-30654","SW-RO-30","2021-06-03",45723
"Customer C-44482","SW-FL-2YD","22-Aug-24",6295
"Customer C-28474","SW-RO-20","03/08/2019",44998
"Customer C-44851","SW-COMM-2YD","03/28/19",13022
"Customer C-26684","SW-ROLLOFF-10YD","12/15/2021",34839
"Customer C-19818","SW-RO-10YD","2023-08-15",30705
"Customer C-09700","SW-RES-1-M","2020-12-25",39096
"Customer C-16476","SW-RO-40","05-Mar-21",60312
"Customer C-10099","SW-RO-40YD","12/04/2022",58086
"Customer C-01737","SW-RO-10YD","2022-10-14",26903
"Customer C-43836","SW-FL-8YD","08-Jan-20",17916
"Customer C-19687","SW-COMM-4YD","2020-01-17",14697
"Customer C-25491","SW-RO-20","05/14/2022",43815
"Customer C-17513","SW-FL-4YD","2023-06-28",13783
"Customer C-03485","SW-COMM-2","03/15/22",12167
"Customer C-06130","SW-RO-40YD","09/25/2020",55666
"Customer C-29385","SW-RO-40YD","14-Feb-22",61267
"Customer C-15081","SW-RO-40","10/19/21",64770
"Customer C-30388","SW-COMM-8","2021-05-04",22901
"Customer C-16607","SW-RO-10YD","11/13/24",32395
"Customer C-31893","SW-RO-20YD","01/13/2024",38946
"Customer C-25901","SW-ROLLOFF-20YD","10/03/2019",44939
"Customer C-00644","SW-RO-20","08/19/20",43574
"Customer C-26112","SW-COMM-4","2023-05-12",8103
"Customer C-44970","SW-ROLLOFF-10YD","08/15/2021",28313
"Customer C-24077","SW-RO-40YD","2020-05-17",62950
"Customer C-07650","SW-RO-30YD","02/03/2019",47349
"Customer C-43648","SW-RO-20","09-Oct-23",42157
"Customer C-00666","SW-ROLLOFF-20YD","2021-11-10",44338
"Customer C-00178","SW-ROLLOFF-10YD","2020-06-01",30942
"Customer C-25816","SW-COMM-8YD","10/22/2022",14137
"Customer C-42467","SW-RO-10YD","07/03/2019",26847
"Customer C-35456","SW-RO-40YD","12/27/2021",62597
"Customer C-15914","SW-ROLLOFF-40YD","02/10/2019",62300
"Customer C-05901","SW-ROLLOFF-30YD","10/26/2024",51546
"Customer C-22260","SW-FL-4YD","11/03/2023",12482
"Customer C-31067","SW-ROLLOFF-20YD","01/24/2019",40627
"Customer C-25786","SW-COMM-8","02/25/2019",17559
"Customer C-23307","SW-COMM-6","02/09/2024",14720
"Customer C-33296","SW-RO-30YD","23-Oct-22",45856
"Customer C-37824","SW-RES-1-M","01/05/2020",10168
"Customer C-38380","SW-FL-2YD","10/21/24",4773
"Customer C-10332","SW-ROLLOFF-30YD","12/23/2024",50272
"Customer C-36036","LEGACY-CODE","03-Aug-24",22395
"Customer C-36445","NOPE-1","11/11/2019",16348
"Customer C-37897","SW-ROLLOFF-20YD","04/20/2021",35417
"Customer C-30198","SW-FL-4YD","2024-06-05",7505
"Customer C-08832","SW-RO-20","04/01/22",40491
"Customer C-11977","SW-RO-30YD","12/04/2023",45925
"Customer C-42302","SW-ROLLOFF-40YD","2022-12-09",63373
"Customer C-09583","SW-RO-10","10/27/24",30438
"Customer C-00352","SW-COMM-8","04/20/2023",22033
"Customer C-28248","SW-ROLLOFF-30YD","05/23/24",48066
"Customer C-15347","SW-RO-10YD","2020-12-20",29405
"Customer C-09403","SW-COMM-8YD","02/21/2019",16289
"Customer C-38725","SW-RES-1-W","11/27/24",44750
"Customer C-00669","SW-RES-1-BW","23-Jan-20",60225
"Customer C-41080","SW-RO-40YD","10/06/2024",61368
"Customer C-27204","SW-RO-30","2024-02-19",54375
"Customer C-41124","SW-RES-1-W","2022-03-04",61304
"Customer C-13118","SW-COMM-6","06-Feb-24",11199
"Customer C-28651","SW-COMM-8","22-Feb-24",15910
"Customer C-22409","SW-RO-30","2020-01-03",47851
"Customer C-34013","SW-FL-6YD","05/12/2023",15817
"Customer C-31552","SW-RO-10","27-May-23",30215
"Customer C-27474","SW-COMM-4YD","06/10/2021",14244
"Customer C-03898","SW-ROLLOFF-40YD","07/13/2020",62473
"Customer C-15732","SW-RO-40YD","2022-01-02",55341
"Customer C-36706","SW-RES-1-W","01/28/21",48639
"Customer C-10674","SW-ROLLOFF-10YD","01/05/2021",29403
"Customer C-28374","SW-ROLLOFF-40YD","04/04/2022",58061
"Customer C-24857","SW-COMM-4YD","01/17/2021",9489
"Customer C-35480","SW-RO-10","01/19/2021",28313
"Customer C-31805","SW-RO-30YD","10/20/2021",47200
"Customer C-30085","SW-RO-10YD","02/06/2020",27203
"Customer C-28796","SW-ROLLOFF-20YD","12/08/2024",35573
"Customer C-25604","SW-RO-40","11/15/23",59025
"Customer C-15124","SW-RES-1-W","03/07/2020",31326
"Customer C-01825","SW-COMM-2","09/03/2020",5861
"Customer C-36023","SW-RES-1-BW","05/03/2020",9991
"Customer C-27419","SW-RES-1-M","01/08/2019",12486
"Customer C-29794","SW-RO-30YD","04/02/22",52936
"Customer C-10522","SW-COMM-4","23-Sep-21",13019
"Customer C-00117","SW-RO-30YD","2023-11-21",46254
"Customer C-41113","SW-COMM-6YD","10/13/21",15738
"Customer C-30444","SW-ROLLOFF-10YD","10/22/2022",29166
"Customer C-24940","SW-COMM-2","17-Mar-24",7820
"Customer C-17456","SW-FL-4YD","2019-01-06",8466
"Customer C-24106","SW-RO-10YD","08/13/2024",30816
"Customer C-14032","SW-COMM-2","25-Sep-21",9111
"Customer C-31338","SW-FL-6YD","09/07/24",13379
"Customer C-04924","SW-RO-30","07/23/2024",50202
"Customer C-18431","SW-RO-30","12/12/2022",53025
"Customer C-05147","SW-RO-40","06/23/19",57386
"Customer C-21928","SW-RO-10YD","11-Jul-23",30238
"Customer C-40180","SW-RO-10","10/03/23",34319
"Customer C-04813","SW-COMM-6","09-Jun-20",10092
"Customer C-43249","SW-ROLLOFF-20YD","22-May-23",41362
"Customer C-14054","SW-FL-6YD","11/21/2021",12642
"Customer C-11657","SW-RES-1-BW","03/13/2021",10726
"Customer C-10991","SW-COMM-2","09/08/2019",13950
"Customer C-21465","SW-RO-30YD","23-Jun-19",46657
"Customer C-01982","SW-ROLLOFF-30YD","12/12/19",45227
"Customer C-23648","SW-COMM-4","03/28/2022",8386
"Customer C-30738","SW-ROLLOFF-30YD","20-Sep-22",53204
"Customer C-09710","SW-RO-30YD","2020-06-09",50440
"Customer C-19188","SW-FL-8YD","09/18/2020",17966
"Customer C-34590","SW-COMM-4YD","03/04/2019",11526
"Customer C-29403","SW-XX-99YD","06/12/19",42794
"Customer C-16818","SW-COMM-4YD","07/02/19",16308
"Customer C-41317","SW-RO-10","05-Mar-19",29741
"Customer C-08282","SW-COMM-4YD","01/03/2019",14280
"Customer C-00390","SW-COMM-4YD","2023-08-28",11365
"Customer C-08879","SW-COMM-2","07-Jul-22",13725
"Customer C-04443","SW-RO-30YD","04/21/2021",47089
"Customer C-39238","SW-ROLLOFF-30YD","28-Apr-20",46732
"Customer C-24684","SW-COMM-4YD","18-Dec-19",12977
"Customer C-08187","SW-FL-2YD","18-Feb-22",6105
"Customer C-21266","SW-COMM-4","11/10/2019",9823
"Customer C-34712","SW-COMM-2YD","06/03/20",10281
"Customer C-15140","SW-COMM-6","2022-02-28",13504
"Customer C-07203","SW-ROLLOFF-20YD","07/26/22",38044
"Customer C-04263","SW-ROLLOFF-30YD","02/11/23",51739
"Customer C-21539","SW-RO-30","10/28/2022",51932
"Customer C-22206","SW-RO-30YD","01-Feb-19",49707
"Customer C-26154","SW-RES-1-M","2020-04-25",34406
"Customer C-09213","SW-ROLLOFF-30YD","26-May-19",52775
"Customer C-21602","SW-RO-40YD","05/26/23",61742
"Customer C-34524","SW-RES-1-BW","11/05/2020",12566
"Customer C-02111","SW-COMM-6","2020-02-14",17304
"Customer C-13319","SW-ROLLOFF-40YD","03/20/2020",56829
"Customer C-29646","SW-FL-6YD","10-Mar-21",19642
"Customer C-20471","SW-FL-2YD","2019-07-21",5356
"Customer C-18074","SW-RO-10YD","2019-03-14",30566
"Customer C-31715","SW-RO-40YD","2021-04-25",60450
"Customer C-41829","SW-RO-20YD","09/22/2019",38673
"Customer C-24930","SW-COMM-8YD","2024-05-17",16037
"Customer C-13434","SW-ROLLOFF-20YD","01/13/2023",36493
"Customer C-34252","SW-FL-4YD","2021-11-03",11129
"Customer C-01515","SW-COMM-4","03-Nov-23",15062
"Customer C-36064","SW-COMM-6YD","2021-02-11",12860
"Customer C-38258","SW-RO-20","09/19/2020",40590
"Customer C-27833","SW-COMM-2","07-Feb-20",9960
"Customer C-17368","SW-FL-2YD","12/17/2024",9441
"Customer C-07170","SW-FL-6YD","06/09/2019",13015
"Customer C-39389","SW-RO-20","25-Apr-20",37017
"Customer C-16807","SW-COMM-2YD","09/03/20",8501
"Customer C-01446","SW-RO-20","01/14/22",41681
"Customer C-20668","SW-COMM-8","07/11/2020",18409
"Customer C-40527","SW-ROLLOFF-10YD","03/20/2019",31000
"Customer C-14291","SW-RO-30","28-May-23",46223
"Customer C-31844","SW-FL-8YD","10/20/24",17257
"Customer C-29941","SW-RO-10","10/18/2019",34798
"Customer C-07476","LEGACY-CODE","09/08/2019",8508
"Customer C-36910","SW-FL-6YD","04/25/22",14913
"Customer C-40040","SW-ROLLOFF-20YD","12/22/2024",36431
"Customer C-42961","SW-RES-1-M","09-Jul-19",19693
"Customer C-07977","OLD-SVC-7","27-Jan-22",43563
"Customer C-18996","SW-COMM-4","06/19/2021",11810
"Customer C-30214","SW-COMM-4","08/04/24",12150
"Customer C-39819","SW-COMM-6","2024-04-25",10091
"Customer C-14255","SW-FL-2YD","09-Apr-23",10178
"Customer C-11925","SW-FL-4YD","06/18/2022",15405
"Customer C-28597","SW-COMM-8","19-Sep-20",13188
"Customer C-33118","SW-RO-40YD","18-Mar-23",56719
"Customer C-35036","SW-RO-30","21-Feb-19",46467
"Customer C-13967","SW-RO-10","08/02/24",25720
"Customer C-35881","SW-ROLLOFF-20YD","05-Feb-24",44110
"Customer C-40748","SW-ROLLOFF-20YD","07/02/21",35517
"Customer C-37192","SW-RO-40YD","05/10/24",55429
"Customer C-17714","SW-RO-10","12/13/2020",31107
"Customer C-07982","SW-RO-20","10/13/2021",44869
"Customer C-37338","SW-RO-20YD","03-Mar-24",37527
"Customer C-13559","SW-RO-40YD","2021-04-08",59097
"Customer C-03285","SW-COMM-8","23-Dec-20",13523
"Customer C-00071","OLD-SVC-7","2023-07-27",4884
"Customer C-28612","SW-RO-40","01/28/2021",55696
"Customer C-44718","SW-RO-20","2020-06-12",35578
"Customer C-09787","SW-RO-20YD","11/18/2022",38725
"Customer C-37565","SW-COMM-4YD","11/13/2024",15326
"Customer C-25771","SW-FL-6YD","24-Jun-19",10701
"Customer C-40553","SW-FL-6YD","08/26/2020",14175
"Customer C-38510","SW-FL-4YD","04-Dec-23",13465
"Customer C-21389","SW-RO-20YD","27-Jul-20",40400
"Customer C-03420","SW-COMM-8","09/13/2019",15702
"Customer C-19573","SW-ROLLOFF-40YD","06/11/2023",64349
"Customer C-36999","SW-COMM-6YD","05/18/20",19388
"Customer C-12243","SW-COMM-4","21-May-20",10006
"Customer C-08888","SW-COMM-6YD","02/25/24",18405
"Customer C-18070","SW-COMM-4YD","06/01/2021",12750
"Customer C-12216","SW-RO-40","04/24/22",57835
"Customer C-36512","SW-ROLLOFF-30YD","02/03/19",49648
"Customer C-33446","SW-RO-20","2021-05-15",39678
"Customer C-13635","SW-RES-1-M","2021-10-11",36283
"Customer C-35568","SW-FL-8YD","16-Sep-19",21920
"Customer C-36748","SW-COMM-6","2021-10-15",11997
"Customer C-15266","SW-ROLLOFF-40YD","08/03/24",58326
"Customer C-23524","SW-ROLLOFF-40YD","09/17/2020",64391
"Customer C-22974","SW-COMM-6","08/01/2022",12479
"Customer C-36685","SW-RO-10","11/19/2022",29737
"Customer C-42307","SW-COMM-2YD","07/09/19",5352
"Customer C-36763","SW-RO-40YD","16-Dec-22",61754
"Customer C-12642","SW-ROLLOFF-40YD","12/24/2021",63356
"Customer C-10751","SW-FL-8YD","12/08/23",17145
"Customer C-23151","SW-RO-40","2023-07-10",63030
"Customer C-06852","SW-COMM-4YD","08/04/2019",8417
"Customer C-41312","SW-RO-40","27-Dec-19",63484
"Customer C-43374","SW-RO-20YD","07/03/2023",39156
"Customer C-40214","SW-FL-8YD","2022-12-03",22718
"Customer C-02309","SW-RES-1-W","2021-04-21",41171
"Customer C-19949","SW-FL-4YD","06/15/2023",15400
"Customer C-25028","SW-ROLLOFF-40YD","09/28/19",56715
"Customer C-12334","SW-ROLLOFF-20YD","2023-04-01",40497
"Customer C-01481","SW-FL-6YD","12/21/2019",14904
"Customer C-31271","SW-COMM-6YD","2020-09-10",16153
"Customer C-31886","SW-ROLLOFF-30YD","2019-01-19",47052
"Customer C-33909","SW-ROLLOFF-10YD","2024-05-10",33599
"Customer C-44988","SW-FL-6YD","08/01/21",18996
"Customer C-09490","SW-RO-40YD","09/04/2023",60671
"Customer C-28668","SW-RO-40YD","2024-10-27",63678
"Customer C-01196","SW-COMM-6YD","2020-12-27",18283
"Customer C-00021","SW-FL-8YD","03/01/2021",18620
"Customer C-37226","SW-ROLLOFF-20YD","2019-12-02",38327
"Customer C-05230","SW-ROLLOFF-20YD","09/22/23",44685
"Customer C-09223","SW-FL-6YD","26-Jul-21",10439
"Customer C-28006","NOPE-1","2019-05-22",19237
"Customer C-02869","SW-COMM-6","27-May-22",16756
"Customer C-03432","SW-COMM-6YD","01/15/2021",10278
"Customer C-14773","SW-RO-20","03-Aug-19",44292
"Customer C-31600","SW-COMM-8","06/12/2022",18290
"Customer C-10860","NOPE-1","2019-01-15",18008
"Customer C-12043","SW-COMM-2","2022-12-03",8803
"Customer C-44203","SW-COMM-4YD","04/23/19",8022
"Customer C-43143","SW-RO-30","01/06/19",49660
"Customer C-29283","SW-COMM-8","2022-07-25",20755
"Customer C-03558","SW-RO-20YD","10/27/2019",35741
"Customer C-09944","SW-COMM-8","2023-11-18",16102
"Customer C-16662","SW-FL-6YD","27-Jun-24",10853
"Customer C-38765","SW-COMM-4","2022-02-18",13773
"Customer C-31260","SW-ROLLOFF-10YD","06/14/2020",31534
"Customer C-12210","SW-RES-1-W","2023-06-16",57114
"Customer C-11870","SW-FL-8YD","05/04/23",22663
"Customer C-03919","SW-COMM-8","2019-12-14",22910
"Customer C-24362","SW-ROLLOFF-20YD","2020-03-15",40250
"Customer C-23793","SW-RO-10YD","12/02/2022",33277
"Customer C-18507","SW-COMM-6","2020-05-19",10813
"Customer C-12898","SW-COMM-4","03-Jul-24",10059
"Customer C-12208","SW-COMM-4YD","16-Jun-21",7873
"Customer C-09407","SW-ROLLOFF-40YD","2021-08-12",57884
"Customer C-18933","SW-FL-2YD","01/22/23",11181
"Customer C-07911","SW-RES-1-BW","04/09/22",7431
"Customer C-21392","SW-COMM-8YD","07-May-23",13271
"Customer C-24247","OLD-SVC-7","21-Oct-22",14331
"Customer C-32185","SW-ROLLOFF-10YD","03/06/2021",31663
"Customer C-42543","SW-FL-4YD","2019-06-08",15494
"Customer C-05785","SW-RO-20YD","01/10/2024",44190
"Customer C-00028","SW-RO-10YD","11-Dec-20",25515
"Customer C-41397","SW-COMM-6YD","03-Jun-23",13257
"Customer C-17827","SW-FL-6YD","23-May-21",16188
"Customer C-09639","SW-COMM-2","12/10/2021",9903
"Customer C-41278","SW-RO-40YD","12/19/2024",62323
"Customer C-05626","SW-ROLLOFF-20YD","02/23/23",37628
"Customer C-42507","SW-COMM-4","2021-12-15",14186
"Customer C-16429","SW-ROLLOFF-40YD","2024-08-21",61765
"Customer C-44604","SW-ROLLOFF-30YD","17-Jul-22",45124
"Customer C-20858","SW-ROLLOFF-30YD","20-Feb-21",50602
"Customer C-25392","SW-RES-1-W","07/14/2022",15575
"Customer C-16124","SW-RO-20","03/18/2020",39246
"Customer C-37304","SW-COMM-8YD","07/06/20",15601
"Customer C-13687","SW-RES-1-M","26-Jan-19",17613
"Customer C-22931","SW-COMM-8","25-May-19",13157
"Customer C-34668","SW-FL-6YD","2021-03-25",12128
"Customer C-34133","SW-COMM-8YD","2021-12-09",21570
"Customer C-20878","SW-COMM-XX","13-Nov-22",51969
"Customer C-29900","SW-FL-8YD","2021-02-22",21551
"Customer C-05769","SW-ROLLOFF-30YD","2019-06-27",50708
"Customer C-34019","SW-RES-1-BW","04/10/2023",25956
"Customer C-33414","SW-RO-40","08/01/2021",59298
"Customer C-07346","SW-COMM-8YD","08/10/2019",18903
"Customer C-37784","SW-COMM-2","11/10/19",5065
"Customer C-39283","SW-ROLLOFF-10YD","01/28/2022",26653
"Customer C-03983","SW-RO-20YD","08/17/2021",45000
"Customer C-19740","SW-COMM-2YD","10/05/2022",7225
"Customer C-38947","SW-COMM-2","08/05/24",7523
"Customer C-37743","SW-RO-40","2022-11-18",60748
"Customer C-42288","SW-ROLLOFF-30YD","2023-12-27",48845
"Customer C-35528","SW-RES-1-M","2024-02-26",40711
"Customer C-41585","SW-FL-6YD","2023-10-26",11384
"Customer C-08003","NOPE-1","03/22/2019",20561
"Customer C-41889","SW-ROLLOFF-30YD","02/26/24",48695
"Customer C-03558","SW-COMM-6YD","2022-04-20",18986
"Customer C-37516","SW-RES-1-BW","04/13/2024",19053
"Customer C-17325","SW-COMM-XX","03/07/2022",60668
"Customer C-31863","OLD-SVC-7","2024-02-06",60073
"Customer C-17946","SW-COMM-8YD","06/20/20",18555
"Customer C-38861","SW-ROLLOFF-30YD","07/23/19",46668
"Customer C-07229","SW-RO-30","23-Apr-22",50689
"Customer C-05433","SW-FL-2YD","02/20/20",4211
"Customer C-10272","SW-FL-8YD","03/01/2021",15644
"Customer C-31241","SW-COMM-6","06/02/20",12046
"Customer C-39978","SW-RO-10YD","07/20/21",27354
"Customer C-27632","SW-COMM-8YD","10/09/23",17367
"Customer C-08351","SW-RO-10YD","23-Sep-24",30580
"Customer C-29042","SW-FL-4YD","21-Apr-24",7311
"Customer C-41546","SW-RES-1-W","05-Apr-22",27258
"Customer C-18100","SW-RO-10YD","2021-07-21",26025
"Customer C-06177","SW-ROLLOFF-10YD","04/11/2023",28345
"Customer C-21712","SW-RO-20YD","04/18/21",40933
"Customer C-08178","SW-ROLLOFF-30YD","2019-07-24",49792
"Customer C-44524","SW-RO-40YD","05/04/2019",60376
"Customer C-41116","SW-ROLLOFF-20YD","2020-07-17",40822
"Customer C-03084","SW-FL-6YD","03/19/2020",11723
"Customer C-13426","SW-FL-2YD","06/04/22",13453
"Customer C-17210","SW-COMM-6","14-Dec-19",16799
"Customer C-21251","SW-COMM-8","01/03/2022",17389
"Customer C-31028","SW-COMM-XX","12/13/20",20704
"Customer C-17527","SW-RO-20YD","11/03/22",41163
"Customer C-34602","SW-COMM-8YD","06/23/21",18714
"Customer C-17214","SW-RO-10","07/01/21",33194
"Customer C-38327","SW-RO-40","05/25/2022",55356
"Customer C-05734","SW-FL-4YD","2023-02-14",16694
"Customer C-09167","LEGACY-CODE","08/07/2020",60483
"Customer C-10180","SW-FL-8YD","02-Oct-23",22619
"Customer C-19466","SW-RES-1-W","08-May-22",15809
"Customer C-42836","SW-RO-40","07/26/2023",57396
"Customer C-07951","SW-RO-40YD","23-May-22",55817
"Customer C-26524","OLD-SVC-7","03/11/2021",56782
"Customer C-14180","SW-RO-10YD","12/26/2020",30175
"Customer C-37458","SW-COMM-2YD","11/08/2022",12023
"Customer C-33353","SW-RO-30","07/03/2019",46851
"Customer C-44033","SW-COMM-8YD","01/22/24",16700
"Customer C-00487","SW-XX-99YD","02/16/2021",39013
"Customer C-29080","SW-RO-40YD","10-Mar-21",62684
"Customer C-03068","SW-FL-2YD","06/06/22",13831
"Customer C-31093","SW-ROLLOFF-30YD","2021-05-25",54861
"Customer C-41994","SW-RO-10","09-Dec-22",28900
"Customer C-20452","SW-RO-30YD","07/06/2020",45852
"Customer C-08385","SW-RO-40YD","2020-08-04",63331
"Customer C-27783","SW-COMM-2","2023-02-21",12983
"Customer C-07509","SW-RO-20YD","03/23/2020",36006
"Customer C-21084","SW-RO-10","04/21/2019",26188
"Customer C-08572","SW-COMM-6YD","12/06/20",12267
"Customer C-44815","SW-RO-10","01/12/24",26655
"Customer C-29583","SW-COMM-2YD","05/07/2022",10926
"Customer C-40617","SW-RO-40YD","19-Sep-21",61837
"Customer C-31910","SW-COMM-8","2024-02-08",22101
"Customer C-19834","SW-RO-40","05/18/19",64725
"Customer C-03026","SW-RO-30YD","28-Sep-22",47221
"Customer C-26564","SW-COMM-8YD","02/27/2019",18993
"Customer C-04677","SW-RO-30YD","24-Jul-23",51158
"Customer C-35285","SW-ROLLOFF-20YD","11/26/20",36779
"Customer C-08066","SW-COMM-6YD","09-Apr-24",16396
"Customer C-36623","SW-COMM-4YD","2021-09-18",9836
"Customer C-36222","SW-RO-10YD","02/24/24",31563
"Customer C-37981","SW-FL-4YD","06/21/2020",9925
"Customer C-21631","SW-FL-8YD","09/25/2022",22925
"Customer C-32329","SW-RO-30","10/11/2022",47331
"Customer C-01704","SW-RO-30","2020-12-20",45300
"Customer C-15013","SW-ROLLOFF-20YD","09/07/21",38378
"Customer C-01651","SW-COMM-2YD","2021-02-10",4460
"Customer C-41624","SW-COMM-8","27-Jul-24",13274
"Customer C-00099","SW-RO-20","26-May-21",40241
"Customer C-39677","SW-RO-10","2022-05-14",31659
"Customer C-24611","SW-RO-10","09/26/2019",33308
"Customer C-39436","SW-RO-20","2021-10-12",41925
"Customer C-07767","SW-RO-10","07-Nov-24",29243
"Customer C-37202","SW-ROLLOFF-20YD","24-Nov-23",44666
"Customer C-21045","SW-RO-10","12-Jan-20",26528
"Customer C-42559","SW-RO-40YD","2024-12-05",56524
"Customer C-17365","SW-COMM-4YD","26-Dec-23",8483
"Customer C-36803","SW-COMM-8YD","16-Sep-19",22751
"Customer C-01712","SW-XX-99YD","10/24/24",53079
"Customer C-36985","SW-COMM-2YD","04/20/2023",5623
"Customer C-33215","SW-RO-30YD","04/17/2020",45561
"Customer C-12759","SW-COMM-8","02/07/2019",15084
"Customer C-18293","SW-COMM-6YD","08/14/19",12595
"Customer C-23479","SW-RO-20","12/04/2022",37021
"Customer C-10134","SW-FL-4YD","04/03/21",9705
"Customer C-34645","SW-RO-40","04/05/22",63705
"Customer C-28530","SW-COMM-8YD","10/16/19",22080
"Customer C-37872","SW-ROLLOFF-30YD","2020-10-11",52938
"Customer C-19413","SW-COMM-4YD","01/18/2024",11019
"Customer C-43035","SW-COMM-6YD","01/13/2024",10198
"Customer C-13815","SW-COMM-XX","19-Dec-23",39508
"Customer C-38757","SW-COMM-6YD","02/17/24",11463
"Customer C-37201","SW-RO-10","06/28/20",30161
"Customer C-43575","NOPE-1","11/05/2022",51602
"Customer C-14058","SW-COMM-4","2020-01-01",11613
"Customer C-09969","SW-RO-20","2019-04-23",38063
"Customer C-09358","SW-FL-2YD","11/25/2020",13512
"Customer C-08277","SW-ROLLOFF-20YD","03/08/19",36475
"Customer C-06224","SW-RES-1-BW","01/21/2023",12976
"Customer C-02630","SW-RO-40","2024-09-11",62048
"Customer C-05244","SW-FL-2YD","05/02/22",13479
"Customer C-03015","SW-COMM-8","07/07/22",22881
"Customer C-11073","SW-RO-10","20-Jul-22",32681
"Customer C-40271","SW-ROLLOFF-10YD","2020-07-28",25759
"Customer C-02647","SW-ROLLOFF-20YD","03/17/23",43715
"Customer C-23318","SW-RO-10","01-Apr-22",28425
"Customer C-03376","SW-ROLLOFF-30YD","09-Feb-19",50260
"Customer C-04580","SW-RO-10YD","02/09/2019",31556
"Customer C-16293","SW-RO-10YD","07/27/23",27577
"Customer C-22243","OLD-SVC-7","13-Aug-21",11977
"Customer C-31997","SW-COMM-6YD","2022-08-06",12883
"Customer C-03072","SW-COMM-XX","03/28/2024",15983
"Customer C-38175","SW-FL-6YD","05/14/21",14205
"Customer C-08250","SW-ROLLOFF-30YD","01/16/22",48829
"Customer C-34322","SW-COMM-8","2020-11-17",16112
"Customer C-12167","SW-FL-8YD","19-Jul-19",14690
"Customer C-42028","SW-RES-1-M","08/10/21",61810
"Customer C-33756","SW-RO-40YD","2021-04-27",63332
"Customer C-25321","SW-FL-2YD","2024-12-04",9958
"Customer C-25000","SW-RO-30","09/23/2020",46512
"Customer C-10407","SW-RO-10YD","05-Dec-22",29562
"Customer C-20897","SW-RO-10YD","12/02/2019",25454
"Customer C-28825","SW-RES-1-BW","11/04/2022",11887
"Customer C-35898","SW-RO-40YD","07/24/2022",59220
"Customer C-40429","SW-RES-1-BW","2022-09-27",13647
"Customer C-27458","SW-RO-10","04/28/2022",29868
"Customer C-30803","SW-COMM-4","12/12/2021",16122
"Customer C-38678","SW-RES-1-M","05/07/2023",4863
"Customer C-21491","SW-RES-1-BW","23-Mar-23",12599
"Customer C-26261","SW-RO-30","12/24/2024",48279
"Customer C-21671","SW-RO-10","2024-02-03",25639
"Customer C-34182","SW-RES-1-M","28-Jul-20",7150
"Customer C-12327","SW-RO-20YD","07-Dec-21",43619
"Customer C-17618","SW-COMM-4YD","17-Oct-21",9788
"Customer C-21892","SW-COMM-4","04/26/23",14706
"Customer C-21924","SW-COMM-2","08/17/19",13073
"Customer C-24235","SW-COMM-6YD","02/11/2021",19459
"Customer C-19817","SW-FL-8YD","06/25/19",17368
"Customer C-40627","SW-RO-10","12/22/23",29116
"Customer C-27668","SW-COMM-8","2023-08-21",16077
"Customer C-25592","SW-RO-20","2024-05-09",40796
"Customer C-23219","SW-ROLLOFF-20YD","10/25/2024",39204
"Customer C-01769","SW-COMM-2","06/08/2023",12722
"Customer C-03525","SW-COMM-4","2020-10-15",15061
"Customer C-00604","SW-ROLLOFF-10YD","03-Mar-22",31572
"Customer C-25548","SW-COMM-8","06-Aug-22",17452
"Customer C-34452","SW-FL-4YD","2020-04-03",16103
"Customer C-03692","SW-RO-10YD","10/28/19",34488
"Customer C-37731","SW-RO-30","21-Feb-20",54099
"Customer C-33301","SW-RO-10","08-Sep-19",33873
"Customer C-19737","SW-ROLLOFF-30YD","2019-01-21",46536
"Customer C-08031","SW-ROLLOFF-10YD","2020-10-12",25977
"Customer C-29126","SW-FL-8YD","09/17/24",21796
"Customer C-28036","SW-RO-20YD","11/28/22",41489
"Customer C-42695","SW-COMM-4","04/24/2023",13643
"Customer C-20401","SW-FL-4YD","10-Oct-20",8882
"Customer C-28910","SW-ROLLOFF-40YD","01-Sep-20",58860
"Customer C-38565","SW-ROLLOFF-20YD","11-May-24",39821
"Customer C-25956","SW-COMM-4YD","07/02/2022",10460
"Customer C-27447","SW-COMM-6YD","2023-10-23",15705
"Customer C-26835","SW-RO-20YD","04/12/2021",42837
"Customer C-00566","SW-RO-10YD","05/11/2024",33530
"Customer C-40447","SW-RO-30YD","07/28/2023",48242
"Customer C-30598","SW-RO-20","17-Jan-23",38229
"Customer C-26277","SW-FL-4YD","2020-09-14",15690
"Customer C-13902","SW-COMM-8YD","11/19/20",17990
"Customer C-26215","SW-COMM-4YD","19-Feb-21",11087
"Customer C-32557","SW-COMM-4","01/05/2024",8191
"Customer C-00192","OLD-SVC-7","06/05/2021",14085
"Customer C-24129","SW-ROLLOFF-10YD","02/19/22",26339
"Customer C-37542","SW-COMM-8","07/03/21",14917
"Customer C-41251","SW-ROLLOFF-10YD","08/07/23",33874
"Customer C-32928","SW-RO-30","04/14/2021",52483
"Customer C-08774","SW-COMM-8YD","09/24/24",22222
"Customer C-12424","SW-ROLLOFF-10YD","2023-06-15",25714
"Customer C-26388","SW-ROLLOFF-30YD","05/22/2021",54286
"Customer C-23115","SW-COMM-8YD","23-Jun-20",18203
"Customer C-22496","SW-RO-10","21-Oct-24",26161
"Customer C-16119","SW-COMM-4YD","2024-09-23",9826
"Customer C-10326","SW-RO-30","18-Apr-24",46194
"Customer C-28417","SW-RO-10YD","08/22/2020",27633
"Customer C-19688","SW-COMM-6YD","01/16/23",11343
"Customer C-28216","SW-RO-40","12/26/2021",61043
"Customer C-34759","SW-RES-1-BW","2020-08-17",17464
"Customer C-38298","SW-RO-40YD","09/27/2021",63803
"Customer C-32714","SW-COMM-2YD","2023-12-02",4560
"Customer C-21853","SW-RO-30YD","2019-07-10",45983
"Customer C-10705","SW-COMM-6","2022-07-04",10322
"Customer C-16851","SW-COMM-6","09/10/19",16464
"Customer C-19877","SW-COMM-4","2019-05-12",11624
"Customer C-01739","SW-RO-30YD","01-Oct-20",54274
"Customer C-09043","SW-ROLLOFF-20YD","2024-07-14",36089
"Customer C-03002","NOPE-1","12/17/2023",47954
"Customer C-33760","SW-RO-40YD","23-May-24",60216
"Customer C-09541","SW-COMM-2","11/23/22",8390
"Customer C-20198","SW-FL-2YD","07/10/24",4261
"Customer C-35365","SW-RO-40","01/21/2020",58406
"Customer C-13704","SW-COMM-8","04/24/2022",17892
"Customer C-29664","SW-FL-4YD","2019-07-17",15998
"Customer C-00775","SW-ROLLOFF-20YD","08/21/2023",43209
"Customer C-34772","SW-COMM-6","05-Aug-21",15605
"Customer C-08361","SW-RO-10YD","15-Apr-22",27432
"Customer C-28332","SW-RO-20","02/05/2021",44460
"Customer C-19388","OLD-SVC-7","04/28/20",38644
"Customer C-32539","SW-ROLLOFF-20YD","07/10/2022",43301
"Customer C-11928","SW-RO-30","06/08/23",53267
"Customer C-27787","SW-FL-6YD","2024-03-02",14221
"Customer C-10494","SW-ROLLOFF-30YD","04/26/2024",51049
"Customer C-18005","SW-RO-20","2021-12-23",44704
"Customer C-18772","SW-COMM-4YD","07/10/2022",9770
"Customer C-12928","SW-COMM-8YD","2023-06-03",15518
"Customer C-29973","SW-RO-40YD","08/04/2023",64272
"Customer C-32332","SW-RO-20YD","2021-05-23",35177
"Customer C-13679","SW-FL-6YD","2020-01-01",15079
"Customer C-14431","SW-RO-10YD","16-Feb-23",28216
"Customer C-30333","SW-COMM-4YD","11/18/24",14317
"Customer C-11189","SW-RES-1-BW","2023-05-28",63163
"Customer C-21888","NOPE-1","01/05/2021",21335
"Customer C-20543","SW-FL-6YD","11/12/2019",12710
"Customer C-10248","SW-RO-30YD","12/23/19",49991
"Customer C-32615","SW-RO-10YD","10/07/2021",32531
"Customer C-02489","SW-FL-2YD","08/22/22",6466
"Customer C-11655","SW-RO-10YD","2019-02-11",27224
"Customer C-37927","SW-ROLLOFF-30YD","07/08/2021",53075
"Customer C-17671","SW-RO-30","10/23/19",48523
"Customer C-38352","SW-XX-99YD","05-Nov-21",60242
"Customer C-10957","SW-FL-6YD","2024-06-17",17307
"Customer C-37408","SW-RO-20","07/04/24",42918
"Customer C-07063","SW-COMM-6","18-Mar-19",13818
"Customer C-06797","SW-RO-10YD","2022-11-05",25007
"Customer C-13503","SW-RO-10","05-Feb-22",29446
"Customer C-31603","SW-COMM-2YD","04-Sep-20",10211
"Customer C-31771","SW-RES-1-BW","01/23/2024",19235
"Customer C-08297","SW-COMM-4","2020-02-10",9691
"Customer C-00177","SW-FL-8YD","12/04/19",18043
"Customer C-22952","SW-COMM-2YD","05-Jan-21",4223
"Customer C-06264","SW-RO-30","2019-06-10",52801
"Customer C-20661","SW-ROLLOFF-30YD","14-Jan-20",52564
"Customer C-16646","SW-RO-10","10-Mar-19",25732
"Customer C-21028","SW-RO-30YD","07/23/2020",52856
"Customer C-02544","SW-COMM-6","05/16/21",10034
"Customer C-15370","SW-COMM-2YD","03/11/24",12123
"Customer C-26623","SW-RO-40","11/20/23",61722
"Customer C-06296","SW-RO-20","06/15/2022",44658
"Customer C-37749","OLD-SVC-7","12/11/2022",55839
"Customer C-27227","SW-RO-30","06/20/23",52382
"Customer C-11146","SW-XX-99YD","02-Jan-23",31419
"Customer C-30088","SW-COMM-XX","2020-05-24",32709
"Customer C-03967","SW-RO-30","02/04/24",54929
"Customer C-38923","SW-RO-40","2023-11-09",60446
"Customer C-27227","SW-ROLLOFF-40YD","12/27/20",59816
"Customer C-29651","SW-ROLLOFF-10YD","08/17/22",33134
"Customer C-21973","SW-RO-40YD","09/24/23",56195
"Customer C-08943","OLD-SVC-7","07/08/20",30692
"Customer C-30850","SW-XX-99YD","04-Oct-22",10172
"Customer C-08349","SW-RES-1-BW","09/20/2021",19714
"Customer C-22255","SW-COMM-2YD","07/27/24",9709
"Customer C-17254","SW-RO-40YD","2022-01-25",57372
"Customer C-27423","SW-COMM-8YD","02/02/2019",13297
"Customer C-33833","SW-COMM-8YD","09/05/2020",19033
"Customer C-09731","SW-RES-1-BW","2023-09-23",37592
"Customer C-42628","SW-RO-20","01/17/2020",38242
"Customer C-05155","NOPE-1","04-Dec-20",15578
"Customer C-37434","SW-COMM-2","19-Mar-23",12196
"Customer C-04366","LEGACY-CODE","06/02/2023",20769
"Customer C-07402","SW-FL-4YD","08/16/2019",14932
"Customer C-22727","SW-RO-30","2024-04-22",53011
"Customer C-23129","SW-RO-30YD","12-Feb-24",49165
"Customer C-33474","SW-ROLLOFF-20YD","2019-03-13",39463
"Customer C-31455","OLD-SVC-7","10/25/20",46514
"Customer C-34547","SW-FL-8YD","02/15/2019",20630
"Customer C-39163","SW-ROLLOFF-30YD","09-May-20",45396
"Customer C-40031","SW-COMM-4YD","10/22/21",8172
"Customer C-44858","SW-RO-30","21-Sep-21",45983
"Customer C-11064","SW-ROLLOFF-30YD","27-Sep-20",54723
"Customer C-36179","SW-COMM-6","07/15/19",16609
"Customer C-32831","SW-FL-2YD","2022-07-14",12110
"Customer C-31545","SW-RES-1-M","2024-01-12",13924
"Customer C-09129","SW-FL-4YD","03/28/21",12922
"Customer C-31155","SW-RO-10","2021-01-12",31314
"Customer C-01282","SW-FL-6YD","07/04/19",14076
"Customer C-03281","SW-COMM-8YD","08-Dec-20",20170
"Customer C-29061","SW-RO-20","12/26/2024",37799
"Customer C-17783","SW-FL-4YD","2023-10-09",8779
"Customer C-41156","SW-RO-10YD","02/04/23",27413
"Customer C-14317","SW-RES-1-BW","2023-10-08",14060
"Customer C-07316","SW-ROLLOFF-10YD","02-Aug-20",32517
"Customer C-17782","SW-RO-20YD","2023-04-09",44306
"Customer C-17849","SW-COMM-8","15-Aug-21",14335
"Customer C-17282","SW-FL-6YD","2020-06-13",11257
"Customer C-26029","SW-ROLLOFF-30YD","26-Sep-24",49260
"Customer C-26974","SW-ROLLOFF-10YD","09/04/2022",27411
"Customer C-33396","SW-COMM-2YD","06/24/2020",8068
"Customer C-06549","SW-RES-1-W","2021-02-03",15596
"Customer C-41232","SW-RO-40YD","2019-04-04",56791
"Customer C-28954","SW-ROLLOFF-10YD","27-Apr-22",26283
"Customer C-08604","SW-RO-20","07-Oct-22",41118
"Customer C-25507","SW-COMM-6YD","2023-05-14",10524
"Customer C-44433","SW-ROLLOFF-30YD","28-Jun-23",54308
"Customer C-17201","SW-ROLLOFF-10YD","2020-10-26",28634
"Customer C-31400","SW-ROLLOFF-20YD","06/06/19",36046
"Customer C-27650","SW-RO-10","05/02/2023",27667
"Customer C-11404","SW-RO-30","06/25/2023",46177
"Customer C-22163","SW-COMM-XX","2022-08-25",51325
"Customer C-19761","SW-RO-40","2021-07-21",62298
"Customer C-05490","SW-ROLLOFF-30YD","01/11/19",50228
"Customer C-40031","SW-RO-30YD","2019-05-02",53730
"Customer C-18856","SW-RO-20","05/12/22",44662
"Customer C-10542","SW-RO-40","01/21/2020",55941
"Customer C-09547","SW-RES-1-BW","05-Aug-19",59230
"Customer C-30824","SW-FL-4YD","2022-06-19",15388
"Customer C-27253","SW-COMM-6YD","02/24/2021",16563
"Customer C-37085","SW-COMM-4YD","2024-08-01",13077
"Customer C-21162","SW-COMM-4YD","07/02/2019",12865
"Customer C-28033","SW-ROLLOFF-40YD","05/26/2023",59038
"Customer C-06076","SW-RO-40","10/07/2021",59051
"Customer C-42794","SW-RES-1-BW","19-Sep-22",40702
"Customer C-30669","SW-RO-10","11/05/2024",27191
"Customer C-41794","SW-RES-1-M","10/15/2020",15984
"Customer C-39055","SW-FL-8YD","10-Oct-20",16329
"Customer C-12454","SW-ROLLOFF-10YD","08/18/2023",26422
"Customer C-22073","SW-ROLLOFF-10YD","28-Aug-19",26547
"Customer C-26940","SW-RO-30","2023-10-09",47974
"Customer C-39541","SW-RO-40YD","04/06/19",59478
"Customer C-25231","SW-FL-8YD","10/24/19",19819
"Customer C-12837","SW-FL-6YD","07/08/2023",10765
"Customer C-30380","SW-FL-4YD","2024-03-18",9991
"Customer C-14460","SW-ROLLOFF-40YD","11/22/2023",60735
"Customer C-17095","SW-COMM-2","11-Oct-22",4103
"Customer C-09580","SW-RO-10","05/11/2023",31848
"Customer C-08013","SW-RO-30YD","14-Aug-24",49543
"Customer C-14456","SW-ROLLOFF-30YD","2023-02-12",46003
"Customer C-44870","SW-RES-1-BW","12/10/19",60123
"Customer C-42867","SW-COMM-2","11/03/2019",9349
"Customer C-13918","SW-RO-10YD","07/28/2023",30457
"Customer C-22421","SW-FL-8YD","12/12/22",19557
"Customer C-43139","SW-FL-4YD","12/28/2020",8776
"Customer C-32637","SW-RO-30","2019-03-15",52645
"Customer C-01099","SW-ROLLOFF-40YD","2021-01-21",55017
"Customer C-04593","SW-FL-2YD","07/21/20",12604
"Customer C-18176","SW-ROLLOFF-40YD","2019-09-07",64114
"Customer C-12388","SW-RO-30YD","11/25/24",53693
"Customer C-26906","SW-FL-4YD","08/01/20",12193
"Customer C-17405","SW-RO-10","02/03/2021",28158
"Customer C-17751","SW-COMM-XX","11/13/23",10722
"Customer C-08013","SW-COMM-4","26-Sep-23",7242
"Customer C-31238","SW-COMM-6YD","08-Mar-20",16486
"Customer C-14933","SW-FL-4YD","2021-07-03",10696
"Customer C-00608","SW-ROLLOFF-40YD","06/28/2021",64946
"Customer C-14291","SW-COMM-8","10/10/2024",13948
"Customer C-01535","SW-COMM-2YD","07/25/20",4354
"Customer C-36195","SW-COMM-8YD","2023-06-03",17428
"Customer C-07234","SW-RES-1-BW","2022-03-06",11465
"Customer C-11320","SW-ROLLOFF-40YD","25-Jul-20",56719
"Customer C-22763","SW-COMM-8","05/13/2020",17243
"Customer C-17516","SW-RES-1-M","12/17/2021",31108
"Customer C-11655","SW-RO-20YD","2022-05-13",44396
"Customer C-00009","SW-ROLLOFF-40YD","10/07/2022",57048
"Customer C-31774","LEGACY-CODE","13-Aug-24",57270
"Customer C-18697","SW-RO-30","2022-01-28",49599
"Customer C-04972","SW-RO-40","01/23/23",56606
"Customer C-34484","SW-RO-20","2024-05-04",39737
"Customer C-22852","SW-RO-10YD","2019-02-21",34102
"Customer C-27187","SW-COMM-4YD","05/03/23",13781
"Customer C-34086","SW-RO-40","23-Sep-24",62449
"Customer C-16199","SW-RES-1-W","22-May-20",12451
"Customer C-21978","SW-COMM-2YD","04/02/2019",13631
"Customer C-23047","SW-RES-1-BW","2024-07-06",63234
"Customer C-07833","SW-RO-20","2021-04-06",42872
"Customer C-44492","SW-ROLLOFF-20YD","2020-07-19",43168
"Customer C-33642","SW-COMM-6","04/17/2019",12231
"Customer C-08684","SW-RO-30YD","28-Jun-19",47706
"Customer C-12018","SW-COMM-6YD","2019-08-12",15905
"Customer C-01765","SW-ROLLOFF-30YD","2021-02-17",47240
"Customer C-39088","SW-COMM-8YD","2024-07-26",22860
"Customer C-27017","SW-RO-10YD","02/03/2019",27496
"Customer C-18016","SW-COMM-8","01/18/2022",16062
"Customer C-03165","SW-FL-4YD","23-Mar-24",15669
"Customer C-32529","SW-ROLLOFF-30YD","06/05/2020",54022
"Customer C-18797","SW-RO-10YD","12-Feb-24",25947
"Customer C-37837","SW-RO-10","2023-11-26",27024
"Customer C-20622","SW-COMM-8YD","2019-09-15",16617
"Customer C-27100","SW-RES-1-M","01/11/2020",46400
"Customer C-25866","SW-ROLLOFF-30YD","07/14/22",45329
"Customer C-31002","SW-RO-10","12-Sep-21",31960
"Customer C-31153","SW-RO-10YD","2021-08-13",27333
"Customer C-40509","SW-ROLLOFF-40YD","2021-10-04",57864
"Customer C-08816","SW-RO-10","02-Oct-22",30675
"Customer C-05105","SW-RO-30YD","07/12/2023",50820
"Customer C-42870","SW-COMM-2YD","02/20/2023",7333
"Customer C-03156","SW-RES-1-BW","10/01/24",10613
"Customer C-00809","SW-ROLLOFF-20YD","2021-12-12",40476
"Customer C-43917","SW-COMM-8","04/20/2020",21289
"Customer C-03083","OLD-SVC-7","2024-09-11",33700
"Customer C-13057","SW-COMM-2YD","2019-05-02",6274
"Customer C-37277","SW-RO-30YD","06/28/2020",50903
"Customer C-11933","SW-ROLLOFF-40YD","12/18/2021",59483
"Customer C-14508","SW-COMM-8","12/12/2021",21054
"Customer C-40236","SW-ROLLOFF-30YD","2022-10-16",45391
"Customer C-03839","SW-RO-20YD","02/03/2021",43337
"Customer C-00613","SW-COMM-8","02/21/2020",22204
"Customer C-24725","SW-RO-20YD","06/01/2020",35301
"Customer C-06362","SW-RO-40YD","08/16/2021",59940
"Customer C-12412","SW-COMM-4","01/02/2022",15369
"Customer C-36957","SW-RO-10YD","09/12/22",27112
"Customer C-29209","SW-RO-30YD","12/28/24",49334
"Customer C-18041","SW-ROLLOFF-10YD","25-Sep-22",33374
"Customer C-12321","SW-RO-10","02/22/2019",26268
"Customer C-18255","SW-RO-30","2024-12-11",51411
"Customer C-17737","SW-FL-6YD","08/08/2022",10879
"Customer C-41636","SW-RO-30","09/22/2024",46589
"Customer C-08128","LEGACY-CODE","2024-05-16",39964
"Customer C-10228","SW-RO-10YD","2019-08-25",25463
"Customer C-27672","SW-RO-20","27-Oct-22",44092
"Customer C-07354","SW-RO-20","09/06/2022",43467
"Customer C-40506","SW-ROLLOFF-30YD","2022-01-04",46847
"Customer C-29327","SW-RO-40","21-Jun-19",59254
"Customer C-00970","SW-ROLLOFF-40YD","06/12/23",61743
"Customer C-03618","SW-RO-20","08/01/2024",41599
"Customer C-23623","SW-COMM-6YD","2019-09-03",15370
"Customer C-03645","SW-RES-1-BW","07-Dec-24",42582
"Customer C-07961","SW-ROLLOFF-10YD","09/09/2023",33694
"Customer C-34462","SW-RO-10","10-Apr-20",28420
"Customer C-15414","SW-COMM-6","2023-08-07",19605
"Customer C-28875","SW-RO-40YD","2019-05-26",63162
"Customer C-44244","SW-ROLLOFF-20YD","2022-04-22",36266
"Customer C-38980","SW-FL-6YD","06/14/22",10160
"Customer C-10286","SW-COMM-8YD","28-Feb-19",17069
"Customer C-26201","SW-RO-10YD","01/07/20",28718
"Customer C-01986","SW-RES-1-M","09-Aug-24",11717
"Customer C-44621","SW-RO-40YD","11/20/21",55399
"Customer C-20917","SW-RO-40","06/17/2022",59689
"Customer C-16595","SW-COMM-8","09/11/19",16985
"Customer C-13128","SW-ROLLOFF-20YD","07/03/2024",42915
"Customer C-40793","SW-COMM-8YD","28-Jul-20",20658
"Customer C-05236","SW-RO-40YD","2021-04-12",63329
"Customer C-07986","SW-RO-20","12/06/2024",44132
"Customer C-09733","SW-RO-40YD","04/16/24",60628
"Customer C-24415","SW-COMM-8YD","05-Mar-22",14265
"Customer C-39145","SW-FL-6YD","07/08/2022",19685
"Customer C-24767","SW-RO-30YD","09/02/2021",47653
"Customer C-20842","SW-COMM-6","2022-11-04",14683
"Customer C-29026","SW-RO-10","09/02/2022",29258
"Customer C-30987","SW-ROLLOFF-40YD","2022-08-22",61034
"Customer C-02928","SW-FL-8YD","28-Sep-19",16295
"Customer C-38533","SW-RO-40","06/24/20",58118
"Customer C-38809","SW-COMM-2","2020-09-17",9514
"Customer C-15093","SW-ROLLOFF-30YD","02/24/2022",54869
"Customer C-29403","SW-COMM-2","2019-04-17",8228
"Customer C-17987","SW-COMM-8","07/09/24",15146
"Customer C-40095","SW-RES-1-W","04/26/22",15270
"Customer C-00172","SW-ROLLOFF-40YD","08/06/21",55328
"Customer C-40011","SW-ROLLOFF-10YD","06-Jul-22",34308
"Customer C-22038","SW-COMM-6","2019-07-16",19913
"Customer C-12793","SW-COMM-2YD","02-Feb-20",11214
"Customer C-38619","SW-FL-6YD","07/23/2019",15051
"Customer C-32953","SW-COMM-6YD","10-Feb-22",12373
"Customer C-25311","SW-RO-30","07/24/2022",54465
"Customer C-08676","SW-RO-10","2023-07-24",25946
"Customer C-31583","SW-COMM-4","09/13/2020",8906
"Customer C-19782","SW-RO-10YD","11/24/22",33397
"Customer C-21226","SW-ROLLOFF-30YD","06/26/2019",47783
"Customer C-41648","SW-COMM-8","2023-06-09",17707
"Customer C-26073","SW-COMM-8","12/02/2024",16880
"Customer C-44234","SW-COMM-2YD","07/21/2020",12825
"Customer C-32868","SW-RO-30","01/02/2022",49632
"Customer C-38965","SW-RO-20","2023-03-25",44034
"Customer C-44923","SW-ROLLOFF-10YD","05/13/2020",26921
"Customer C-14246","SW-COMM-8","2021-04-27",16288
"Customer C-41099","SW-COMM-6YD","07/21/23",17053
"Customer C-36008","SW-COMM-2","2019-11-27",12179
"Customer C-06725","SW-RO-30","2019-08-06",48223
"Customer C-09424","SW-COMM-XX","12/15/2021",19967
"Customer C-06684","SW-FL-6YD","11/12/2024",11277
"Customer C-36639","SW-RO-30","05/17/2021",54845
"Customer C-25279","SW-FL-6YD","2024-08-12",16404
"Customer C-44444","SW-RO-40","01/08/24",64166
"Customer C-06056","SW-RO-10YD","05/13/23",33189
"Customer C-27004","SW-RO-40","01/25/2020",56904
"Customer C-38452","SW-RO-40","2023-03-23",62576
"Customer C-08352","SW-COMM-2","03/06/2024",6390
"Customer C-12823","SW-COMM-2","2024-06-21",9770
"Customer C-30693","SW-RES-1-M","01/08/2021",47406
"Customer C-01700","SW-ROLLOFF-20YD","04/14/2020",38099
"Customer C-31005","SW-FL-4YD","08/08/19",16007
"Customer C-16313","SW-FL-6YD","04/10/2024",15391
"Customer C-03521","SW-COMM-6YD","09-Dec-22",17159
"Customer C-16451","SW-ROLLOFF-40YD","2020-02-12",56603
"Customer C-35597","SW-RO-30","2022-01-02",48645
"Customer C-18011","SW-RO-40","05/19/2023",57801
"Customer C-29509","SW-COMM-8","2022-12-14",18354
"Customer C-37310","SW-COMM-6YD","12-Apr-24",11924
"Customer C-28929","SW-RO-30YD","02/28/2021",52320
"Customer C-15420","SW-COMM-6YD","10/18/2020",11700
"Customer C-05481","SW-RO-30YD","05/27/2020",53741
"Customer C-17685","SW-ROLLOFF-40YD","08/02/2020",57621
"Customer C-36825","SW-COMM-8","2024-08-20",17344
"Customer C-03267","SW-FL-4YD","04/06/2022",13152
"Customer C-41062","SW-RO-10YD","07/03/2020",29833
"Customer C-03188","SW-RES-1-M","2022-03-07",7435
"Customer C-23792","SW-RO-30YD","2022-03-20",53390
"Customer C-35988","SW-FL-2YD","2019-09-16",11180
"Customer C-05973","SW-RO-30","2020-07-23",46098
"Customer C-18444","SW-FL-8YD","03/03/2019",21671
"Customer C-05818","SW-RO-30YD","05/04/2023",50226
"Customer C-07126","SW-RO-10YD","07-Oct-24",28636
"Customer C-08424","SW-COMM-2","2023-09-27",12284
"Customer C-26741","SW-RO-40YD","06/06/21",59598
"Customer C-37973","SW-RES-1-W","02/08/23",9487
"Customer C-43854","SW-COMM-8","09/03/2024",18102
"Customer C-26001","SW-COMM-8","01/14/2020",16989
"Customer C-39610","LEGACY-CODE","01/01/2020",15299
"Customer C-40479","SW-RO-40YD","2023-02-10",55816
"Customer C-38732","SW-COMM-8YD","02/12/24",19247
"Customer C-27845","SW-RO-40","02/15/22",63980
"Customer C-10012","SW-COMM-6","07/13/21",13652
"Customer C-43368","SW-RO-30YD","04/09/20",51048
"Customer C-34148","SW-RO-10YD","04/18/2021",33216
"Customer C-06031","SW-FL-4YD","11/01/2019",12348
"Customer C-31986","SW-RES-1-BW","02/06/21",54762
"Customer C-36611","SW-RES-1-W","06/28/19",11154
"Customer C-38377","SW-ROLLOFF-10YD","10/25/2020",27482
"Customer C-18948","SW-ROLLOFF-30YD","2021-08-14",52937
"Customer C-01935","SW-RO-20","03/10/19",35238
"Customer C-31628","SW-FL-6YD","09/15/2019",17323
"Customer C-24003","SW-ROLLOFF-40YD","03/25/23",58479
"Customer C-08900","SW-COMM-4","02/13/20",15849
"Customer C-39759","SW-RO-40","05/21/2024",59445
"Customer C-22575","SW-RO-10","10/04/2020",33313
"Customer C-43816","SW-RES-1-BW","09/23/2024",11687
"Customer C-40537","SW-RO-20YD","2024-12-16",40377
"Customer C-01172","SW-RES-1-M","07-Jul-20",60664
"Customer C-16487","SW-RES-1-BW","22-Jan-20",47379
"Customer C-02133","SW-XX-99YD","12/04/2021",33316
"Customer C-39106","SW-COMM-2YD","2022-03-17",12060
"Customer C-19512","SW-RO-10YD","02-May-24",32028
"Customer C-17268","SW-RES-1-M","06-Jul-23",49175
"Customer C-08115","SW-XX-99YD","02/11/2023",38244
"Customer C-26275","SW-COMM-4","03/17/2022",14423
"Customer C-43068","SW-RO-20","12/06/2022",44277
"Customer C-15504","SW-FL-8YD","2022-02-12",19662
"Customer C-11825","SW-COMM-6","01/26/2023",19255
"Customer C-44556","SW-FL-8YD","12-Feb-19",19991
"Customer C-39042","SW-RO-10","08/03/24",29442
"Customer C-41143","SW-RO-30YD","2024-04-21",53613
"Customer C-39245","SW-RES-1-M","2023-10-27",8804
"Customer C-31234","SW-ROLLOFF-10YD","09/03/2019",27234
"Customer C-08757","SW-COMM-4","2019-09-20",14059
"Customer C-39240","SW-RO-40YD","02/04/24",60161
"Customer C-16757","SW-RO-20","03/13/2023",42728
"Customer C-44641","SW-FL-6YD","14-Apr-24",14000
"Customer C-17598","SW-ROLLOFF-40YD","08/07/2019",55418
"Customer C-07977","SW-COMM-6","2024-05-18",18573
"Customer C-06719","SW-ROLLOFF-10YD","03/25/2019",26915
"Customer C-13193","SW-RO-10YD","08/23/2019",31716
"Customer C-30496","OLD-SVC-7","12/21/2023",7894
"Customer C-21217","SW-RES-1-BW","2022-10-10",7566
"Customer C-44831","SW-COMM-8YD","05/21/2021",18541
"Customer C-44630","SW-COMM-2YD","2019-10-28",8488
"Customer C-35966","SW-RO-30","2023-11-28",53903
"Customer C-07261","SW-RO-30","14-Dec-21",45290
"Customer C-08462","SW-RO-40YD","01/09/2021",61343
"Customer C-22287","SW-COMM-6","10/07/24",12810
"Customer C-03580","SW-COMM-6YD","06/21/2023",16413
"Customer C-13384","SW-COMM-2","09/23/23",4496
"Customer C-35635","SW-COMM-2","2024-04-21",5675
"Customer C-41054","SW-COMM-2","05/02/19",5724
"Customer C-02454","SW-RO-10YD","03/07/2022",26993
"Customer C-21699","SW-COMM-6YD","23-Aug-20",10227
"Customer C-21599","SW-COMM-2YD","2023-12-08",13545
"Customer C-37872","SW-COMM-4","02/17/2019",12541
"Customer C-22848","SW-RO-20YD","07/28/2024",44536
"Customer C-40204","SW-RO-20YD","2024-09-24",38427
"Customer C-14361","SW-COMM-6","09-Dec-24",17611
"Customer C-12293","SW-COMM-6","11-Dec-21",19011
"Customer C-07157","SW-RO-30YD","10/26/20",53059
"Customer C-05784","SW-COMM-6","07/08/2023",10394
"Customer C-22959","SW-FL-2YD","10-Apr-22",11571
"Customer C-06835","SW-RO-10YD","03/28/22",28943
"Customer C-09009","SW-COMM-8","2023-09-28",22850
"Customer C-20583","SW-COMM-6YD","24-Jun-20",19170
"Customer C-38643","SW-RO-40","03/07/2020",56238
"Customer C-25020","SW-COMM-8YD","2019-03-14",16026
"Customer C-02070","SW-FL-4YD","2019-01-22",9561
"Customer C-02453","SW-RO-40","06-Jan-20",61170
"Customer C-30725","SW-ROLLOFF-40YD","2023-03-26",64949
"Customer C-34882","SW-COMM-2YD","21-Aug-20",7160
"Customer C-00521","SW-COMM-4YD","05/13/2019",14947
"Customer C-42459","SW-ROLLOFF-40YD","2021-07-12",60501
"Customer C-07856","SW-RO-40YD","07-Nov-21",58626
"Customer C-15348","SW-RO-30","07/20/22",51375
"Customer C-41992","SW-ROLLOFF-10YD","02/15/2022",25895
"Customer C-14533","SW-RO-40YD","03/16/23",55374
"Customer C-03956","SW-RO-40","12/07/2024",56532
"Customer C-04654","SW-RO-10YD","18-Feb-22",25658
"Customer C-04005","SW-RO-10","16-Mar-20",30358
"Customer C-21114","SW-COMM-8YD","2023-07-06",19330
"Customer C-16658","SW-RO-10","2020-01-15",27230
"Customer C-44554","SW-ROLLOFF-40YD","07/16/2020",55393
"Customer C-40801","SW-COMM-4","15-Jul-21",10120
"Customer C-18123","SW-RO-30YD","27-Nov-19",52798
"Customer C-14320","SW-FL-4YD","07/08/20",11567
"Customer C-10466","SW-COMM-XX","09/17/2022",57181
"Customer C-38691","SW-FL-6YD","2024-12-20",15364
"Customer C-37109","SW-COMM-2","11/11/2021",4854
"Customer C-00002","SW-ROLLOFF-20YD","04/07/21",43911
"Customer C-04551","SW-ROLLOFF-20YD","05/15/24",41915
"Customer C-05360","SW-FL-8YD","11/02/21",15755
"Customer C-08960","SW-FL-4YD","2020-09-24",16123
"Customer C-25199","SW-FL-6YD","05/12/2023",13357
"Customer C-00384","SW-ROLLOFF-20YD","09/04/2023",40983
"Customer C-31669","SW-ROLLOFF-10YD","05/28/2021",30766
"Customer C-10815","SW-COMM-XX","12/12/2019",18645
"Customer C-08575","SW-ROLLOFF-40YD","09/13/2023",55643
"Customer C-24160","SW-COMM-6YD","12/22/2019",13263
"Customer C-23865","SW-COMM-4","2023-09-03",15059
"Customer C-10418","SW-RO-20","11/15/23",37614
"Customer C-20461","SW-RO-10YD","24-Sep-20",31296
"Customer C-07201","SW-ROLLOFF-40YD","04-Jul-19",56359
"Customer C-34694","SW-RO-20YD","03-May-20",42682
"Customer C-15209","SW-ROLLOFF-10YD","05/03/23",30280
"Customer C-06125","SW-RO-20","14-Feb-23",44750
"Customer C-30033","SW-ROLLOFF-10YD","07/15/22",28310
"Customer C-28601","SW-RO-30YD","09/11/2019",51204
"Customer C-37157","SW-COMM-6","04/13/24",15257
"Customer C-35249","SW-ROLLOFF-10YD","11-Nov-21",26244
"Customer C-41690","SW-COMM-2YD","06/24/22",12373
"Customer C-09741","SW-FL-8YD","06/15/2024",20633
"Customer C-25290","SW-ROLLOFF-40YD","04/06/2019",55256
"Customer C-01223","SW-RES-1-M","02/03/19",45987
"Customer C-38399","SW-COMM-8YD","2022-02-23",17354
"Customer C-21371","SW-XX-99YD","25-May-23",59364
"Customer C-42079","SW-ROLLOFF-40YD","02/09/21",64920
"Customer C-13140","SW-ROLLOFF-30YD","06/24/22",53146
"Customer C-16582","SW-ROLLOFF-20YD","08/01/2024",43338
"Customer C-39270","SW-RES-1-BW","10/20/19",34334
"Customer C-29468","SW-RO-40","2024-02-15",59389
"Customer C-15517","SW-FL-8YD","2021-03-25",20170
"Customer C-14201","SW-FL-2YD","27-May-20",8655
"Customer C-20533","SW-FL-2YD","05-May-23",13692
"Customer C-08391","SW-COMM-8","11/09/2022",17142
"Customer C-02465","SW-RO-30YD","2024-11-25",46873
"Customer C-44646","SW-COMM-6","11/13/2021",19014
"Customer C-35528","SW-COMM-2","2019-10-03",7126
"Customer C-11677","SW-ROLLOFF-20YD","05/15/21",42772
"Customer C-43671","SW-RO-10","2024-01-04",28047
"Customer C-17287","SW-RO-20YD","08/05/24",36890
"Customer C-15981","SW-FL-6YD","12/01/2020",12351
"Customer C-26906","SW-ROLLOFF-30YD","01/22/2024",52355
"Customer C-03791","SW-RO-30YD","2020-01-14",52389
"Customer C-15681","SW-RES-1-BW","04/06/23",14359
"Customer C-08673","SW-RO-40","05/19/2022",62916
"Customer C-23985","SW-RO-30","2024-09-13",54261
"Customer C-42207","SW-RO-20YD","09/07/2022",39605
"Customer C-15023","SW-RO-20YD","08/13/21",37900
"Customer C-29986","SW-RO-30","07/25/22",48757
"Customer C-21501","SW-RO-20","03-Dec-22",44161
"Customer C-24911","SW-COMM-4YD","07/25/20",12237
"Customer C-19562","SW-FL-8YD","2023-10-14",19969
"Customer C-04740","SW-RO-20","01/19/21",36054
"Customer C-34403","SW-RES-1-W","2024-11-23",61740
"Customer C-38453","SW-FL-4YD","09/01/20",10011
"Customer C-09148","SW-FL-6YD","11/15/2020",13806
"Customer C-05465","SW-FL-8YD","10/06/2023",14309
"Customer C-16462","SW-RO-20","03/25/2021",37293
"Customer C-10305","SW-FL-6YD","2023-06-04",18880
"Customer C-13943","SW-COMM-4YD","05/06/2024",10979
"Customer C-35716","SW-ROLLOFF-30YD","07/07/23",52472
"Customer C-18895","SW-COMM-6YD","2021-11-06",17471
"Customer C-33757","SW-FL-8YD","08/21/24",16196
"Customer C-40082","SW-ROLLOFF-40YD","2021-07-02",59752
"Customer C-31076","SW-ROLLOFF-40YD","2021-01-05",60886
"Customer C-35735","SW-FL-4YD","07/05/2024",16670
"Customer C-39831","SW-RES-1-M","02/16/2022",13476
"Customer C-41242","SW-RO-20","01/10/24",41909
"Customer C-42636","SW-COMM-6YD","12/07/21",13978
"Customer C-02280","SW-ROLLOFF-40YD","09/28/21",61419
"Customer C-12252","SW-RO-10","09/14/2021",31765
"Customer C-11184","SW-RES-1-M","2020-04-13",13105
"Customer C-37149","SW-COMM-8YD","2022-06-19",16396
"Customer C-04953","SW-RO-10YD","2022-01-19",30271
"Customer C-26747","SW-ROLLOFF-40YD","2020-02-18",56694
"Customer C-26551","SW-ROLLOFF-20YD","22-Jan-23",38966
"Customer C-28983","LEGACY-CODE","04/10/22",46447
"Customer C-39231","SW-RO-10YD","2024-09-13",28682
"Customer C-33400","SW-FL-2YD","05/04/19",5401
"Customer C-12609","SW-RO-10YD","04/27/2020",34287
"Customer C-22775","SW-RO-10YD","02/13/2023",31544
"Customer C-10736","SW-FL-8YD","2024-05-19",20656
"Customer C-38370","SW-ROLLOFF-10YD","07/28/2022",34119
"Customer C-40281","SW-COMM-8YD","2024-08-03",15691
"Customer C-20759","SW-RO-10YD","08/07/2024",32841
"Customer C-13249","SW-ROLLOFF-20YD","11-Jan-20",41490
"Customer C-18956","SW-COMM-2YD","2023-08-03",8216
"Customer C-37435","SW-RO-30YD","10/20/20",47761
"Customer C-16957","SW-RO-30YD","04/08/2019",53625
"Customer C-17522","SW-FL-8YD","12/08/24",22548
"Customer C-27075","SW-ROLLOFF-20YD","04-Feb-21",37307
"Customer C-41115","SW-RO-30","15-Jun-19",50890
"Customer C-11662","SW-ROLLOFF-40YD","2022-05-21",62822
"Customer C-02190","SW-RO-30YD","2024-06-16",54411
"Customer C-33314","SW-RO-30","15-Feb-23",48277
"Customer C-29827","SW-FL-6YD","02/28/2019",12594
"Customer C-02026","SW-RES-1-M","01/28/2022",12725
"Customer C-24670","SW-COMM-8YD","03/20/21",14947
"Customer C-27897","SW-ROLLOFF-20YD","07/13/20",37124
"Customer C-14570","SW-ROLLOFF-10YD","2024-02-25",31367
"Customer C-04886","SW-COMM-2","06-Nov-23",13081
"Customer C-13576","SW-RO-30YD","2020-07-21",50650
"Customer C-14442","SW-RO-40","20-Apr-23",55523
"Customer C-18032","SW-RO-20","2023-12-03",41831
"Customer C-30105","SW-COMM-2YD","09/23/22",9359
"Customer C-08387","SW-COMM-6YD","04/07/20",16755
"Customer C-11804","SW-FL-6YD","2020-01-28",14656
"Customer C-02184","SW-ROLLOFF-10YD","06/20/2019",28639
"Customer C-14891","SW-RES-1-W","06/06/2022",16050
"Customer C-04423","SW-COMM-4YD","12-Sep-20",10399
"Customer C-03077","SW-COMM-8YD","13-Oct-21",20886
"Customer C-42306","SW-RO-30YD","2023-09-14",54830
"Customer C-28051","SW-RO-40YD","02/11/2023",57733
"Customer C-40044","SW-RES-1-BW","06/01/21",9575
"Customer C-37245","SW-RO-20","06/04/2020",42415
"Customer C-04510","SW-RES-1-W","05/15/2022",10315
"Customer C-07923","SW-COMM-4YD","07/15/2024",11662
"Customer C-02028","SW-COMM-8YD","01/02/2020",13419
"Customer C-07368","SW-RO-40","2019-09-17",55164
"Customer C-40287","SW-RO-30","2020-09-23",45813
"Customer C-00389","SW-FL-2YD","2022-04-11",13498
"Customer C-21841","SW-RO-20YD","2023-04-27",43259
"Customer C-40889","SW-RO-20","04/05/2020",42623
"Customer C-42869","SW-FL-6YD","06/08/2023",12807
"Customer C-44165","SW-RES-1-BW","02/05/19",43952
"Customer C-34698","SW-RO-30YD","07/06/23",54996
"Customer C-23705","SW-COMM-6","02/10/2022",15623
"Customer C-34019","SW-COMM-6YD","2019-05-19",14960
"Customer C-31859","NOPE-1","07/07/2021",12213
"Customer C-14655","SW-COMM-8YD","04/20/2020",20284
"Customer C-14449","SW-RO-40","2024-07-15",64487
"Customer C-16490","NOPE-1","09/08/2024",60818
"Customer C-41901","SW-RO-30YD","2024-09-05",49672
"Customer C-43233","SW-RO-40YD","2020-02-19",57540
"Customer C-31932","SW-RO-10YD","08-Jan-21",30844
"Customer C-12855","SW-COMM-6YD","2021-02-21",16413
"Customer C-23332","SW-COMM-6","09/09/2021",17386
"Customer C-21718","SW-ROLLOFF-30YD","10/18/19",53704
"Customer C-40779","SW-RO-20","2021-01-04",37322
"Customer C-41149","SW-ROLLOFF-20YD","03/14/2023",35977
"Customer C-32059","SW-ROLLOFF-30YD","05/13/2023",48538
"Customer C-23110","SW-RO-40YD","11/12/2023",64354
"Customer C-35368","SW-RO-40YD","18-Jan-22",56697
"Customer C-10370","SW-RO-10","12/16/2024",30953
"Customer C-33833","SW-RO-40YD","2024-02-13",61316
"Customer C-36064","SW-COMM-4YD","08/06/23",8532
"Customer C-09383","SW-COMM-4","2019-10-23",11900
"Customer C-10807","SW-RO-20","02/04/2020",38795
"Customer C-01754","SW-COMM-XX","02/08/19",17767
"Customer C-09894","SW-RO-30","02/04/22",51417
"Customer C-44787","SW-RO-40","02/24/23",59264
"Customer C-11887","SW-ROLLOFF-10YD","09/26/21",25007
"Customer C-37739","SW-RO-10","03/16/19",33951
"Customer C-35941","SW-RO-20YD","2021-06-10",39674
"Customer C-14055","SW-RO-40YD","2023-08-09",64524
"Customer C-39564","SW-FL-8YD","09/25/2019",13333
"Customer C-38788","SW-FL-8YD","05/03/2020",14744
"Customer C-01901","SW-RO-20YD","07/02/24",39688
"Customer C-06655","SW-FL-8YD","24-Jun-22",19611
"Customer C-24961","SW-ROLLOFF-20YD","09/18/2019",40203
"Customer C-40022","SW-ROLLOFF-10YD","04/14/24",29899
"Customer C-03453","SW-RO-40YD","2019-02-11",62370
"Customer C-14941","SW-COMM-8","08/09/2020",13438
"Customer C-05314","SW-ROLLOFF-10YD","2024-01-01",34508
"Customer C-39573","SW-ROLLOFF-20YD","22-May-22",35567
"Customer C-44377","SW-COMM-6YD","2020-12-21",16258
"Customer C-39171","SW-ROLLOFF-10YD","2021-07-27",28332
"Customer C-43020","SW-ROLLOFF-40YD","06/04/2019",58478
"Customer C-12764","SW-RO-10YD","05/21/20",30616
"Customer C-01039","SW-RO-30","23-May-19",51565
"Customer C-40589","SW-COMM-2YD","10/07/23",7985
"Customer C-28771","SW-ROLLOFF-20YD","2024-04-13",37378
"Customer C-33890","SW-COMM-2YD","17-Jan-20",4603
"Customer C-33349","SW-COMM-6","11/08/2023",17912
"Customer C-40495","SW-FL-8YD","15-Feb-24",14887
"Customer C-08676","SW-FL-6YD","04-Dec-24",13116
"Customer C-26533","SW-RO-10","03/25/22",34237
"Customer C-38843","SW-RO-30","07/17/22",47964
"Customer C-31366","SW-ROLLOFF-30YD","25-Mar-23",48667
"Customer C-15125","SW-FL-6YD","2020-11-07",17307
"Customer C-35824","SW-COMM-8","2023-12-12",21567
"Customer C-38963","SW-COMM-4YD","2024-09-05",12174
"Customer C-15126","SW-ROLLOFF-40YD","12/08/2019",58214
"Customer C-18463","SW-RO-20YD","14-Dec-23",36379
"Customer C-26705","SW-RO-30YD","07-Apr-21",46447
"Customer C-28368","SW-RO-10YD","01/01/19",32776
"Customer C-30301","SW-COMM-6YD","2021-06-14",16590
"Customer C-09744","SW-FL-4YD","04/26/20",13426
"Customer C-38264","SW-COMM-8YD","04-Aug-20",20882
"Customer C-02462","SW-RO-40","2024-04-21",55199
"Customer C-41073","SW-FL-8YD","04-May-19",19724
"Customer C-33719","SW-COMM-4","09/20/2019",14647
"Customer C-13842","SW-ROLLOFF-20YD","2019-01-23",36120
"Customer C-10014","SW-COMM-4","2024-01-11",14528
"Customer C-34217","SW-RO-10YD","04/03/19",30412
"Customer C-42576","SW-RO-20YD","06/14/24",38615
"Customer C-22094","SW-RO-10YD","20-Mar-24",29670
"Customer C-23466","SW-ROLLOFF-40YD","07/06/2023",63865
"Customer C-18187","SW-COMM-2YD","11/07/2020",5050
"Customer C-25380","SW-COMM-XX","01/02/2023",16076
"Customer C-06416","SW-COMM-2","03/18/2024",10219
"Customer C-06169","SW-ROLLOFF-40YD","2024-11-02",56067
"Customer C-26147","SW-ROLLOFF-20YD","10/02/23",35394
"Customer C-27932","SW-ROLLOFF-20YD","23-Nov-20",38311
"Customer C-04700","SW-FL-6YD","16-May-23",16137
"Customer C-27391","SW-COMM-4YD","2024-12-17",7827
"Customer C-35018","OLD-SVC-7","09-Jul-22",57649
"Customer C-42739","SW-COMM-4","03/11/2023",12983
"Customer C-12876","SW-COMM-6YD","2024-11-19",13101
"Customer C-02167","SW-COMM-4YD","02/26/2022",12310
"Customer C-20109","SW-COMM-2","09/24/2024",7426
"Customer C-02969","SW-FL-2YD","08/02/2023",9285
"Customer C-39763","SW-ROLLOFF-40YD","08/18/21",61903
"Customer C-01348","SW-COMM-4","11/16/2020",15462
"Customer C-33107","SW-FL-6YD","07-Jul-24",16370
"Customer C-03757","SW-RO-40YD","11-May-22",63411
"Customer C-11605","SW-RO-30YD","2021-10-23",45841
"Customer C-44747","SW-COMM-4YD","2021-06-14",9598
"Customer C-13053","SW-RO-30YD","12/15/2022",45980
"Customer C-36030","SW-ROLLOFF-30YD","07/14/2021",48738
"Customer C-37975","SW-FL-4YD","09/12/20",12214
"Customer C-05652","SW-ROLLOFF-10YD","15-Jan-20",31292
"Customer C-39364","SW-ROLLOFF-30YD","09/23/2024",46885
"Customer C-20477","SW-RO-20YD","2022-03-16",36332
"Customer C-19264","SW-ROLLOFF-20YD","18-Apr-19",40407
"Customer C-12209","SW-RES-1-M","07/22/2024",62319
"Customer C-21575","SW-FL-6YD","20-Apr-22",10174
"Customer C-27497","SW-COMM-2","06/20/2021",5423
"Customer C-36837","SW-RO-20","22-Dec-19",40891
"Customer C-06746","SW-FL-4YD","2024-11-26",14973
"Customer C-12702","SW-ROLLOFF-30YD","02-Aug-20",49602
"Customer C-04948","SW-COMM-8","11/05/2024",17850
"Customer C-39322","SW-ROLLOFF-10YD","02/27/2023",27664
"Customer C-20286","SW-COMM-6YD","10/11/21",16498
"Customer C-33211","SW-RO-20YD","03/06/2022",42375
"Customer C-41007","SW-COMM-2","09/15/2023",8479
"Customer C-07359","SW-COMM-8YD","12-Mar-19",16061
"Customer C-30478","SW-FL-4YD","11-Feb-20",13136
"Customer C-20663","SW-ROLLOFF-30YD","03/07/2019",53582
"Customer C-25803","SW-FL-6YD","2021-01-10",15580
"Customer C-25639","SW-RES-1-M","11-Dec-21",47421
"Customer C-15942","SW-RO-20","07/07/2020",44405
"Customer C-02590","SW-ROLLOFF-20YD","10/07/2022",42745
"Customer C-20997","SW-COMM-6","03/11/2020",15417
"Customer C-12908","SW-ROLLOFF-10YD","05-Jan-20",33519
"Customer C-08137","NOPE-1","09/08/22",51537
"Customer C-17344","SW-COMM-6","11/04/2022",19469
"Customer C-43482","SW-RO-20","11/05/2022",43168
"Customer C-33234","SW-RO-40YD","05/03/2020",63635
"Customer C-17193","SW-COMM-4YD","11/27/24",9990
"Customer C-15866","OLD-SVC-7","22-Apr-22",19271
"Customer C-18825","SW-COMM-2YD","04-Aug-22",10517
"Customer C-06811","SW-FL-8YD","2024-01-04",17886
"Customer C-44366","SW-ROLLOFF-20YD","27-Sep-23",36082
"Customer C-30668","SW-ROLLOFF-20YD","14-May-24",43203
"Customer C-31467","SW-RES-1-BW","06/22/2024",64381
"Customer C-29602","SW-RO-30","01/20/2019",49529
"Customer C-22767","SW-COMM-8","09/14/23",22423
"Customer C-41117","SW-RO-10YD","28-Jul-24",28387
"Customer C-02738","SW-FL-8YD","09/18/2023",19866
"Customer C-34763","SW-COMM-8","09/25/2020",15414
"Customer C-04728","SW-RES-1-BW","01/05/2019",31770
"Customer C-40368","SW-COMM-4","06/01/2024",12831
"Customer C-20039","SW-COMM-XX","09/13/2019",4250
"Customer C-43494","SW-RO-40","2020-12-15",61820
"Customer C-18980","SW-XX-99YD","2021-09-23",10680
"Customer C-03831","SW-FL-8YD","05/13/2022",20057
"Customer C-42718","SW-RO-10","09/14/2020",30420
"Customer C-22437","SW-RO-10YD","04/17/2023",33297
"Customer C-01864","SW-COMM-2YD","13-Aug-19",10088
"Customer C-28558","SW-RES-1-BW","10/21/2020",43581
"Customer C-39710","SW-COMM-6","04/12/2022",10627
"Customer C-28008","SW-RES-1-M","12/06/2020",31587
"Customer C-05885","LEGACY-CODE","2022-07-09",48160
"Customer C-02937","SW-COMM-4","11/24/2024",12690
"Customer C-27456","SW-RO-20","2024-09-18",42985
"Customer C-17266","SW-COMM-4","02/12/2020",14631
"Customer C-24525","SW-ROLLOFF-20YD","2019-10-02",40461
"Customer C-24000","SW-RO-10","21-Mar-24",31042
"Customer C-02694","SW-COMM-2","01/12/24",11137
"Customer C-01653","SW-RO-20YD","11/12/2020",44361
"Customer C-34969","SW-FL-6YD","06/20/24",17144
"Customer C-31219","SW-RO-10","2023-06-05",33550
"Customer C-06916","NOPE-1","05/28/2024",26825
"Customer C-38995","SW-FL-2YD","11/26/2024",10284
"Customer C-26066","SW-COMM-2YD","2023-12-27",8659
"Customer C-10808","SW-FL-8YD","07/12/22",20873
"Customer C-42293","SW-FL-2YD","20-May-23",6263
"Customer C-10715","SW-FL-6YD","20-Jun-22",19409
"Customer C-07887","SW-COMM-4","2024-02-06",8420
"Customer C-01262","SW-COMM-2","09/19/20",5587
"Customer C-34170","SW-COMM-8","23-Aug-24",19163
"Customer C-11061","NOPE-1","18-Jul-21",36845
"Customer C-03714","SW-COMM-XX","11/14/2023",22351
"Customer C-01543","SW-RES-1-M","19-May-20",9636
"Customer C-33265","SW-COMM-XX","2023-09-23",60157
"Customer C-25595","SW-COMM-4","04/13/2024",7336
"Customer C-41905","SW-COMM-2YD","18-Apr-22",13289
"Customer C-05252","SW-RO-10","2024-08-05",30376
"Customer C-19162","SW-RES-1-BW","06/18/2023",13855
"Customer C-39121","SW-FL-6YD","06/20/2021",19812
"Customer C-23658","SW-RO-10","23-Nov-19",31982
"Customer C-31153","SW-RO-30","05/20/2019",51190
"Customer C-34293","SW-RO-40","10/02/23",62458
"Customer C-04217","SW-RO-20YD","16-Oct-23",43076
"Customer C-43404","SW-RO-20","02/14/20",41678
"Customer C-12562","SW-ROLLOFF-30YD","14-Mar-19",54007
"Customer C-18116","SW-COMM-6","2022-10-05",12740
"Customer C-39387","SW-FL-2YD","04/11/2020",10524
"Customer C-24441","SW-ROLLOFF-40YD","2023-03-09",58809
"Customer C-39129","SW-RO-40","10/04/19",60866
"Customer C-05594","LEGACY-CODE","02/09/21",7488
"Customer C-39385","SW-RO-30","10/26/23",47381
"Customer C-15704","SW-COMM-6","2023-05-27",18694
"Customer C-07649","SW-COMM-8YD","07/19/21",13561
"Customer C-36631","SW-RO-30YD","05/25/2019",50134
"Customer C-41440","SW-ROLLOFF-20YD","01/22/23",37882
"Customer C-19659","SW-RO-10","01/07/21",25489
"Customer C-42101","SW-RO-20YD","06/15/2022",39082
"Customer C-15787","SW-FL-6YD","02/20/2021",11996
"Customer C-38447","SW-ROLLOFF-20YD","03/20/23",37367
"Customer C-30835","SW-RES-1-M","03/19/2021",4220
"Customer C-34283","SW-RO-10","04/06/22",26260
"Customer C-40560","SW-RO-30YD","04/22/20",47375
"Customer C-14115","SW-ROLLOFF-20YD","07/02/2020",40064
"Customer C-03468","SW-RO-40","2019-02-04",56369
"Customer C-28342","SW-FL-8YD","2019-07-09",14401
"Customer C-44477","SW-COMM-2YD","27-May-22",13606
"Customer C-41585","SW-COMM-4","2022-07-28",13868
"Customer C-00671","SW-COMM-4","07/10/2019",13065
"Customer C-39022","SW-RO-20","15-Oct-23",41133
"Customer C-34607","SW-RO-40YD","03/10/2020",56042
"Customer C-11870","SW-FL-6YD","04/24/2019",15792
"Customer C-39290","SW-COMM-6","03/15/2021",18416
"Customer C-43939","SW-RO-30","02/25/2023",54609
"Customer C-39340","SW-ROLLOFF-10YD","2019-06-10",29545
"Customer C-29965","SW-ROLLOFF-40YD","2020-09-21",63422
"Customer C-41177","SW-ROLLOFF-10YD","07/01/21",32778
"Customer C-34983","SW-ROLLOFF-30YD","10/18/2024",45628
"Customer C-17455","SW-COMM-4YD","09/03/2022",12200
"Customer C-34305","SW-RES-1-BW","01/15/2024",13882
"Customer C-16448","SW-RO-30","12/14/2021",52492
"Customer C-38652","SW-ROLLOFF-20YD","03-Nov-22",36518
"Customer C-27827","SW-RO-40YD","02/15/2022",58461
"Customer C-26095","SW-COMM-2YD","2023-07-07",12227
"Customer C-06052","SW-RO-40","11/13/24",56609
"Customer C-02971","SW-RO-30","2019-11-08",54483
"Customer C-44679","SW-RO-20","2023-06-12",38507
"Customer C-24870","SW-FL-2YD","03/11/21",13872
"Customer C-25404","SW-COMM-4YD","12/03/20",15184
"Customer C-21946","SW-RO-40","2024-12-25",63220
"Customer C-35562","SW-COMM-2YD","12/10/2019",13701
"Customer C-42020","SW-ROLLOFF-30YD","12-Nov-24",48271
"Customer C-04949","SW-ROLLOFF-40YD","2021-05-12",57928
"Customer C-12827","SW-RO-10","12/11/2020",32675
"Customer C-17600","SW-RO-10YD","27-Mar-19",26218
"Customer C-41246","SW-COMM-2YD","14-Dec-20",12472
"Customer C-30249","SW-ROLLOFF-30YD","24-Nov-21",45198
"Customer C-07027","SW-ROLLOFF-10YD","04/16/22",28446
"Customer C-01028","SW-COMM-8YD","2022-01-09",14696
"Customer C-40853","NOPE-1","2022-05-13",9911
"Customer C-29788","SW-ROLLOFF-30YD","22-Jul-24",52451
"Customer C-05087","SW-FL-6YD","26-Sep-22",12740
"Customer C-17991","SW-RES-1-BW","09-May-23",40872
"Customer C-39706","SW-COMM-8","02-Feb-23",17440
"Customer C-33697","SW-ROLLOFF-40YD","07/25/23",57549
"Customer C-40052","SW-ROLLOFF-20YD","2020-01-07",42852
"Customer C-27165","SW-RO-10","03/24/2024",25644
"Customer C-38169","SW-RO-30YD","10/10/23",49351
"Customer C-10489","SW-RO-30","2020-08-26",47341
"Customer C-30228","SW-COMM-8YD","05/10/2023",13617
"Customer C-16120","SW-RES-1-BW","08/28/2023",37077
"Customer C-13165","SW-RES-1-BW","12/28/2020",15484
"Customer C-12233","SW-RES-1-M","05-Aug-20",9112
"Customer C-00382","SW-COMM-2","2023-12-27",6417
"Customer C-18845","SW-COMM-8","10/24/20",22930
"Customer C-32528","SW-FL-4YD","2020-07-10",11784
"Customer C-10425","SW-RO-30YD","12-Sep-21",48986
"Customer C-08683","SW-RO-40YD","09/19/2024",64187
"Customer C-25770","SW-RO-20YD","2022-08-02",36096
"Customer C-13867","SW-FL-4YD","2020-10-27",10863
"Customer C-36660","SW-RO-10","2022-12-28",28640
"Customer C-20784","SW-XX-99YD","10/14/23",8831
"Customer C-24895","SW-FL-2YD","05/25/2019",5186
"Customer C-24827","SW-COMM-8","05/24/2024",20082
"Customer C-34327","SW-RES-1-BW","2022-07-22",38116
"Customer C-19711","SW-ROLLOFF-20YD","11/04/20",40379
"Customer C-34408","LEGACY-CODE","06/27/20",17851
"Customer C-28681","SW-COMM-4YD","07/22/2022",13811
"Customer C-31687","SW-FL-8YD","07/06/2019",20845
"Customer C-26417","SW-ROLLOFF-20YD","11/23/21",41153
"Customer C-18940","SW-RO-30YD","28-Sep-19",46763
"Customer C-31351","SW-RO-10","2021-04-13",30742
"Customer C-34622","SW-RO-10YD","2023-07-27",32749
"Customer C-40206","SW-RO-20","09/17/2024",42345
"Customer C-02831","SW-ROLLOFF-20YD","2021-06-05",37070
"Customer C-28469","SW-RO-10YD","2022-06-21",31311
"Customer C-05833","SW-RO-40YD","07/27/21",63177
"Customer C-27043","SW-FL-2YD","02/10/2024",11922
"Customer C-37121","SW-RO-10YD","2024-05-05",30289
"Customer C-34408","SW-COMM-XX","22-Nov-19",35618
"Customer C-25476","SW-COMM-8YD","04/19/2021",18703
"Customer C-22466","SW-COMM-6YD","2021-02-15",14192
"Customer C-16095","SW-FL-2YD","09/04/22",12197
"Customer C-37471","SW-RO-10YD","10/21/2020",25826
"Customer C-04515","SW-RO-30","07/03/2024",51757
"Customer C-19843","SW-COMM-4","10/10/2020",15893
"Customer C-39811","SW-COMM-6","26-Mar-22",10564
"Customer C-26420","SW-FL-2YD","09/23/2024",6035
"Customer C-27325","OLD-SVC-7","2024-03-23",12223
"Customer C-35079","SW-FL-6YD","01/24/2022",18336
"Customer C-22105","SW-ROLLOFF-30YD","03/17/19",49291
"Customer C-40156","SW-COMM-8","19-Jun-24",20062
"Customer C-40229","SW-FL-2YD","03/16/2023",9032
"Customer C-36037","SW-RO-20","01/25/2023",42474
"Customer C-21239","SW-COMM-6YD","09/03/2021",18327
"Customer C-34619","SW-RO-10YD","10/28/2021",25684
"Customer C-02698","SW-COMM-8","03/12/21",22368
"Customer C-04674","SW-RO-20YD","08/26/2023",40091
"Customer C-11324","SW-RO-10YD","08/26/2021",29557
"Customer C-06426","SW-RO-20","03/27/20",37657
"Customer C-33761","SW-RO-10","2024-03-18",31936
"Customer C-42461","SW-COMM-6","17-Aug-19",14214
"Customer C-15261","SW-RO-10","11/02/2019",33126
"Customer C-10678","SW-RO-30","14-Aug-19",47954
"Customer C-34793","LEGACY-CODE","10/08/2021",13477
"Customer C-40826","SW-RO-10","2024-08-12",30468
"Customer C-01798","SW-RO-40YD","01/08/2021",59772
"Customer C-07843","SW-FL-8YD","2019-12-16",13127
"Customer C-41035","SW-COMM-2YD","11/16/2021",10996
"Customer C-10732","SW-FL-8YD","11/03/23",14648
"Customer C-33472","SW-COMM-XX","2024-10-14",15490
"Customer C-33948","SW-COMM-XX","06/08/2020",29084
"Customer C-24199","SW-RO-20YD","10/13/24",44485
"Customer C-40324","SW-COMM-2YD","03/11/24",12484
"Customer C-43284","SW-RO-20","08/06/19",39744
"Customer C-25691","SW-ROLLOFF-30YD","01/10/2024",49168
"Customer C-27954","SW-COMM-4YD","01/20/2020",16681
"Customer C-39199","SW-ROLLOFF-20YD","12/14/2020",42640
"Customer C-36820","SW-RO-40YD","08/07/2020",64751
"Customer C-40755","SW-COMM-6YD","12/27/21",10788
"Customer C-12293","SW-RO-40","2024-04-21",57781
"Customer C-16459","SW-COMM-2YD","05/26/2022",7963
"Customer C-24649","SW-FL-2YD","07/23/24",13949
"Customer C-40579","SW-COMM-8YD","01/07/22",17839
"Customer C-10057","SW-RO-30","05-Mar-24",53767
"Customer C-08504","SW-RO-30","05-Apr-22",54783
"Customer C-00581","SW-RO-20","02/20/2024",37388
"Customer C-08306","SW-RO-30","2022-01-28",47891
"Customer C-35814","SW-FL-4YD","01-Mar-20",8058
"Customer C-22568","SW-RO-30YD","01-Sep-22",48937
"Customer C-03449","SW-RO-20YD","21-Oct-19",42065
"Customer C-16507","SW-FL-6YD","13-Mar-19",19001
"Customer C-28396","SW-XX-99YD","06-Jun-21",10652
"Customer C-20265","SW-FL-8YD","05/05/22",20413
"Customer C-19482","SW-RO-30YD","03/24/2023",46462
"Customer C-02763","SW-RO-10","08/09/2019",25162
"Customer C-32808","SW-ROLLOFF-40YD","05/18/23",64840
"Customer C-32385","SW-RO-10YD","08/25/24",32709
"Customer C-09754","SW-FL-4YD","07-Jun-24",10562
"Customer C-38667","SW-RES-1-M","04/15/2019",11457
"Customer C-31744","SW-COMM-8","12/25/2024",15590
"Customer C-25990","SW-RO-10","2024-04-25",33917
"Customer C-25237","SW-ROLLOFF-40YD","2019-08-18",60373
"Customer C-19767","SW-RO-40","09/27/2023",60538
"Customer C-34956","SW-COMM-2","09/11/2020",8780
"Customer C-32554","NOPE-1","23-Apr-21",14777
"Customer C-01656","SW-COMM-4YD","17-Mar-20",13779
"Customer C-27506","SW-RO-20","22-Oct-24",42684
"Customer C-10436","SW-COMM-6YD","11/20/2019",13861
"Customer C-12992","SW-COMM-6YD","2022-05-12",13822
"Customer C-28087","SW-RO-10","2019-11-20",29120
"Customer C-09785","SW-FL-8YD","03/27/21",18810
"Customer C-31799","SW-COMM-4","2020-05-08",8210
"Customer C-03055","SW-COMM-2YD","01/04/2024",13992
"Customer C-33230","SW-COMM-6","04/13/2024",19741
"Customer C-03630","SW-RO-30YD","08/02/19",48125
"Customer C-19421","SW-COMM-2YD","2019-01-17",12253
"Customer C-36036","SW-RO-10YD","02/27/2022",25864
"Customer C-18894","SW-RO-30","01-Jul-22",53783
"Customer C-24375","SW-ROLLOFF-40YD","12/03/2021",62822
"Customer C-01506","SW-RO-10","03/13/2022",25733
"Customer C-28760","SW-RES-1-M","09/08/2024",56866
"Customer C-00826","SW-FL-2YD","12/12/23",6784
"Customer C-05663","SW-COMM-2YD","12/23/23",9756
"Customer C-09718","SW-FL-4YD","2021-12-28",16057
"Customer C-41621","SW-FL-6YD","2020-07-17",13705
"Customer C-12961","SW-RES-1-BW","02/09/2021",5045
"Customer C-27389","NOPE-1","01/09/2024",7646
"Customer C-33133","SW-RO-10","09/11/2023",34816
"Customer C-12104","SW-RO-20","04-Aug-22",41812
"Customer C-09074","SW-COMM-6","07/20/2019",13978
"Customer C-15642","SW-COMM-4YD","2019-12-27",11238
"Customer C-27606","SW-COMM-8YD","09-May-19",17559
"Customer C-15435","SW-RO-40YD","16-Nov-21",59203
"Customer C-04389","SW-COMM-4YD","14-Jan-23",8137
"Customer C-39935","SW-RO-20","11/24/2020",40132
"Customer C-33321","SW-RES-1-W","03/11/2022",14890
"Customer C-15831","SW-RO-20YD","25-Jul-21",36649
"Customer C-11662","SW-RES-1-BW","07/26/22",20253
"Customer C-00105","SW-ROLLOFF-30YD","14-Nov-22",45971
"Customer C-08257","SW-RO-40","11/15/2020",60302
"Customer C-08459","SW-COMM-2","04/14/2022",13322
"Customer C-38156","SW-RES-1-BW","22-Dec-19",48750
"Customer C-38040","SW-COMM-8","2019-11-20",15965
"Customer C-32871","SW-FL-8YD","2023-01-22",16964
"Customer C-42487","SW-RO-10YD","23-Oct-24",28872
"Customer C-03591","SW-RO-10","07-Jun-21",30938
"Customer C-13367","SW-COMM-2YD","2024-10-20",12364
"Customer C-27308","SW-RO-30","06-Feb-21",52974
"Customer C-30447","SW-COMM-4","26-Jan-22",15583
"Customer C-43357","SW-RO-10YD","06/02/19",26324
"Customer C-38251","SW-RO-30YD","26-Oct-20",51223
"Customer C-12112","SW-RO-20","2022-04-05",38698
"Customer C-43924","SW-FL-6YD","02/17/2020",18997
"Customer C-41959","SW-RO-10","2022-09-15",31534
"Customer C-20568","SW-RO-10","05/15/2020",32988
"Customer C-18025","SW-RO-30","2019-11-26",52373
"Customer C-19180","OLD-SVC-7","2022-07-07",42034
"Customer C-14260","SW-ROLLOFF-40YD","02/21/24",62618
"Customer C-30741","SW-COMM-8YD","01/05/2023",22617
"Customer C-29321","SW-RO-30YD","02/28/2023",48083
"Customer C-04396","SW-COMM-XX","11-Aug-21",19301
"Customer C-36959","SW-RO-30YD","2022-04-26",52132
"Customer C-09665","SW-ROLLOFF-40YD","2019-09-15",56113
"Customer C-40347","SW-FL-4YD","23-Dec-21",9508
"Customer C-42308","SW-RES-1-W","13-Mar-20",8887
"Customer C-11216","SW-COMM-4","08/16/24",7236
"Customer C-21708","SW-RO-30","2023-04-17",50269
"Customer C-17954","SW-COMM-8YD","12/26/21",17060
"Customer C-19073","SW-RO-40","2023-06-03",56931
"Customer C-35759","SW-FL-4YD","23-Jul-19",11018
"Customer C-19865","SW-RO-10","09/12/2022",30091
"Customer C-39162","SW-RO-40YD","2024-02-25",61039
"Customer C-03370","SW-COMM-8","2022-02-06",21327
"Customer C-03006","SW-RO-40YD","2019-12-12",61988
"Customer C-23338","SW-RO-20YD","17-Dec-24",35474
"Customer C-15931","SW-RO-10","10/21/2024",25986
"Customer C-17671","SW-ROLLOFF-20YD","2024-09-12",35290
"Customer C-38282","SW-COMM-8YD","07/09/2019",13743
"Customer C-17622","SW-COMM-4YD","10/28/2024",14019
"Customer C-00451","SW-FL-8YD","2022-03-15",20605
"Customer C-33836","SW-COMM-8","06/09/2021",19281
"Customer C-16139","SW-FL-2YD","08/11/22",5393
"Customer C-08100","SW-COMM-4","12/12/2021",13432
"Customer C-12208","SW-RO-10","2020-06-09",32339
"Customer C-27679","SW-RES-1-M","09/11/23",11484
"Customer C-37754","SW-COMM-6","06/06/2024",16717
"Customer C-20789","SW-FL-4YD","06-Oct-23",10535
"Customer C-13930","SW-ROLLOFF-30YD","02/10/2019",46518
"Customer C-26747","SW-RO-30YD","2023-10-05",48753
"Customer C-31249","SW-RES-1-BW","09/14/2022",49609
"Customer C-25398","SW-RO-40","18-Apr-20",58065
"Customer C-41083","SW-COMM-XX","07/28/2020",38060
"Customer C-05905","SW-COMM-8YD","2019-02-15",13284
"Customer C-38962","SW-COMM-8","12/03/2023",17899
"Customer C-09791","SW-COMM-2YD","15-Nov-21",6429
"Customer C-31328","SW-RO-20YD","19-Aug-21",44350
"Customer C-07266","SW-RO-40YD","2023-01-09",56285
"Customer C-06157","SW-RES-1-M","05/07/2022",5175
"Customer C-16844","SW-RO-20YD","07/12/19",37180
"Customer C-34735","SW-ROLLOFF-20YD","15-Sep-20",42468
"Customer C-12105","SW-XX-99YD","01/01/2021",37866
"Customer C-39371","SW-COMM-8YD","2020-08-02",21566
"Customer C-43700","SW-FL-6YD","16-Aug-22",16974
"Customer C-14974","SW-RO-30","01/19/2020",48670
"Customer C-07018","SW-RES-1-BW","2022-03-09",7853
"Customer C-27967","SW-FL-4YD","2021-07-03",16420
"Customer C-40831","SW-FL-2YD","06/19/2023",9773
"Customer C-07705","SW-ROLLOFF-40YD","2019-07-02",60430
"Customer C-11505","SW-RO-20","06/14/2024",37902
"Customer C-22038","SW-ROLLOFF-30YD","2020-05-26",49198
"Customer C-18396","SW-RES-1-BW","2024-07-20",13227
"Customer C-00322","SW-COMM-2YD","22-Oct-19",5871
"Customer C-03839","SW-COMM-6YD","01/08/2022",11663
"Customer C-10797","NOPE-1","05/22/23",11164
"Customer C-18051","NOPE-1","04/21/23",15045
"Customer C-06265","SW-COMM-4YD","10/21/2020",11502
"Customer C-16008","SW-COMM-4YD","13-Sep-22",15432
"Customer C-27578","SW-FL-2YD","06-Jun-23",4245
"Customer C-10058","SW-RO-20YD","11/09/2021",43808
"Customer C-25329","SW-RO-10YD","2019-06-20",29677
"Customer C-03301","SW-ROLLOFF-30YD","2019-05-13",50386
"Customer C-14678","SW-COMM-4YD","22-Jan-24",7571
"Customer C-13735","SW-ROLLOFF-30YD","06/08/2022",50041
"Customer C-28891","SW-RES-1-BW","2019-07-18",57441
"Customer C-08716","SW-RO-10YD","01/24/21",33590
"Customer C-04274","SW-COMM-8YD","05/02/22",14533
"Customer C-41080","SW-RES-1-BW","2024-09-22",37567
"Customer C-25822","SW-RO-20","2022-10-24",36847
"Customer C-39841","SW-COMM-4","05/01/2020",15725
"Customer C-25562","SW-RO-30","08/28/2019",47735
"Customer C-00398","SW-COMM-2YD","2019-05-19",12453
"Customer C-14329","SW-FL-2YD","12/15/21",13276
"Customer C-40314","SW-COMM-6","08/04/2020",18803
"Customer C-20868","SW-COMM-8","02-Jul-23",15682
"Customer C-33927","SW-RO-10","12/27/22",30936
"Customer C-31493","SW-RO-10","05-Jan-19",27250
"Customer C-22595","SW-ROLLOFF-40YD","12/28/2024",57719
"Customer C-04570","SW-RO-20YD","2024-03-13",36310
"Customer C-16979","SW-RES-1-M","02/03/20",53144
"Customer C-30218","SW-RO-30","03/20/2024",51051
"Customer C-29364","SW-FL-8YD","03-Jul-19",15083
"Customer C-32942","SW-RO-10YD","03/16/2023",31884
"Customer C-09917","SW-RO-40","2020-03-22",61300
"Customer C-42057","SW-RES-1-M","07/02/2024",9782
"Customer C-16309","SW-RO-10","05/23/23",33351
"Customer C-40101","SW-COMM-4","18-Jun-20",14304
"Customer C-14989","SW-FL-2YD","2020-07-20",12319
"Customer C-32289","SW-RO-20","02/24/2021",42298
"Customer C-41804","SW-RO-30YD","01/14/2024",50358
"Customer C-01606","SW-ROLLOFF-40YD","23-Dec-23",58891
"Customer C-08697","SW-RO-40YD","03/08/19",60065
"Customer C-26997","SW-COMM-2","2021-05-07",6847
"Customer C-34836","SW-COMM-8","22-Dec-23",16723
"Customer C-24108","SW-COMM-8YD","03/14/19",14335
"Customer C-14895","SW-ROLLOFF-40YD","01/28/2022",56225
"Customer C-08773","SW-RO-20YD","08-Dec-19",36737
"Customer C-29079","SW-ROLLOFF-10YD","22-Jan-19",28727
"Customer C-32154","SW-COMM-8","03-Feb-23",16464
"Customer C-30718","SW-RO-40","2020-04-14",60530
"Customer C-41107","SW-COMM-6","21-Sep-22",19229
"Customer C-28618","SW-FL-2YD","2023-11-11",10762
"Customer C-41720","SW-FL-8YD","07/07/2023",18938
"Customer C-27155","SW-ROLLOFF-40YD","08/04/2021",58746
"Customer C-23234","SW-RO-10","08-Dec-20",25458
"Customer C-37577","SW-COMM-XX","09/23/2021",37252
"Customer C-11934","SW-RO-20YD","07/28/22",44597
"Customer C-31205","OLD-SVC-7","05/22/24",48812
"Customer C-21634","SW-RO-30","06/25/2019",49015
"Customer C-01114","SW-RES-1-M","05/14/23",59643
"Customer C-43886","SW-ROLLOFF-30YD","02-May-24",53954
"Customer C-35709","SW-COMM-8YD","10/13/2024",19872
"Customer C-33522","SW-FL-4YD","08/04/2019",14545
"Customer C-07018","SW-COMM-6","02/11/20",10626
"Customer C-29984","SW-ROLLOFF-20YD","27-Sep-22",44687
"Customer C-00234","SW-RO-20","2020-11-17",39140
"Customer C-14282","OLD-SVC-7","2022-04-15",19693
"Customer C-00131","SW-RO-20","2019-05-15",38708
"Customer C-34773","SW-RO-40YD","2020-03-16",64211
"Customer C-04908","SW-FL-4YD","09/02/21",14423
"Customer C-32525","SW-RES-1-BW","2019-08-02",26903
"Customer C-44433","SW-RO-40","10/17/2023",60726
"Customer C-06809","SW-RO-20YD","02/08/2021",43761
"Customer C-35869","OLD-SVC-7","10/28/21",10606
"Customer C-09758","SW-RO-10","02/24/19",34126
"Customer C-30988","SW-RO-10","10/21/2021",32964
"Customer C-21795","SW-FL-2YD","22-Dec-19",11789
"Customer C-22104","SW-RES-1-M","12/08/2020",25288
"Customer C-34950","SW-COMM-8YD","06/20/2024",16551
"Customer C-18474","SW-RES-1-W","05/14/2020",25099
"Customer C-05486","SW-COMM-8YD","2020-12-07",16562
"Customer C-30499","SW-COMM-6","18-Feb-23",18820
"Customer C-40399","SW-RO-30YD","01/01/2021",45278
"Customer C-42777","SW-FL-8YD","01/02/23",13300
"Customer C-23632","SW-RO-10","06/11/2022",33544
"Customer C-11054","SW-RO-30","07/11/2022",48299
"Customer C-37989","SW-ROLLOFF-40YD","21-Apr-21",60306
"Customer C-37253","SW-RO-20YD","01/10/19",43861
"Customer C-30280","SW-RO-30YD","07/01/2020",50840
"Customer C-27292","SW-COMM-2","2019-11-09",9035
"Customer C-14375","SW-RES-1-W","06/12/23",61586
"Customer C-38893","SW-FL-8YD","06-Mar-23",22970
"Customer C-22637","SW-RES-1-BW","11/15/2020",48358
"Customer C-09147","SW-COMM-4YD","01/20/24",8752
"Customer C-04905","SW-RO-40","2023-08-10",63800
"Customer C-43989","SW-FL-4YD","03-Nov-24",12440
"Customer C-32257","SW-RO-10","25-Nov-19",31217
"Customer C-27061","SW-RES-1-BW","04/01/2021",47298
"Customer C-27532","OLD-SVC-7","03/13/2022",15116
"Customer C-30671","SW-ROLLOFF-20YD","2020-02-18",43675
"Customer C-07120","SW-COMM-6","05/13/23",14898
"Customer C-19589","SW-COMM-8","23-Feb-20",17980
"Customer C-13325","SW-COMM-8YD","07/04/2023",20144
"Customer C-07213","SW-FL-2YD","2022-04-13",12395
"Customer C-15038","SW-ROLLOFF-20YD","08-Apr-21",42653
"Customer C-41360","SW-RO-10","02/16/20",25371
"Customer C-38296","SW-COMM-6","2022-08-26",15733
"Customer C-09516","SW-RO-30YD","06/16/2020",48101
"Customer C-06380","SW-COMM-6YD","27-Aug-21",19090
"Customer C-34949","SW-COMM-2YD","15-Feb-24",9276
"Customer C-27092","SW-ROLLOFF-30YD","06-Apr-21",45682
"Customer C-16244","SW-ROLLOFF-30YD","02/27/2020",45324
"Customer C-19270","LEGACY-CODE","12/03/2020",13235
"Customer C-09746","SW-RO-30YD","05/08/2019",51104
"Customer C-27500","SW-COMM-2YD","06/19/2024",5778
"Customer C-31360","SW-COMM-8YD","2021-12-20",14103
"Customer C-17669","SW-COMM-6YD","11-Feb-23",12527
"Customer C-22213","SW-RO-40","10/19/24",59816
"Customer C-12484","SW-ROLLOFF-10YD","09-Nov-23",34631
"Customer C-23452","SW-COMM-2","02-Jan-19",9139
"Customer C-39858","SW-RO-10YD","09/28/2021",29568
"Customer C-00178","SW-RO-40","2019-10-09",64336
"Customer C-26885","SW-FL-8YD","12/27/2022",21766
"Customer C-29233","SW-ROLLOFF-40YD","09/01/2024",57352
"Customer C-41460","SW-COMM-8YD","09/18/2023",16877
"Customer C-12854","SW-RO-40","15-Aug-19",60153
"Customer C-35182","SW-RES-1-W","15-Dec-24",61938
"Customer C-29686","SW-RES-1-W","07/06/2019",64719
"Customer C-42644","SW-ROLLOFF-10YD","19-Apr-24",26727
"Customer C-32506","SW-RES-1-M","12/20/2024",26343
"Customer C-07978","SW-COMM-4","2021-11-19",16131
"Customer C-24650","SW-RO-40","07/03/2019",59383
"Customer C-05593","SW-COMM-XX","07/10/20",59818
"Customer C-44644","SW-RO-40YD","10/28/2023",59068
"Customer C-14694","SW-RO-10","03/25/2020",32415
"Customer C-10158","SW-RO-30","21-Nov-20",45679
"Customer C-07314","SW-FL-6YD","04/21/2021",16251
"Customer C-08458","SW-RO-10YD","01/24/2022",33646
"Customer C-14759","SW-FL-8YD","2020-11-27",19750
"Customer C-16002","SW-RO-20","06/22/2024",35248
"Customer C-27996","SW-ROLLOFF-40YD","2020-07-08",62809
"Customer C-23937","SW-FL-4YD","22-Dec-20",13311
"Customer C-24930","NOPE-1","2021-02-19",38673
"Customer C-37876","SW-COMM-6","07/13/21",16178
"Customer C-25688","SW-COMM-4","05/09/2021",15605
"Customer C-03708","SW-FL-2YD","01/23/24",13867
"Customer C-01888","SW-ROLLOFF-20YD","04/09/20",38018
"Customer C-24292","SW-COMM-4YD","18-Jul-22",14491
"Customer C-13337","SW-RO-30YD","2022-08-05",49771
"Customer C-10756","SW-ROLLOFF-20YD","05/04/20",41388
"Customer C-23920","SW-ROLLOFF-10YD","11/10/2021",31692
"Customer C-07896","SW-ROLLOFF-40YD","03/15/24",59224
"Customer C-26820","SW-RO-10","23-Mar-21",32280
"Customer C-37336","SW-RO-20YD","03/02/2023",36342
"Customer C-02389","SW-RO-10YD","01/17/2024",31383
"Customer C-06192","SW-RO-40YD","2021-12-13",58016
"Customer C-38204","SW-ROLLOFF-20YD","2023-06-23",44560
"Customer C-05305","SW-ROLLOFF-40YD","06/05/2021",59822
"Customer C-11782","SW-RO-30","09/06/19",53100
"Customer C-33225","SW-RO-10YD","10/04/2023",28074
"Customer C-31386","SW-RES-1-M","27-Dec-21",60447
"Customer C-42159","NOPE-1","2019-02-28",47702
"Customer C-38087","SW-COMM-6YD","10/17/2021",14467
"Customer C-14540","SW-RO-30YD","11-Apr-22",52902
"Customer C-24097","SW-RO-20YD","01/21/2020",37250
"Customer C-07975","SW-FL-6YD","2024-11-11",12553
"Customer C-25888","SW-ROLLOFF-30YD","07/08/2024",49454
"Customer C-11605","SW-COMM-6YD","05/27/2019",14591
"Customer C-32529","SW-FL-8YD","06/16/2024",16314
"Customer C-06767","SW-RO-30","10/03/22",49997
"Customer C-36616","SW-COMM-2YD","2024-07-17",4841
"Customer C-42189","SW-COMM-4","2024-05-06",7710
"Customer C-09854","SW-FL-4YD","2020-10-06",10021
"Customer C-35196","SW-FL-8YD","03/10/19",16726
"Customer C-24450","SW-COMM-4","03-Feb-21",11807
"Customer C-16700","SW-RO-10","01/06/24",30630
"Customer C-03956","SW-RO-30","2019-05-07",51087
"Customer C-44880","SW-RO-40","12/25/2022",64746
"Customer C-19472","SW-COMM-6YD","11/26/19",14410
"Customer C-18995","SW-RO-30","12/02/21",54811
"Customer C-11939","SW-COMM-2YD","01/09/2023",12138
"Customer C-41682","SW-RO-30YD","08-May-24",51576
"Customer C-43145","LEGACY-CODE","12-Nov-19",44523
"Customer C-40006","SW-COMM-4","09/04/2020",9458
"Customer C-02106","SW-FL-8YD","07/13/20",21893
"Customer C-10262","SW-ROLLOFF-30YD","2020-10-03",50351
"Customer C-30048","SW-ROLLOFF-20YD","12/22/2023",42288
"Customer C-31349","SW-COMM-2YD","02/02/2022",10851
"Customer C-11191","SW-COMM-6","11/08/2023",10674
"Customer C-02390","SW-RO-30","01/16/2021",45539
"Customer C-24809","SW-COMM-4YD","2023-03-19",7149
"Customer C-40783","SW-RO-30YD","08-Dec-22",47101
"Customer C-29136","SW-COMM-8YD","2022-07-19",22427
"Customer C-40123","SW-COMM-XX","08/24/2023",32644
"Customer C-35673","SW-COMM-2","01/12/2019",5008
"Customer C-15895","SW-FL-8YD","05/13/19",16307
"Customer C-28193","OLD-SVC-7","2023-12-21",17788
"Customer C-42021","SW-COMM-4","11-Apr-19",14174
"Customer C-29485","SW-RO-30","10/16/22",50178
"Customer C-13897","SW-ROLLOFF-40YD","10/03/2020",63090
"Customer C-10021","SW-FL-8YD","04/09/2024",19065
"Customer C-13213","SW-COMM-2","08-May-19",12479
"Customer C-07615","SW-ROLLOFF-40YD","02/01/2022",59045
"Customer C-27899","SW-FL-6YD","23-Jan-19",17861
"Customer C-16955","SW-RO-30","10-Apr-21",51459
"Customer C-27533","SW-ROLLOFF-30YD","08-Feb-20",51751
"Customer C-31282","SW-ROLLOFF-40YD","08/04/2024",57031
"Customer C-42434","SW-RO-40YD","07-Jul-21",57162
"Customer C-37047","SW-COMM-4","2020-03-19",8439
"Customer C-11969","SW-RO-10YD","02-Jan-21",27663
"Customer C-33271","SW-ROLLOFF-20YD","2023-02-23",40521
"Customer C-36255","SW-ROLLOFF-40YD","03/06/2024",62826
"Customer C-14134","SW-FL-4YD","19-Nov-22",13404
"Customer C-28830","OLD-SVC-7","03/13/2022",28870
"Customer C-26296","SW-ROLLOFF-20YD","2021-01-07",38308
"Customer C-37298","SW-RO-40YD","11/15/2024",56048
"Customer C-25640","SW-RO-30YD","10/18/22",48398
"Customer C-30478","SW-RO-20YD","23-Feb-23",36950
"Customer C-37396","SW-COMM-4YD","12/04/2019",14884
"Customer C-40458","SW-RO-20","2024-04-28",38470
"Customer C-14691","SW-RO-20YD","06/24/21",40224
"Customer C-14143","SW-ROLLOFF-30YD","20-Aug-20",49925
"Customer C-03468","SW-COMM-2YD","05/09/2024",12716
"Customer C-41542","SW-COMM-8YD","2024-09-16",16931
"Customer C-34227","SW-COMM-6YD","2023-02-08",19244
"Customer C-40768","SW-RO-30YD","24-Dec-23",53751
"Customer C-05690","SW-FL-6YD","2024-03-24",12546
"Customer C-00392","SW-FL-4YD","11/27/2022",12738
"Customer C-02488","SW-ROLLOFF-20YD","22-Oct-19",44423
"Customer C-24555","SW-COMM-8","2020-01-16",21116
"Customer C-09091","SW-ROLLOFF-20YD","2022-06-15",38252
"Customer C-11544","SW-COMM-2YD","2019-05-20",5238
"Customer C-00075","SW-COMM-4","08-Dec-23",9683
"Customer C-07564","SW-ROLLOFF-40YD","2019-10-15",62091
"Customer C-07054","SW-RO-40YD","2023-10-20",62283
"Customer C-00890","SW-COMM-8","2022-01-23",14298
"Customer C-39795","SW-FL-4YD","21-Feb-23",8349
"Customer C-36971","SW-RO-30YD","06-Feb-20",47999
"Customer C-11503","SW-COMM-8YD","09/07/2024",13815
"Customer C-24386","SW-COMM-4YD","2023-07-12",13388
"Customer C-23354","SW-RO-40","13-Oct-21",55438
"Customer C-39757","SW-COMM-8","21-Apr-23",20826
"Customer C-06450","SW-ROLLOFF-40YD","07/11/24",61616
"Customer C-24780","SW-ROLLOFF-40YD","10/08/19",64127
"Customer C-23140","SW-RO-20","04/11/2023",40326
"Customer C-08248","SW-RO-40","09/06/19",57907
"Customer C-26980","SW-FL-4YD","12/15/2020",15792
"Customer C-03954","SW-FL-2YD","03/26/2024",6691
"Customer C-06805","SW-ROLLOFF-10YD","07/20/2019",31081
"Customer C-24914","SW-RO-30","08-Sep-19",48690
"Customer C-12406","SW-RO-40YD","08/17/2022",64786
"Customer C-00393","SW-ROLLOFF-20YD","15-Dec-23",44386
"Customer C-06634","SW-RES-1-M","01-Dec-20",26757
"Customer C-21977","SW-COMM-4","2023-08-19",15897
"Customer C-43340","SW-COMM-4YD","03/01/19",10151
"Customer C-35820","SW-RES-1-M","10-Jun-20",45375
"Customer C-43714","SW-FL-2YD","12/05/2020",11393
"Customer C-17401","SW-RO-40","27-Aug-21",57214
"Customer C-32003","SW-RO-10","01-May-19",29744
"Customer C-15626","SW-FL-8YD","2022-09-18",20405
"Customer C-34463","SW-ROLLOFF-10YD","03/01/20",32954
"Customer C-26941","SW-ROLLOFF-10YD","11/12/2023",31954
"Customer C-04738","SW-RO-20","2023-06-11",36959
"Customer C-28017","SW-COMM-6YD","07/06/2020",17991
"Customer C-05224","SW-FL-4YD","2024-02-07",16683
"Customer C-40822","SW-RO-30YD","2021-11-06",50111
"Customer C-43894","SW-RO-20YD","04/24/22",43693
"Customer C-41222","SW-RO-10","14-Jun-21",27368
"Customer C-06538","SW-RO-10","2019-07-18",26740
"Customer C-38194","SW-RO-40","07/13/2021",61821
"Customer C-21970","SW-ROLLOFF-20YD","03-Nov-19",35771
"Customer C-02738","SW-RES-1-BW","08/13/2022",25176
"Customer C-24060","SW-COMM-4","08/26/2019",13729
"Customer C-11996","SW-RO-30YD","11/23/2019",50424
"Customer C-23638","SW-RO-30","01/07/2024",45333
"Customer C-33003","SW-RO-40YD","19-May-20",64986
"Customer C-32855","SW-COMM-8YD","11/25/2020",19176
"Customer C-08403","SW-RES-1-M","2019-05-26",64995
"Customer C-29069","SW-COMM-4","16-Nov-19",9840
"Customer C-14854","SW-RO-30YD","12/07/2019",46488
"Customer C-36035","SW-FL-2YD","06/27/2023",5070
"Customer C-02003","SW-RO-20YD","05/28/20",39902
"Customer C-19820","SW-RES-1-W","10/11/2022",63284
"Customer C-12756","SW-RES-1-W","01/15/19",47105
"Customer C-37436","SW-FL-8YD","04/04/2020",17290
"Customer C-42116","SW-COMM-6YD","11/14/2021",19804
"Customer C-31149","SW-COMM-8","11/12/2022",20426
"Customer C-14634","SW-ROLLOFF-10YD","09/20/2022",25351
"Customer C-38233","SW-RO-30","12-Apr-20",54683
"Customer C-32506","SW-COMM-2YD","2022-03-13",9003
"Customer C-17833","SW-FL-8YD","12/07/2024",18497
"Customer C-28679","SW-ROLLOFF-40YD","12/09/2019",63552
"Customer C-40859","SW-COMM-8","02/08/2024",13380
"Customer C-20867","NOPE-1","09/17/2021",12317
"Customer C-34091","SW-RO-30YD","04/23/2020",54992
"Customer C-40820","SW-ROLLOFF-30YD","2023-09-01",50609
"Customer C-11814","OLD-SVC-7","09-Feb-20",40355
"Customer C-21486","SW-COMM-8","2019-09-17",21768
"Customer C-11343","SW-RES-1-BW","07/07/22",16600
"Customer C-22444","SW-ROLLOFF-40YD","10/11/2019",55724
"Customer C-01544","SW-COMM-6","08/06/23",10858
"Customer C-35776","SW-RES-1-W","2022-12-05",53224
"Customer C-44904","SW-RO-20YD","08/27/23",42473
"Customer C-38037","SW-RO-40","07/03/23",63199
"Customer C-27073","SW-RO-30YD","2022-07-01",52628
"Customer C-04630","SW-FL-2YD","09/11/2021",8561
"Customer C-01075","SW-RES-1-M","09/22/21",27372
"Customer C-13676","SW-ROLLOFF-20YD","09/28/22",38991
"Customer C-41419","SW-RO-20","2023-04-12",38208
"Customer C-19734","SW-RO-40YD","2019-09-23",60303
"Customer C-29367","SW-COMM-8YD","07-Jun-23",18162
"Customer C-16748","SW-FL-6YD","07/19/2021",14000
"Customer C-04348","SW-ROLLOFF-20YD","05/26/2019",36049
"Customer C-22873","SW-RO-40YD","2020-04-25",61389
"Customer C-25318","SW-ROLLOFF-20YD","01-Dec-21",39366
"Customer C-16904","SW-RES-1-M","2019-10-25",18355
"Customer C-02166","SW-FL-8YD","2023-09-18",21316
"Customer C-24492","SW-COMM-6","25-Nov-21",10501
"Customer C-30129","SW-ROLLOFF-30YD","01/20/2019",53004
"Customer C-18549","SW-RES-1-BW","04-Apr-21",13290
"Customer C-00688","SW-RO-20","07/25/2021",37075
"Customer C-23458","SW-ROLLOFF-40YD","07-Nov-20",63436
"Customer C-43640","SW-RO-30","03/07/2021",45759
"Customer C-38963","SW-FL-4YD","11/10/21",12681
"Customer C-00516","SW-FL-2YD","06/06/2023",4498
"Customer C-21019","SW-RES-1-BW","08/01/19",53805
"Customer C-24342","SW-COMM-4","03/15/22",12270
"Customer C-28307","SW-FL-6YD","2024-07-18",19982
"Customer C-27986","SW-COMM-6","11-Dec-23",19777
"Customer C-15802","SW-COMM-2YD","2021-11-02",4675
"Customer C-09045","SW-RO-10","03/25/2021",33626
"Customer C-33901","SW-RES-1-W","2024-05-26",36651
"Customer C-05836","SW-XX-99YD","2023-12-14",62078
"Customer C-17550","SW-COMM-8YD","01/25/21",16308
"Customer C-24688","SW-RO-20YD","2020-12-17",42074
"Customer C-07011","SW-RO-40YD","03/22/2022",55491
"Customer C-02064","SW-RO-20","27-Jan-22",35122
"Customer C-06609","SW-ROLLOFF-10YD","02/04/21",27633
"Customer C-07057","SW-COMM-8YD","02/21/23",19229
"Customer C-07495","SW-RO-30YD","05-Jun-19",46370
"Customer C-03119","SW-COMM-4YD","01/02/21",12409
"Customer C-20891","SW-RO-20","11/21/2020",38966
"Customer C-32902","SW-RO-10YD","2021-11-17",30642
"Customer C-28660","SW-FL-6YD","2024-06-02",14667
"Customer C-12582","SW-COMM-4","10/04/2020",12061
"Customer C-28818","SW-FL-2YD","01/16/24",7422
"Customer C-29883","SW-FL-8YD","12/25/2020",20681
"Customer C-21382","SW-COMM-8YD","04/19/2021",20720
"Customer C-03314","SW-RO-20","2024-07-13",40266
"Customer C-43010","SW-FL-2YD","09/17/2020",8697
"Customer C-21689","SW-FL-6YD","04/23/2024",17992
"Customer C-44032","SW-RO-30","05/11/21",54541
"Customer C-28505","SW-FL-4YD","12/27/2021",7954
"Customer C-26860","SW-ROLLOFF-40YD","11/21/22",63707
"Customer C-30075","SW-ROLLOFF-20YD","2022-09-11",40860
"Customer C-24889","SW-RES-1-M","07/17/2023",27383
"Customer C-10783","SW-ROLLOFF-30YD","07-Apr-20",49811
"Customer C-33543","SW-COMM-4","08/12/2022",13283
"Customer C-26607","SW-RO-40","09/26/19",63404
"Customer C-27156","SW-ROLLOFF-10YD","05/15/23",30023
"Customer C-10290","SW-RO-30YD","02/02/24",47277
"Customer C-10264","SW-RES-1-M","09/16/2024",12529
"Customer C-13178","SW-RO-30YD","04/28/2021",51758
"Customer C-25609","SW-COMM-2YD","10/22/21",9231
"Customer C-28698","SW-FL-6YD","06/15/2020",18434
"Customer C-17399","SW-ROLLOFF-10YD","2019-09-15",28842
"Customer C-10298","SW-COMM-8","22-Mar-23",16877
"Customer C-19205","SW-COMM-XX","06/28/22",48652
"Customer C-31810","SW-RES-1-BW","02/08/24",27254
"Customer C-12340","SW-ROLLOFF-30YD","12/18/2023",45842
"Customer C-35093","SW-FL-8YD","11/16/2019",19638
"Customer C-43625","SW-RO-40","09/14/2022",55700
"Customer C-44907","SW-COMM-6YD","05/12/2021",14031
"Customer C-19992","SW-FL-2YD","21-Apr-20",7476
"Customer C-00288","SW-FL-6YD","2022-06-10",14074
"Customer C-35008","SW-RO-20YD","2020-09-08",36053
"Customer C-29564","SW-RO-40","04/11/20",64526
"Customer C-06339","SW-COMM-6","12/23/22",19011
"Customer C-23388","SW-RO-40","07/19/2022",56899
"Customer C-33444","NOPE-1","02/22/2023",21314
"Customer C-41433","SW-RO-40YD","08/27/2019",60251
"Customer C-40893","SW-RES-1-BW","2020-11-24",49827
"Customer C-39955","SW-RO-40","02/09/24",61111
"Customer C-33505","SW-ROLLOFF-30YD","06/06/2024",50685
"Customer C-41674","SW-RES-1-BW","14-May-24",57748
"Customer C-33355","SW-RES-1-M","11/28/2022",10170
"Customer C-01682","SW-ROLLOFF-40YD","2024-07-17",63800
"Customer C-02201","SW-RES-1-BW","09/15/23",5492
"Customer C-43782","SW-COMM-2YD","2023-02-10",10701
"Customer C-02677","SW-RO-10","14-Jun-24",32350
"Customer C-10950","SW-COMM-6YD","19-Dec-21",17820
"Customer C-34148","SW-FL-2YD","2021-01-02",4812
"Customer C-33180","SW-ROLLOFF-30YD","07/11/2021",49933
"Customer C-00117","SW-COMM-6YD","04/27/2023",12226
"Customer C-06820","SW-FL-2YD","03/08/2021",6386
"Customer C-43245","SW-ROLLOFF-20YD","28-Aug-21",35003
"Customer C-12447","SW-COMM-8","01/25/2019",15966
"Customer C-42689","SW-COMM-2","02/19/2019",11152
"Customer C-27900","SW-RO-20","04/17/2024",38607
"Customer C-42266","SW-ROLLOFF-40YD","2022-08-09",62446
"Customer C-34721","SW-RO-20YD","08/17/22",36755
"Customer C-16266","SW-ROLLOFF-20YD","06/15/2023",39549
"Customer C-32279","SW-ROLLOFF-20YD","03-Jun-19",37323
"Customer C-23178","SW-ROLLOFF-30YD","2021-10-22",51367
"Customer C-16488","SW-RO-20YD","06-May-23",44734
"Customer C-20749","SW-RO-40YD","2022-01-10",63545
"Customer C-03629","SW-COMM-XX","2021-12-24",10173
"Customer C-44940","SW-RO-30","11/26/2019",47623
"Customer C-20406","SW-ROLLOFF-30YD","11/23/2020",47811
"Customer C-27033","SW-FL-8YD","25-Feb-19",18725
"Customer C-29651","SW-COMM-8YD","2020-05-10",13220
"Customer C-12007","SW-RO-10","01/23/23",33406
"Customer C-40935","SW-ROLLOFF-20YD","11-Jul-21",44938
"Customer C-09672","SW-RO-40","12/03/2023",55479
"Customer C-28181","SW-RO-10","03/19/2021",29196
"Customer C-33969","SW-COMM-8YD","05/09/21",15184
"Customer C-34563","SW-COMM-6","10/24/21",18413
"Customer C-08612","SW-RO-40YD","04/15/24",60280
"Customer C-31112","SW-COMM-6YD","05/20/23",15048
"Customer C-25036","SW-FL-8YD","08-Jul-23",19901
"Customer C-22590","SW-COMM-8","2023-10-17",13157
"Customer C-08217","SW-ROLLOFF-30YD","2020-04-21",45695
"Customer C-16551","SW-RO-30","2019-10-04",46869
"Customer C-22152","SW-ROLLOFF-40YD","02/04/2020",60527
"Customer C-11456","SW-COMM-4","2024-05-28",13091
"Customer C-09398","OLD-SVC-7","2021-05-15",5267
"Customer C-38345","SW-COMM-4","03/16/23",11472
"Customer C-24259","SW-RO-10YD","07/01/2024",26482
"Customer C-29281","SW-COMM-2YD","09/13/2021",7315
"Customer C-09544","SW-RO-30YD","06/02/2024",54805
"Customer C-16205","SW-RO-10","14-Feb-19",27431
"Customer C-21031","SW-COMM-4","2023-11-28",16205
"Customer C-04785","SW-COMM-4","25-Jun-21",8444
"Customer C-24784","SW-ROLLOFF-30YD","01/10/2024",49168
"Customer C-16158","SW-COMM-6YD","17-Jun-19",17433
"Customer C-36087","SW-RO-40YD","09/28/2019",58632
"Customer C-15862","SW-FL-8YD","06/07/2023",19016
"Customer C-05547","SW-FL-4YD","2023-10-17",15452
"Customer C-15582","SW-ROLLOFF-30YD","01/20/24",53497
"Customer C-09605","SW-RO-10YD","12/26/19",32944
"Customer C-17144","SW-COMM-4","05/08/22",10288
"Customer C-21881","SW-RES-1-M","12/07/21",7228
"Customer C-12994","SW-COMM-8YD","04/05/2024",19320
"Customer C-21551","SW-COMM-4YD","08/10/2021",9903
"Customer C-32929","SW-RO-10","21-Dec-23",29783
"Customer C-36229","SW-FL-6YD","05/18/2020",17520
"Customer C-38408","SW-RES-1-W","24-Feb-23",8479
"Customer C-02642","SW-RES-1-W","02/23/2020",16776
"Customer C-39310","SW-RO-40YD","02/21/2024",55322
"Customer C-26787","SW-RO-40","2023-11-17",55171
"Customer C-35374","SW-RO-20","2019-03-26",41204
"Customer C-15384","SW-RES-1-W","12/27/2021",39230
"Customer C-09128","SW-RO-10YD","2019-03-12",26317
"Customer C-35475","SW-RO-20","12/08/2022",40170
"Customer C-26491","SW-RO-10YD","18-Aug-23",29461
"Customer C-19474","SW-ROLLOFF-40YD","05/05/2021",56325
"Customer C-17036","SW-RO-40","2019-11-27",62598
"Customer C-36627","SW-ROLLOFF-20YD","2024-08-15",39928
"Customer C-36753","LEGACY-CODE","05/18/22",43731
"Customer C-12865","SW-FL-8YD","2022-02-07",19209
"Customer C-14847","SW-ROLLOFF-10YD","07/24/2020",34130
"Customer C-17104","SW-ROLLOFF-20YD","10/06/2019",42743
"Customer C-34996","SW-COMM-2","2022-06-05",4304
"Customer C-18704","SW-COMM-4YD","07/05/24",16507
"Customer C-33764","SW-COMM-2","12/21/24",10678
"Customer C-35575","SW-RO-40YD","10/17/19",57293
"Customer C-44238","SW-COMM-4","07/14/19",14167
"Customer C-24578","SW-ROLLOFF-30YD","2024-03-09",48710
"Customer C-31921","SW-COMM-2YD","27-Sep-21",10917
"Customer C-40576","SW-ROLLOFF-40YD","05/24/2021",62715
"Customer C-00874","OLD-SVC-7","06-Nov-24",19261
"Customer C-30922","SW-COMM-XX","05/20/2021",17614
"Customer C-23426","SW-FL-2YD","07/23/21",6409
"Customer C-09580","SW-COMM-2YD","04/06/20",11651
"Customer C-25995","SW-ROLLOFF-20YD","2020-10-25",43180
"Customer C-22525","SW-RO-40","06/14/2020",59332
"Customer C-35288","SW-RO-20YD","03/12/2020",44552
"Customer C-23087","SW-RO-30","17-Mar-19",53563
"Customer C-35736","SW-RES-1-W","21-Apr-23",25671
"Customer C-16522","SW-RO-10","08/14/20",31081
"Customer C-26339","OLD-SVC-7","01/20/20",9288
"Customer C-00316","SW-FL-4YD","2019-10-23",13709
"Customer C-08440","SW-RES-1-M","04-Sep-22",45965
"Customer C-26416","SW-COMM-6YD","2022-05-26",14125
"Customer C-00225","SW-RES-1-M","10-Oct-22",57827
"Customer C-15910","SW-ROLLOFF-10YD","08/08/24",29471
"Customer C-33423","NOPE-1","03/04/21",58339
"Customer C-39602","SW-FL-4YD","02/21/2022",9254
"Customer C-07721","LEGACY-CODE","2022-08-10",29154
"Customer C-00628","SW-RO-40","07/03/2019",64918
"Customer C-07741","SW-RO-30YD","2023-01-24",48110
"Customer C-27528","SW-FL-8YD","2019-05-14",17537
"Customer C-36241","SW-RO-10YD","06/27/2019",25914
"Customer C-09797","SW-COMM-8","03/18/22",14662
"Customer C-09007","SW-COMM-2YD","2024-01-23",8818
"Customer C-15546","SW-XX-99YD","02/23/22",64543
"Customer C-04214","SW-RO-20YD","07/05/2023",44635
"Customer C-25049","SW-FL-8YD","2021-06-26",20247
"Customer C-30307","SW-RO-40YD","04/15/2022",58629
"Customer C-03914","LEGACY-CODE","2020-12-21",10940
"Customer C-30355","SW-RO-30","28-May-20",48734
"Customer C-36899","SW-RO-20YD","2021-02-23",44492
"Customer C-38621","SW-RO-30YD","06/13/2024",47784
"Customer C-44490","SW-COMM-8","01/25/2020",13762
"Customer C-29316","SW-RO-40YD","27-Jun-20",61033
"Customer C-34503","SW-COMM-2","20-Jun-24",10240
"Customer C-10197","SW-COMM-4YD","08/07/22",15654
"Customer C-36559","SW-FL-6YD","08/07/2022",12784
"Customer C-15977","SW-RO-20YD","2020-10-23",38764
"Customer C-40026","SW-RO-30","03/26/23",47185
"Customer C-27333","SW-RO-20","2022-12-24",37981
"Customer C-12096","SW-RO-10YD","2021-03-10",27537
"Customer C-08869","SW-COMM-6","01-Aug-20",14317
"Customer C-33224","SW-XX-99YD","12/24/2022",43201
"Customer C-38160","SW-COMM-8","24-Nov-21",21655
"Customer C-11737","SW-COMM-2","11/12/2019",11202
"Customer C-14140","SW-FL-6YD","2022-11-05",11418
"Customer C-42969","SW-ROLLOFF-20YD","10-Oct-24",38857
"Customer C-37719","SW-ROLLOFF-30YD","2020-03-14",47324
"Customer C-31034","SW-COMM-8","01-Dec-23",19638
"Customer C-24002","SW-RO-10YD","2021-10-18",29609
"Customer C-12513","SW-COMM-4","2022-11-05",15310
"Customer C-25209","SW-RO-40YD","01/20/2021",62296
"Customer C-30520","SW-RO-10YD","04/21/2022",30550
"Customer C-24825","SW-COMM-4","13-May-22",15716
"Customer C-06118","SW-RES-1-W","2019-04-18",12403
"Customer C-15732","SW-RO-20YD","02-Nov-22",41937
"Customer C-19415","SW-RO-30YD","05/11/2020",48606
"Customer C-18261","SW-COMM-2YD","06/07/19",8958
"Customer C-06484","SW-COMM-XX","27-Aug-21",7829
"Customer C-42726","SW-ROLLOFF-40YD","2020-03-27",58611
"Customer C-09615","SW-ROLLOFF-10YD","2019-05-27",26698
"Customer C-27775","SW-RO-40YD","21-Dec-20",55564
"Customer C-31422","SW-COMM-2","09/04/2019",11047
"Customer C-12993","SW-RO-30YD","20-Jun-20",53191
"Customer C-38005","SW-COMM-6","06/13/2022",13201
"Customer C-32758","SW-COMM-2YD","2020-10-27",12754
"Customer C-21709","SW-RO-10","2022-07-25",32285
"Customer C-08621","SW-RO-10","06/25/20",26851
"Customer C-14405","SW-RO-30","11/09/2020",45936
"Customer C-36905","SW-RES-1-W","16-Jan-20",40097
"Customer C-01387","LEGACY-CODE","2020-12-19",35197
"Customer C-27845","SW-RO-20","2024-04-08",39380
"Customer C-14276","SW-RO-30","06/15/2022",50373
"Customer C-27016","SW-COMM-6","2022-05-25",17795
"Customer C-25917","OLD-SVC-7","10-Oct-20",12318
"Customer C-38964","SW-RO-20","2023-05-02",43685
"Customer C-41554","NOPE-1","08/12/2020",15131
"Customer C-08546","SW-RO-30YD","2022-01-21",46647
"Customer C-14218","SW-RO-10","01/09/19",30464
"Customer C-16772","SW-ROLLOFF-40YD","2022-10-12",63506
"Customer C-16012","LEGACY-CODE","07-Dec-19",22280
"Customer C-03328","SW-RO-30YD","04/08/2021",45422
"Customer C-18512","SW-RES-1-W","07/17/2020",33873
"Customer C-12701","SW-RO-30","2021-01-18",53810
"Customer C-11021","SW-COMM-6YD","03/05/2021",11799
"Customer C-00457","SW-RO-10","2019-02-17",28721
"Customer C-16655","SW-FL-6YD","01/18/22",12081
"Customer C-12511","SW-RO-40YD","2023-01-04",61923
"Customer C-12247","SW-RES-1-BW","2020-07-13",52048
"Customer C-24915","SW-ROLLOFF-10YD","01/13/2022",29005
"Customer C-31132","SW-FL-2YD","04/08/21",5835
"Customer C-16632","SW-COMM-6YD","13-Jul-20",13355
"Customer C-37640","SW-RES-1-W","04/10/2020",44020
"Customer C-02980","SW-COMM-8YD","12/06/2022",14358
"Customer C-37148","SW-RO-40","2024-03-14",64353
"Customer C-34607","SW-COMM-XX","2024-04-03",52351
"Customer C-33216","SW-ROLLOFF-20YD","01/21/2021",35853
"Customer C-24585","SW-RES-1-M","02/18/2022",60954
"Customer C-27049","SW-RO-10YD","2024-06-25",29395
"Customer C-07547","SW-COMM-6YD","05/25/2021",16936
"Customer C-32791","SW-COMM-2","09/17/2019",8709
"Customer C-44386","SW-RO-10","12/14/2024",31714
"Customer C-07223","SW-RES-1-BW","2022-02-19",54686
"Customer C-12984","SW-FL-6YD","2022-05-24",13568
"Customer C-12417","SW-RO-10YD","03/07/2020",28673
"Customer C-43494","SW-RO-40","2022-12-05",58368
"Customer C-11870","SW-RO-10YD","03/06/2021",30818
"Customer C-01019","SW-RO-40","05/11/21",59776
"Customer C-21285","SW-COMM-8","05/05/2022",15327
"Customer C-28321","SW-COMM-6YD","06/28/24",19618
"Customer C-31446","SW-COMM-6","27-Mar-24",12856
"Customer C-04296","SW-FL-4YD","06/28/2020",13719
"Customer C-39054","SW-RO-40","10/11/19",57109
"Customer C-20148","SW-RO-20YD","10/22/21",38082
"Customer C-36542","SW-COMM-4","2024-03-27",11093
"Customer C-03929","SW-COMM-4YD","12/09/2024",11161
"Customer C-03167","SW-FL-2YD","2021-04-09",4289
"Customer C-20710","SW-ROLLOFF-40YD","2021-11-02",59836
"Customer C-17032","SW-RES-1-M","2023-09-15",16279
"Customer C-23434","SW-COMM-8","12/13/20",22216
"Customer C-27076","SW-COMM-2","08/10/2021",12187
"Customer C-36134","SW-COMM-8","13-Feb-22",17346
"Customer C-41574","SW-RO-40","12/12/2021",55722
"Customer C-13005","SW-FL-4YD","09/25/2024",8353
"Customer C-04519","SW-COMM-2","10/12/19",11847
"Customer C-02588","SW-RO-30YD","02-Dec-24",46311
"Customer C-25549","SW-COMM-4YD","2020-10-22",9861
"Customer C-22625","SW-FL-6YD","08/12/2024",10476
"Customer C-21661","SW-ROLLOFF-30YD","12/27/2024",47664
"Customer C-21140","SW-COMM-6YD","2023-12-22",11668
"Customer C-23645","LEGACY-CODE","05/23/2021",18404
"Customer C-14456","SW-FL-8YD","2023-10-04",19162
"Customer C-44814","SW-RO-40YD","2023-03-26",60048
"Customer C-08767","SW-RES-1-M","08-May-21",58850
"Customer C-04294","SW-ROLLOFF-40YD","14-Nov-23",63575
"Customer C-44336","SW-COMM-2YD","07/14/2020",5532
"Customer C-23532","SW-RES-1-W","2019-01-15",57949
"Customer C-39686","SW-RO-30YD","05/23/2020",54842
"Customer C-07996","SW-RO-30","2024-04-05",50253
"Customer C-03004","SW-ROLLOFF-30YD","03/04/2023",49512
"Customer C-40917","SW-RO-40","05-Nov-24",58716
"Customer C-01335","SW-COMM-XX","2023-04-08",32882
"Customer C-17768","SW-ROLLOFF-20YD","08/07/2020",37861
"Customer C-16873","SW-COMM-4YD","2022-06-11",15020
"Customer C-34633","SW-RO-20YD","2021-10-07",43525
"Customer C-33698","SW-COMM-6","11/18/2020",18590
"Customer C-43340","SW-ROLLOFF-20YD","28-Jul-23",38509
"Customer C-33205","SW-FL-2YD","07/12/2024",4261
"Customer C-33151","SW-RO-20","08/26/2021",39101
"Customer C-17655","SW-COMM-4","19-Sep-22",14458
"Customer C-44804","SW-RO-30","06/25/23",47770
"Customer C-09105","SW-COMM-6YD","09/18/2021",15826
"Customer C-09757","SW-ROLLOFF-20YD","09-Dec-24",40719
"Customer C-34796","SW-FL-4YD","05/04/2022",11315
"Customer C-11236","SW-RO-40","01-Feb-23",61827
"Customer C-23224","NOPE-1","07/24/19",56481
"Customer C-41030","SW-FL-6YD","02/24/2024",12750
"Customer C-03682","SW-RO-20YD","2022-06-02",38379
"Customer C-24680","LEGACY-CODE","10/10/2024",14173
"Customer C-13164","SW-RO-40YD","03/03/2019",56397
"Customer C-15803","SW-ROLLOFF-20YD","2022-11-22",44227
"Customer C-43464","SW-ROLLOFF-40YD","08/14/21",63473
"Customer C-25959","SW-COMM-6","2019-09-26",18692
"Customer C-00091","SW-ROLLOFF-20YD","2023-01-22",36548
"Customer C-25499","SW-RO-30YD","2022-01-23",54758
"Customer C-44238","SW-RES-1-BW","2022-01-17",18673
"Customer C-43205","SW-RO-40","2022-01-09",56070
"Customer C-23340","OLD-SVC-7","23-Jun-24",14925
"Customer C-31324","SW-COMM-2YD","04/06/2022",6088
"Customer C-40730","SW-COMM-6YD","18-Dec-24",11198
"Customer C-08563","SW-RO-20YD","09-Sep-24",36812
"Customer C-43687","SW-COMM-8","02/03/2024",13567
"Customer C-35206","SW-COMM-8YD","04/07/2021",18858
"Customer C-08658","SW-FL-2YD","2024-01-24",7550
"Customer C-02034","SW-RES-1-M","04/24/2024",20538
"Customer C-36334","SW-ROLLOFF-10YD","22-Nov-20",30012
"Customer C-29756","SW-ROLLOFF-20YD","2022-06-02",44229
"Customer C-29042","SW-RO-30","12/26/2024",50019
"Customer C-09820","SW-ROLLOFF-40YD","27-Jun-19",64054
"Customer C-24130","SW-RO-10","02/16/21",30438
"Customer C-06225","SW-COMM-2","09/12/2024",12835
"Customer C-40800","SW-COMM-4","2020-05-05",12016
"Customer C-05598","SW-RO-40","10/13/2022",63083
"Customer C-05984","SW-ROLLOFF-40YD","04/23/2024",56625
"Customer C-21024","SW-RES-1-M","10/06/2021",62579
"Customer C-01201","SW-RO-10","01/25/2024",29775
"Customer C-13108","SW-COMM-6","18-Jul-24",19071
"Customer C-11390","SW-COMM-2","16-May-24",9689
"Customer C-44845","SW-RO-40YD","11/13/2022",55306
"Customer C-09366","SW-RO-30YD","27-Jul-19",53310
"Customer C-31680","SW-ROLLOFF-10YD","10/19/2019",27053
"Customer C-44278","SW-RO-40","2019-04-09",63381
"Customer C-40548","SW-COMM-2YD","07/19/20",5281
"Customer C-18030","SW-COMM-4","11/01/20",13754
"Customer C-24474","SW-COMM-6","07-Oct-24",19837
"Customer C-03116","SW-RO-40","06/01/2021",56282
"Customer C-18832","SW-ROLLOFF-10YD","11/18/2020",29084
"Customer C-14806","SW-FL-8YD","2021-06-15",19364
"Customer C-22338","SW-COMM-6","07/14/21",10029
"Customer C-01647","SW-RO-10","08-Jan-19",30468
"Customer C-36708","SW-COMM-6","2020-08-13",12363
"Customer C-19662","SW-FL-8YD","02-Jul-24",13384
"Customer C-18880","SW-RES-1-BW","03/13/2022",10530
"Customer C-18060","SW-ROLLOFF-20YD","2020-09-12",43454
"Customer C-07472","SW-COMM-2YD","2021-06-07",13216
"Customer C-07358","SW-RO-40","12/16/2022",60180
"Customer C-01651","SW-RO-40","06/09/2019",61477
"Customer C-16412","SW-RO-20YD","25-Jun-23",35754
"Customer C-26820","SW-ROLLOFF-10YD","06-Apr-23",30053
"Customer C-06599","SW-ROLLOFF-30YD","2020-09-06",48005
"Customer C-39621","SW-COMM-6","05-May-19",16623
"Customer C-32187","SW-COMM-4","06-Feb-24",7479
"Customer C-07097","SW-ROLLOFF-10YD","09/08/24",32588
"Customer C-31226","SW-RO-10","07/06/2020",26316
"Customer C-29199","SW-COMM-4","2020-06-18",12526
"Customer C-04124","SW-RES-1-BW","2019-02-25",60684
"Customer C-22863","SW-RES-1-M","2024-01-26",16786
"Customer C-17728","SW-FL-2YD","11/02/20",11436
"Customer C-03193","SW-RO-30","03/09/24",53471
"Customer C-16502","SW-FL-8YD","08/25/2024",21873
"Customer C-12409","SW-FL-8YD","2021-01-20",20668
"Customer C-34988","SW-COMM-6YD","12/24/2022",18325
"Customer C-24909","SW-RO-20","12/24/2020",36831
"Customer C-29798","SW-ROLLOFF-30YD","2020-04-18",47444
"Customer C-26490","SW-COMM-XX","2023-10-06",63943
"Customer C-29292","SW-ROLLOFF-40YD","12/14/2021",60833
"Customer C-34700","SW-ROLLOFF-30YD","04/23/22",50697
"Customer C-08591","SW-COMM-6","01/27/2019",17456
"Customer C-42894","SW-COMM-XX","2023-10-24",27047
"Customer C-04592","SW-COMM-2YD","07-Sep-22",10796
"Customer C-35671","SW-ROLLOFF-30YD","2024-07-27",45872
"Customer C-26290","SW-RO-30","01/19/23",53213
"Customer C-36344","SW-FL-8YD","06-Apr-20",21769
"Customer C-07589","SW-ROLLOFF-20YD","2019-10-10",35881
"Customer C-29547","SW-ROLLOFF-10YD","06/25/2023",34134
"Customer C-26816","SW-RO-10YD","2021-05-28",25606
"Customer C-34483","SW-RES-1-W","12/23/2022",57249
"Customer C-41990","SW-RO-20YD","11/23/2020",43981
"Customer C-12405","SW-RO-30","01-Jul-24",53246
"Customer C-05729","SW-RO-20YD","01/16/2022",44093
"Customer C-00480","SW-COMM-6","01/23/2024",18319
"Customer C-19936","SW-COMM-8YD","16-Aug-21",18895
"Customer C-24073","SW-ROLLOFF-10YD","05/12/2021",27134
"Customer C-05369","SW-ROLLOFF-10YD","01-Oct-20",25908
"Customer C-02411","SW-ROLLOFF-30YD","08/02/2022",52467
"Customer C-23771","SW-COMM-8","2020-03-20",22240
"Customer C-38637","SW-COMM-8YD","06/15/23",19464
"Customer C-36780","SW-RO-20YD","06/01/19",36284
"Customer C-24145","SW-RO-40","01/25/2020",57821
"Customer C-40451","SW-RO-30YD","06/18/2023",50192
"Customer C-15285","SW-RO-10","09/12/23",28656
"Customer C-15166","SW-COMM-XX","11/22/2019",17679
"Customer C-06628","SW-ROLLOFF-10YD","07/19/2019",26270
"Customer C-41744","SW-RO-30YD","09-Aug-22",53818
"Customer C-20148","SW-RO-20","2024-12-21",40818
"Customer C-05804","SW-RO-30YD","01/20/2022",50172
"Customer C-00067","SW-RO-30","10/19/23",46674
"Customer C-14021","SW-COMM-4YD","12/10/2023",13886
"Customer C-06204","SW-RO-20","2022-05-24",35337
"Customer C-06535","SW-RO-20YD","02/23/22",41060
"Customer C-38801","SW-COMM-8YD","10-Sep-23",22630
"Customer C-04490","SW-RO-10YD","18-Jan-19",26037
"Customer C-02400","SW-COMM-XX","2021-01-02",14677
"Customer C-44654","OLD-SVC-7","11/16/24",26636
"Customer C-44068","SW-RO-30YD","01/17/21",46940
"Customer C-12544","SW-ROLLOFF-20YD","03/25/2022",35356
"Customer C-36118","SW-FL-8YD","08-Oct-21",22024
"Customer C-10596","SW-RES-1-BW","12/17/2023",47821
"Customer C-23834","SW-COMM-6YD","21-Jan-19",17069
"Customer C-05820","SW-RO-20YD","03/26/2019",42942
"Customer C-43271","SW-RES-1-M","2021-04-09",55514
"Customer C-40002","SW-ROLLOFF-10YD","2022-03-06",25519
"Customer C-35082","SW-RO-30","01/26/24",50675
"Customer C-02211","SW-RO-10YD","2019-12-03",26955
"Customer C-27166","SW-ROLLOFF-40YD","11/09/2019",55908
"Customer C-27447","SW-FL-4YD","08/26/22",13966
"Customer C-01308","SW-ROLLOFF-40YD","10/20/21",58838
"Customer C-37571","SW-COMM-6YD","10/24/24",11387
"Customer C-16918","SW-RO-20","08/27/2023",36122
"Customer C-29559","SW-RO-20","01/05/22",41035
"Customer C-18366","SW-RO-10YD","02-Feb-24",26012
"Customer C-31419","SW-FL-8YD","26-Oct-21",16205
"Customer C-09459","SW-XX-99YD","07/15/2020",43493
"Customer C-04472","SW-RES-1-M","08/14/2022",43172
"Customer C-28019","SW-RO-20YD","12/10/2024",37821
"Customer C-27149","SW-RO-40","02/14/2021",63450
"Customer C-06466","SW-COMM-8YD","2021-06-14",16674
"Customer C-38646","SW-RO-40YD","03/07/2024",63510
"Customer C-32629","SW-RO-40","07/01/23",59588
"Customer C-22321","SW-COMM-2YD","2022-04-10",12504
"Customer C-26598","SW-RO-40","01/10/2024",60072
"Customer C-31316","OLD-SVC-7","11-Feb-23",14427
"Customer C-44781","SW-COMM-2YD","11/23/2019",13669
"Customer C-16118","SW-FL-4YD","02/22/23",13177
"Customer C-20282","SW-RO-30","08/18/22",50113
"Customer C-26776","SW-RO-20","04-Dec-24",40755
"Customer C-43330","SW-RO-40","01/01/2019",60031
"Customer C-04354","SW-COMM-8","22-Nov-20",15370
"Customer C-28870","SW-RO-20","08/14/2023",43620
"Customer C-31327","SW-COMM-2","09/02/23",13511
"Customer C-10979","SW-RO-40YD","09/28/20",64819
"Customer C-10477","SW-ROLLOFF-40YD","2020-06-21",55070
"Customer C-06049","SW-COMM-6YD","07-Mar-24",17313
"Customer C-16028","SW-RES-1-BW","04/22/2019",10917
"Customer C-03730","SW-RO-20YD","04-Dec-20",44706
"Customer C-32304","OLD-SVC-7","2020-03-20",26473
"Customer C-15092","SW-COMM-6YD","11/27/20",12728
"Customer C-23923","SW-RO-10YD","05/10/2020",32425
"Customer C-44955","SW-RO-10YD","2019-08-05",25007
"Customer C-14431","SW-RO-10","2021-09-20",32755
"Customer C-04399","SW-RO-40","08/25/2020",58388
"Customer C-12380","SW-FL-6YD","10/17/2022",11122
"Customer C-27587","SW-COMM-4","03/06/2021",16443
"Customer C-36779","SW-FL-2YD","07/09/24",6912
"Customer C-08703","SW-RO-40","2021-08-13",60920
"Customer C-11550","SW-ROLLOFF-40YD","17-Jan-21",62752
"Customer C-16408","SW-RES-1-M","17-Jun-21",45139
"Customer C-37538","SW-RES-1-M","2023-10-02",54382
"Customer C-38708","SW-COMM-6YD","2019-11-25",11938
"Customer C-44309","SW-COMM-8","10/24/2020",17134
"Customer C-09213","SW-ROLLOFF-20YD","04/25/21",43597
"Customer C-35252","SW-COMM-6YD","05/05/2023",18160
"Customer C-33004","SW-ROLLOFF-40YD","07-Apr-23",55517
"Customer C-22579","SW-RES-1-W","08/14/2021",31182
"Customer C-38430","SW-RO-30YD","05-Feb-23",52664
"Customer C-02869","SW-ROLLOFF-10YD","2024-12-27",27870
"Customer C-39890","SW-COMM-4YD","01/22/2022",9211
"Customer C-30669","SW-RO-10YD","01-Jul-24",33557
"Customer C-21972","SW-RO-40","10/19/2024",63458
"Customer C-41629","SW-RO-20YD","06/12/2024",37862
"Customer C-23274","SW-ROLLOFF-10YD","05/06/2021",27654
"Customer C-23874","SW-ROLLOFF-20YD","10/05/2019",41976
"Customer C-09068","SW-RO-20","11/18/20",37264
"Customer C-05718","SW-RO-20YD","06/14/20",43016
"Customer C-06667","SW-RO-30YD","2019-03-11",48685
"Customer C-12490","SW-RO-40YD","06/08/21",62726
"Customer C-11079","SW-COMM-4YD","06/12/2024",15195
"Customer C-35880","SW-RO-40YD","09/07/2019",61884
"Customer C-26770","SW-RO-10YD","2024-07-15",25274
"Customer C-44220","SW-FL-6YD","09/07/2023",15954
"Customer C-42447","SW-COMM-4","13-Apr-19",13159
"Customer C-10570","SW-RO-20YD","05/26/2023",44771
"Customer C-34406","SW-COMM-4YD","06-Jan-24",12054
"Customer C-23468","SW-ROLLOFF-10YD","06/16/21",27190
"Customer C-00028","SW-ROLLOFF-10YD","11/07/2023",29482
"Customer C-27712","SW-FL-2YD","05-Nov-21",11496
"Customer C-31377","SW-COMM-2YD","16-Oct-22",9880
"Customer C-39785","SW-RO-40YD","12/20/2019",60178
"Customer C-10292","SW-RO-10YD","24-Jul-23",27060
"Customer C-42972","SW-COMM-4YD","06/10/2019",7967
"Customer C-17258","SW-ROLLOFF-20YD","10/07/2022",41419
"Customer C-15477","SW-ROLLOFF-40YD","03/10/2024",59951
"Customer C-24087","SW-COMM-4","11/07/2022",9706
"Customer C-24527","SW-RO-30YD","07/20/2023",48979
"Customer C-40112","SW-FL-4YD","06/15/19",13394
"Customer C-31173","SW-ROLLOFF-30YD","12/02/23",50911
"Customer C-32652","SW-FL-4YD","28-Jul-24",13636
"Customer C-35215","SW-RO-10","11/15/22",29190
"Customer C-19415","SW-FL-2YD","04/25/20",5041
"Customer C-14845","SW-FL-6YD","2019-02-19",11179
"Customer C-10105","SW-COMM-2","2022-04-24",8440
"Customer C-42047","SW-COMM-2","07-Feb-21",13968
"Customer C-15774","SW-RO-10","2021-04-27",26477
"Customer C-23923","SW-COMM-8","12/14/2019",18264
"Customer C-19328","SW-RO-10","04/06/20",34384
"Customer C-15673","SW-ROLLOFF-10YD","08/05/2022",26166
"Customer C-31671","SW-ROLLOFF-30YD","2022-06-25",46175
"Customer C-22290","SW-COMM-2YD","2024-04-06",9064
"Customer C-06243","SW-XX-99YD","08/02/2024",39791
"Customer C-09105","SW-COMM-6YD","05/23/19",14789
"Customer C-31325","LEGACY-CODE","2023-08-20",61478
"Customer C-27383","SW-ROLLOFF-30YD","07/22/23",46559
"Customer C-04469","SW-RO-40","12/20/2021",56584
"Customer C-11392","SW-COMM-8","28-Nov-20",20195
"Customer C-32389","SW-ROLLOFF-10YD","10/18/22",32451
"Customer C-11888","SW-COMM-8","05/03/2024",15103
"Customer C-18266","SW-ROLLOFF-20YD","2023-12-14",35853
"Customer C-01313","SW-COMM-8YD","18-Jan-19",13319
"Customer C-34604","SW-ROLLOFF-10YD","11-Sep-23",34783
"Customer C-11507","SW-RO-30","02/11/22",47982
"Customer C-12031","SW-RES-1-W","2023-07-19",34133
"Customer C-17341","SW-RO-20","2021-05-01",36688
"Customer C-37760","SW-RO-10","11/03/2021",29228
"Customer C-37157","SW-RO-10YD","05/28/20",26329
"Customer C-02381","SW-COMM-4","2019-11-14",14905
"Customer C-19262","SW-ROLLOFF-10YD","07/17/24",29711
"Customer C-42668","SW-RO-40","07/19/22",55632
"Customer C-27626","SW-RO-10","2023-03-04",29443
"Customer C-34677","SW-RO-30","01-Apr-19",54614
"Customer C-12498","SW-RES-1-W","04/03/19",8579
"Customer C-16539","SW-ROLLOFF-30YD","11/16/2019",54107
"Customer C-15178","SW-COMM-4","09/15/2020",11426
"Customer C-26528","SW-RO-30","03/01/21",47898
"Customer C-24139","SW-FL-2YD","04/22/24",9941
"Customer C-14927","SW-ROLLOFF-10YD","2024-05-12",29378
"Customer C-41597","SW-RO-20YD","2020-02-05",35123
"Customer C-42223","SW-COMM-8YD","2020-06-14",14845
"Customer C-42644","SW-COMM-4","19-Jan-22",16355
"Customer C-26651","SW-RO-30","10/02/2021",52222
"Customer C-24193","SW-COMM-8","09/08/21",15402
"Customer C-38231","SW-RO-10","06/07/2021",28450
"Customer C-17735","SW-RES-1-BW","08/25/2022",20814
"Customer C-23469","SW-RO-20","2020-03-12",44601
"Customer C-25026","SW-ROLLOFF-40YD","2021-04-28",62853
"Customer C-02814","SW-FL-6YD","01-Jan-21",11612
"Customer C-44592","SW-FL-4YD","05/22/22",12869
"Customer C-34629","SW-COMM-4YD","09/23/22",14358
"Customer C-30002","SW-COMM-4YD","10/15/24",12951
"Customer C-27528","SW-RO-30YD","02-Oct-19",46734
"Customer C-07036","SW-RO-20","16-Mar-21",35384
"Customer C-14282","SW-RO-40","10/06/2023",63672
"Customer C-42220","SW-RO-40","2022-01-16",58823
"Customer C-20024","SW-COMM-8","28-Jul-21",18539
"Customer C-24201","SW-RES-1-W","06/08/2019",60897
"Customer C-22368","SW-RO-40YD","23-Jan-19",59331
"Customer C-21577","SW-ROLLOFF-10YD","04/04/2024",26118
"Customer C-23259","SW-RO-40YD","18-May-20",61964
"Customer C-10852","SW-RO-40YD","10/05/2019",61050
"Customer C-17460","SW-FL-4YD","01/07/2024",9411
"Customer C-15148","SW-ROLLOFF-30YD","09/16/2021",48720
"Customer C-03700","SW-COMM-6","15-Apr-23",11836
"Customer C-13947","SW-RO-20YD","17-Mar-22",35286
"Customer C-44883","SW-COMM-2","27-Apr-23",4335
"Customer C-36097","SW-FL-6YD","2020-02-03",11023
"Customer C-35083","SW-RO-30YD","2024-12-15",54178
"Customer C-17525","SW-RES-1-BW","2020-02-10",41511
"Customer C-21109","SW-ROLLOFF-10YD","14-Mar-24",29444
"Customer C-00624","SW-COMM-4","03/17/19",7826
"Customer C-29510","SW-COMM-6","2022-03-07",12857
"Customer C-37728","NOPE-1","17-Jun-20",48157
"Customer C-42261","SW-COMM-8","2022-02-09",20486
"Customer C-40595","SW-COMM-4YD","08/04/2023",9690
"Customer C-17152","SW-RO-40YD","06/16/22",62390
"Customer C-00230","SW-RO-10","02/09/2022",25737
"Customer C-28438","SW-ROLLOFF-20YD","06-Oct-20",41651
"Customer C-13548","SW-RO-20","08/14/2019",42059
"Customer C-38229","SW-RES-1-W","03-Jan-19",38300
"Customer C-18057","SW-COMM-6YD","09/26/2020",18501
"Customer C-28091","SW-RO-30","03/17/24",53310
"Customer C-21480","OLD-SVC-7","11/17/2024",12062
"Customer C-33649","SW-RES-1-W","2023-12-16",21082
"Customer C-08202","SW-FL-8YD","01/15/24",22470
"Customer C-00450","SW-FL-6YD","2019-11-08",10279
"Customer C-00158","SW-COMM-4YD","05/18/2024",15864
"Customer C-11869","SW-COMM-4YD","07-Oct-22",11057
"Customer C-23576","SW-ROLLOFF-30YD","05/03/2019",54699
"Customer C-43413","SW-RO-30YD","2023-06-02",52531
"Customer C-39153","SW-COMM-XX","28-Jan-23",9226
"Customer C-15477","SW-FL-6YD","27-Nov-21",11447
"Customer C-01302","SW-COMM-6YD","10/04/19",14495
"Customer C-23566","SW-COMM-4YD","08/03/2023",15441
"Customer C-10150","SW-COMM-8YD","06/01/2022",19472
"Customer C-28208","SW-RO-10YD","2020-10-22",34208
"Customer C-10831","SW-ROLLOFF-20YD","09/16/23",35251
"Customer C-31279","SW-ROLLOFF-20YD","12/20/2020",44279
"Customer C-38196","SW-RO-10YD","11/05/2024",31881
"Customer C-36600","SW-RO-10","04/01/20",29531
"Customer C-11172","SW-RO-10","01/16/23",29239
"Customer C-36965","SW-COMM-8YD","10-May-20",13083
"Customer C-34890","SW-COMM-8","06/26/2019",15110
"Customer C-31517","SW-COMM-8YD","02/01/2023",13975
"Customer C-24835","SW-RO-30YD","04/28/2023",51545
"Customer C-18941","SW-COMM-4YD","06/25/24",10261
"Customer C-15517","SW-ROLLOFF-20YD","03/07/2021",35371
"Customer C-13010","SW-COMM-4YD","11/07/2023",7764
"Customer C-44699","SW-ROLLOFF-10YD","2019-06-23",32538
"Customer C-19834","SW-RO-30YD","2021-04-02",46776
"Customer C-24478","SW-RO-40YD","07/24/22",55308
"Customer C-34341","SW-RO-30YD","12/05/2021",51307
"Customer C-43135","SW-FL-6YD","08/04/2021",12100
"Customer C-13872","SW-ROLLOFF-10YD","03/04/23",32859
"Customer C-10306","SW-COMM-8YD","04/10/2019",14611
"Customer C-35977","SW-ROLLOFF-40YD","2023-04-09",64106
"Customer C-03937","SW-ROLLOFF-10YD","10/22/2020",30935
"Customer C-19345","SW-FL-2YD","06/03/20",6437
"Customer C-43297","SW-RO-40YD","2021-09-03",57389
"Customer C-05680","SW-RO-30YD","2023-09-20",53684
"Customer C-19392","SW-RES-1-W","07/16/2022",62849
"Customer C-02099","SW-FL-4YD","2022-12-19",9323
"Customer C-40827","SW-COMM-8YD","18-Apr-22",16950
"Customer C-16082","SW-COMM-2YD","2024-03-02",9536
"Customer C-24947","SW-FL-8YD","2023-08-20",20169
"Customer C-25288","SW-RO-20","25-Mar-24",39100
"Customer C-42553","SW-COMM-2YD","07-Jul-21",11332
"Customer C-32384","SW-RO-10YD","07/10/2022",27303
"Customer C-31223","SW-RO-30","12/14/2019",54900
"Customer C-38154","SW-RO-10","11-Jun-23",28523
"Customer C-44414","SW-RO-10","05/22/23",30893
"Customer C-19441","SW-RO-20YD","15-May-22",43948
"Customer C-34963","SW-COMM-XX","04-Jun-23",13399
"Customer C-06268","SW-COMM-4","08/22/2024",11694
"Customer C-32565","SW-RO-20","07/17/2023",36068
"Customer C-07512","SW-RES-1-M","05/23/2020",55424
"Customer C-29923","SW-COMM-8YD","05/16/20",17421
"Customer C-06092","SW-RO-20YD","09/24/22",44069
"Customer C-40170","SW-COMM-2","02/24/21",10037
"Customer C-30348","SW-FL-2YD","07/06/23",6796
"Customer C-14745","SW-COMM-8","10/23/2019",18420
"Customer C-35056","SW-RO-30YD","11/14/2022",52734
"Customer C-18919","SW-COMM-8YD","10-Jul-24",19409
"Customer C-30464","SW-RES-1-BW","04/15/2022",43741
"Customer C-02183","SW-RO-10","08/19/2022",33092
"Customer C-09553","SW-ROLLOFF-40YD","08/25/2024",63973
"Customer C-29807","SW-ROLLOFF-40YD","28-Feb-22",58421
"Customer C-23696","SW-COMM-4","06/03/2019",12606
"Customer C-05717","SW-FL-8YD","04/10/22",18426
"Customer C-28733","SW-RO-10YD","2023-09-13",27111
"Customer C-30381","SW-COMM-6YD","2019-07-07",15174
"Customer C-24564","SW-COMM-4YD","12/10/22",15338
"Customer C-13195","SW-ROLLOFF-40YD","01/23/21",62610
"Customer C-04646","SW-ROLLOFF-10YD","07/21/19",25391
"Customer C-08727","SW-ROLLOFF-40YD","12/13/20",57105
"Customer C-27563","SW-FL-6YD","28-Jun-19",17393
"Customer C-27665","SW-ROLLOFF-20YD","03-Apr-23",38221
"Customer C-15560","SW-FL-6YD","2020-01-16",19013
"Customer C-04655","SW-RES-1-W","2019-02-19",47196
"Customer C-29179","SW-RO-10YD","10/28/24",28539
"Customer C-30423","SW-RO-10YD","04/18/21",33545
"Customer C-21606","SW-ROLLOFF-10YD","2021-06-08",26222
"Customer C-43134","SW-FL-8YD","2020-02-16",21838
"Customer C-40319","SW-COMM-4","10/06/2022",9316
"Customer C-02151","SW-RO-30YD","27-Sep-24",50360
"Customer C-14652","SW-COMM-6YD","26-Jun-21",13635
"Customer C-08046","LEGACY-CODE","02/16/21",46864
"Customer C-35635","SW-COMM-6YD","12/11/2021",19304
"Customer C-43065","SW-ROLLOFF-20YD","11/04/2019",37103
"Customer C-20346","LEGACY-CODE","07/06/2024",43901
"Customer C-24328","SW-FL-4YD","05/19/2021",11654
"Customer C-11668","SW-FL-4YD","05/20/23",8080
"Customer C-39592","SW-RO-20","21-Apr-20",40655
"Customer C-12316","SW-RO-10YD","08/28/20",28155
"Customer C-28601","SW-ROLLOFF-10YD","2022-03-16",34701
"Customer C-10622","SW-RO-40YD","02/11/2021",59121
"Customer C-04231","SW-RO-20","14-Jan-20",43772
"Customer C-15169","SW-COMM-6","27-Feb-22",17976
"Customer C-33757","SW-COMM-4YD","2019-04-14",12045
"Customer C-32625","SW-FL-2YD","08/17/21",5667
"Customer C-24823","SW-COMM-4YD","2019-05-08",11232
"Customer C-05812","SW-FL-6YD","28-Oct-20",16798
"Customer C-20569","SW-COMM-6YD","2021-11-24",10717
"Customer C-35809","SW-COMM-6YD","03/26/20",16259
"Customer C-35084","SW-RO-20","05/10/2023",40981
"Customer C-09540","SW-RO-40","14-Jun-23",61610
"Customer C-12210","SW-COMM-8YD","2021-09-18",15971
"Customer C-14534","SW-ROLLOFF-20YD","2020-02-15",36341
"Customer C-31642","SW-RO-10YD","02-Dec-24",28503
"Customer C-07114","SW-COMM-4","12/05/20",8603
"Customer C-44701","SW-FL-2YD","06/25/19",8644
"Customer C-36594","SW-ROLLOFF-20YD","2021-09-04",41978
"Customer C-05752","SW-COMM-2YD","06/08/2021",4251
"Customer C-38917","SW-RO-20","11/14/22",40265
"Customer C-10039","SW-RO-10","12/10/23",29817
"Customer C-11693","SW-COMM-6","20-Feb-20",11341
"Customer C-30689","SW-RO-10","03/16/2019",34056
"Customer C-40765","SW-FL-8YD","11/12/2021",20035
"Customer C-01522","SW-RES-1-M","2021-07-25",61328
"Customer C-12504","SW-RO-40YD","21-May-24",60208
"Customer C-16713","SW-FL-4YD","06/12/20",9275
"Customer C-13573","SW-RO-20YD","12/02/20",40852
"Customer C-01417","NOPE-1","08/19/2020",11190
"Customer C-02916","SW-FL-2YD","2019-09-07",4523
"Customer C-04337","SW-FL-6YD","08/23/19",12233
"Customer C-05911","SW-FL-4YD","18-Nov-23",16059
"Customer C-37125","SW-COMM-8","2020-01-27",14438
"Customer C-31603","SW-FL-4YD","2020-01-28",15377
"Customer C-07224","SW-RO-20YD","09/05/2023",42249
"Customer C-38375","SW-RO-30YD","2023-09-26",54408
"Customer C-00840","SW-COMM-4","05/01/2023",12804
"Customer C-21734","SW-FL-2YD","04/02/2022",8779
"Customer C-35661","SW-COMM-8YD","02/05/2023",19593
"Customer C-25521","SW-COMM-6","2022-03-07",11812
"Customer C-01670","SW-FL-6YD","08/26/19",12903
"Customer C-40557","SW-ROLLOFF-30YD","10/08/2024",52047
"Customer C-07232","SW-COMM-2YD","2019-11-19",4254
"Customer C-15385","SW-ROLLOFF-10YD","12/01/2019",29289
"Customer C-09552","SW-COMM-2","02/02/2019",9490
"Customer C-21843","SW-COMM-6","02-Nov-23",14359
"Customer C-02207","SW-ROLLOFF-40YD","2020-11-01",56087
"Customer C-24524","SW-COMM-2","03/24/2020",9322
"Customer C-12256","SW-COMM-8","07/26/2023",15230
"Customer C-16298","SW-ROLLOFF-30YD","10/08/22",54043
"Customer C-35918","SW-FL-6YD","05/26/2020",13825
"Customer C-02132","SW-RES-1-BW","07/10/20",46603
"Customer C-30694","SW-COMM-8YD","2022-03-08",17139
"Customer C-18122","SW-COMM-8YD","04/09/2020",20828
"Customer C-30451","SW-FL-2YD","10/16/2021",13163
"Customer C-33334","SW-RO-10YD","2022-04-21",34048
"Customer C-20957","SW-COMM-4YD","08/18/2022",13741
"Customer C-11064","SW-COMM-2YD","09/15/2023",4971
"Customer C-25773","SW-RO-20","02/08/2024",44932
"Customer C-20862","SW-RO-30","12/17/2024",46635
"Customer C-13508","SW-FL-4YD","04-Jun-24",14442
"Customer C-02582","SW-RO-20YD","2024-06-27",37407
"Customer C-31978","SW-RO-10","08/08/2020",25919
"Customer C-34432","SW-COMM-6YD","08/25/2021",18761
"Customer C-30253","SW-RO-30","02/21/2022",46260
"Customer C-17760","SW-RES-1-W","21-Jun-22",56690
"Customer C-43509","SW-FL-2YD","07/23/2022",7839
"Customer C-20379","SW-FL-2YD","04/05/19",12617
"Customer C-21183","SW-FL-8YD","08/01/2024",19174
"Customer C-24436","SW-RO-20YD","10/04/19",44357
"Customer C-43256","SW-RO-30","06/11/2020",47097
"Customer C-44478","SW-FL-8YD","02/17/2019",14155
"Customer C-30279","SW-COMM-8","03/22/2019",15185
"Customer C-09551","SW-COMM-8YD","01/18/2023",13262
"Customer C-31923","SW-RO-30","17-Feb-19",46633
"Customer C-29602","SW-COMM-6","04/17/2022",17430
"Customer C-31878","SW-RO-40","09/13/24",63069
"Customer C-39298","SW-RO-10","16-Sep-22",29456
"Customer C-41508","SW-COMM-6YD","05/19/2020",14940
"Customer C-20615","SW-RO-20YD","2020-08-02",43896
"Customer C-01242","SW-RO-30","2020-05-04",48891
"Customer C-26902","SW-FL-4YD","01/05/2021",13393
"Customer C-23605","SW-RO-40YD","2024-10-09",57424
"Customer C-38874","SW-RO-40YD","01/17/2022",56566
"Customer C-41159","SW-FL-8YD","04-Sep-21",22111
"Customer C-36701","SW-FL-6YD","06/27/2024",12803
"Customer C-14476","SW-COMM-8","09/20/23",16379
"Customer C-18815","SW-RO-40","10-Sep-21",58291
"Customer C-30199","SW-COMM-8","12/10/2023",21960
"Customer C-36690","SW-ROLLOFF-10YD","06/10/2020",28202
"Customer C-08177","SW-FL-6YD","2022-07-24",17886
"Customer C-37812","SW-COMM-8","2023-06-07",22711
"Customer C-22362","SW-ROLLOFF-20YD","11/27/2023",41974
"Customer C-03625","SW-RES-1-W","17-Nov-24",62886
"Customer C-02858","SW-RO-20","2021-06-02",43503
"Customer C-27294","SW-RES-1-W","09/27/2024",51480
"Customer C-10282","SW-FL-6YD","03-May-21",12601
"Customer C-07954","SW-ROLLOFF-10YD","07/09/2024",34026
"Customer C-00527","SW-COMM-4","16-Dec-23",7590
"Customer C-23919","SW-COMM-4YD","2020-10-10",10785
"Customer C-28044","SW-RES-1-M","24-Aug-19",26559
"Customer C-12403","SW-RO-40","02-Jul-20",61236
"Customer C-03892","LEGACY-CODE","03/15/2021",8612
"Customer C-06545","SW-RO-20YD","2021-02-24",41480
"Customer C-12035","SW-XX-99YD","12/23/23",47026
"Customer C-32252","SW-ROLLOFF-30YD","2022-09-06",53808
"Customer C-14738","SW-RO-20","2024-08-12",43499
"Customer C-24514","SW-RES-1-W","06/04/2022",13089
"Customer C-10288","SW-ROLLOFF-30YD","09/13/24",45982
"Customer C-21604","SW-FL-6YD","03-Jan-19",14334
"Customer C-08672","SW-ROLLOFF-40YD","2022-11-24",58188
"Customer C-01436","SW-FL-6YD","07/21/22",16525
"Customer C-15567","SW-FL-8YD","01/17/2020",16075
"Customer C-38656","SW-RO-30","19-Mar-19",45829
"Customer C-19034","SW-FL-8YD","09/23/2020",19598
"Customer C-01171","OLD-SVC-7","11/11/22",8235
"Customer C-23600","SW-RO-30","09-Dec-21",49303
"Customer C-30825","SW-COMM-2YD","13-Dec-19",4106
"Customer C-20118","SW-ROLLOFF-30YD","12/07/2020",53146
"Customer C-02649","SW-FL-2YD","07-Dec-24",4219
"Customer C-40744","SW-RO-10","2021-10-13",32149
"Customer C-26599","SW-ROLLOFF-10YD","06/03/2019",28023
"Customer C-07939","SW-COMM-8","11-Apr-20",21477
"Customer C-21992","SW-ROLLOFF-40YD","06/04/24",57446
"Customer C-28160","SW-RO-20","11/06/2024",35695
"Customer C-37033","SW-RO-30","10/01/22",46131
"Customer C-05426","SW-RO-20YD","2021-02-08",36028
"Customer C-40634","SW-FL-6YD","2023-11-03",18452
"Customer C-32951","SW-RO-40YD","04/07/2021",64243
"Customer C-40900","SW-RO-10YD","2023-12-21",28011
"Customer C-13995","SW-RO-30YD","02/21/2020",51930
"Customer C-01373","SW-RO-20YD","2019-12-04",42145
"Customer C-08963","SW-FL-4YD","03/07/2022",9638
"Customer C-17938","SW-ROLLOFF-10YD","11/25/20",33763
"Customer C-15307","SW-RO-30","2023-08-26",47060
"Customer C-12561","SW-ROLLOFF-20YD","06/10/2020",40597
"Customer C-16719","SW-FL-2YD","2023-01-13",8705
"Customer C-25760","SW-RES-1-W","09/12/24",7272
"Customer C-13290","SW-RO-10YD","06/01/2021",31158
"Customer C-39557","SW-RO-40YD","2022-08-19",62988
"Customer C-00071","SW-COMM-4","2019-11-24",15699
"Customer C-20916","SW-ROLLOFF-30YD","2023-12-09",54343
"Customer C-38999","SW-RO-20YD","09/16/2019",44192
"Customer C-07124","SW-COMM-8","12/02/22",22890
"Customer C-24946","SW-RO-40","2019-10-08",55715
"Customer C-38652","SW-COMM-8YD","07-Apr-19",16353
"Customer C-03424","SW-RO-20","09/05/21",42076
"Customer C-18065","SW-FL-8YD","08/27/23",22980
"Customer C-38797","SW-ROLLOFF-10YD","2021-07-12",30527
"Customer C-11909","SW-RO-30YD","02/24/20",50329
"Customer C-41172","SW-FL-4YD","14-Dec-22",9337
"Customer C-10061","SW-COMM-6YD","2024-01-24",16467
"Customer C-04274","NOPE-1","11/11/22",48652
"Customer C-41540","SW-RES-1-W","07/26/24",8787
"Customer C-31529","SW-RO-30YD","14-Feb-20",46607
"Customer C-04367","SW-FL-2YD","06/19/23",4102
"Customer C-35208","SW-RO-30","08/14/2023",45241
"Customer C-17187","SW-ROLLOFF-20YD","09/14/2021",42429
"Customer C-06776","SW-RO-30","01/22/2022",49908
"Customer C-02721","SW-RO-20YD","2023-07-16",35895
"Customer C-26088","SW-COMM-2","13-Oct-20",4478
"Customer C-03740","SW-COMM-2","12-Jul-20",8709
"Customer C-32347","SW-COMM-8YD","02/20/2019",14952
"Customer C-42037","SW-FL-4YD","06/01/23",16032
"Customer C-42381","SW-RES-1-M","06/01/2021",31398
"Customer C-32293","SW-COMM-4YD","07-Aug-20",9208
"Customer C-09309","SW-COMM-4","20-Mar-23",10787
"Customer C-23510","SW-RO-20","08-Nov-21",40998
"Customer C-35017","SW-COMM-8","28-Sep-23",17365
"Customer C-07516","SW-RO-30YD","10/19/2023",49892
"Customer C-27849","SW-RO-30","12/25/2022",53342
"Customer C-33570","SW-FL-6YD","11/10/21",18851
"Customer C-27535","SW-RO-30","10/28/19",54661
"Customer C-31180","SW-RO-40YD","2022-05-12",61172
"Customer C-40078","OLD-SVC-7","2021-06-28",32476
"Customer C-22260","SW-ROLLOFF-30YD","2023-01-08",45810
"Customer C-13913","SW-RO-10","05/03/2024",28980
"Customer C-33391","SW-RO-10","03/17/2022",29620
"Customer C-41301","SW-RO-40","2023-11-01",56229
"Customer C-38493","SW-RO-20YD","03/08/2024",39544
"Customer C-23172","SW-FL-4YD","15-May-22",15129
"Customer C-21812","SW-ROLLOFF-40YD","2024-11-07",58852
"Customer C-34348","SW-COMM-6","06/27/23",12206
"Customer C-23819","SW-FL-4YD","2023-05-12",16118
"Customer C-39883","SW-COMM-6YD","2020-06-07",13343
"Customer C-13050","SW-ROLLOFF-40YD","2021-09-07",59029
"Customer C-32804","SW-FL-4YD","18-Jun-21",16345
"Customer C-25782","SW-RO-20","05/10/20",44819
"Customer C-36705","SW-FL-4YD","05/12/21",15082
"Customer C-26247","OLD-SVC-7","11-Feb-19",42903
"Customer C-17168","SW-RO-10YD","09/01/23",26542
"Customer C-20290","SW-ROLLOFF-40YD","04/05/2020",57609
"Customer C-25490","SW-RO-20","2022-10-01",39157
"Customer C-09574","SW-RES-1-W","2024-08-15",18129
"Customer C-26497","SW-COMM-8","2023-11-22",14191
"Customer C-11770","SW-FL-8YD","03/19/2020",14944
"Customer C-34115","SW-RES-1-M","07-Dec-24",22126
"Customer C-16607","LEGACY-CODE","02/05/2024",12118
"Customer C-20050","SW-ROLLOFF-30YD","04/27/2021",47530
"Customer C-44770","SW-RES-1-BW","05/16/2021",31180
"Customer C-24414","SW-RO-30","04/16/2022",50314
"Customer C-32329","SW-RO-10","04-Nov-19",28887
"Customer C-32104","SW-RO-20","07/21/2022",35952
"Customer C-26631","SW-FL-8YD","01/02/24",22384
"Customer C-08376","SW-RO-10","11/20/2019",34422
"Customer C-16653","SW-RO-40YD","2020-09-02",57214
"Customer C-01190","SW-FL-2YD","2024-11-12",5997
"Customer C-14719","SW-COMM-6YD","03/08/21",14146
"Customer C-34196","SW-FL-6YD","04/17/19",10168
"Customer C-26102","SW-RO-10","2021-10-04",28672
"Customer C-38229","SW-COMM-6YD","2023-03-07",14044
"Customer C-25737","SW-RES-1-M","08/24/2020",28491
"Customer C-39656","SW-RO-30YD","01/23/24",50863
"Customer C-38992","SW-RO-30","2023-04-20",52335
"Customer C-36912","SW-FL-8YD","17-Dec-21",14868
"Customer C-38067","SW-FL-8YD","01/21/2024",22528
"Customer C-19925","SW-COMM-8","2020-04-12",14604
"Customer C-14260","SW-RO-20YD","03/03/2020",37297
"Customer C-36660","SW-RO-30YD","12/14/2019",54619
"Customer C-14330","SW-COMM-4YD","06/17/2020",7264
"Customer C-23908","SW-RO-20","06/13/24",42046
"Customer C-44847","SW-RO-10","02/23/2020",28589
"Customer C-03521","SW-RO-20YD","01/08/2019",36032
"Customer C-24928","SW-COMM-2","07/04/2019",5193
"Customer C-23989","SW-RO-10YD","02/26/23",30171
"Customer C-12664","SW-RO-20YD","06/07/20",43933
"Customer C-07134","SW-RO-20YD","11/13/2024",40732
"Customer C-19234","SW-COMM-6YD","04/10/2022",10312
"Customer C-08781","SW-FL-2YD","03-May-24",11267
"Customer C-26435","SW-RES-1-M","12/19/2022",56822
"Customer C-37933","SW-FL-4YD","09/27/22",12147
"Customer C-17103","SW-RO-40YD","08/16/23",61923
"Customer C-24129","SW-ROLLOFF-10YD","02/10/23",34485
"Customer C-08354","SW-ROLLOFF-10YD","10/13/2021",26336
"Customer C-08459","SW-RO-20YD","22-May-23",35095
"Customer C-03935","SW-FL-2YD","07/11/2020",12592
"Customer C-02119","SW-RO-40","2024-02-27",60936
"Customer C-19169","SW-RES-1-BW","03/28/2022",33891
"Customer C-04362","SW-RO-40YD","07/16/2021",55244
"Customer C-10732","SW-RO-10","05/15/19",32518
"Customer C-38622","SW-ROLLOFF-30YD","05/19/2019",48809
"Customer C-26268","SW-ROLLOFF-40YD","07/16/23",55074
"Customer C-06971","SW-COMM-4","2022-09-08",10819
"Customer C-19627","SW-ROLLOFF-30YD","08/23/20",53392
"Customer C-14655","SW-COMM-6","03/28/2024",12717
"Customer C-19425","SW-COMM-2","2022-04-21",12084
"Customer C-16234","SW-COMM-6YD","2020-08-13",16269
"Customer C-10529","SW-RO-10","05/16/24",28418
"Customer C-07288","SW-XX-99YD","01/01/22",45216
"Customer C-31051","SW-RO-20","04/04/2023",35511
"Customer C-42211","SW-COMM-8YD","03-Mar-20",18876
"Customer C-03972","SW-FL-6YD","25-Feb-20",15462
"Customer C-41709","SW-RO-40","11-Nov-19",62557
"Customer C-00420","SW-COMM-6YD","02-Aug-21",12436
"Customer C-27513","SW-COMM-8","07/04/21",13299
"Customer C-33379","SW-COMM-4YD","04/01/2019",14973
"Customer C-23169","SW-RES-1-BW","03/24/2022",12439
"Customer C-00820","SW-FL-4YD","2022-05-09",12493
"Customer C-12614","SW-RES-1-M","11/11/2022",58673
"Customer C-38425","SW-RO-20YD","12/13/2021",40469
"Customer C-34102","SW-RO-30YD","2019-03-27",46788
"Customer C-14397","NOPE-1","2023-08-27",18764
"Customer C-16478","SW-RO-10","2023-08-11",30532
"Customer C-26543","SW-COMM-6","04/11/2023",12631
"Customer C-40239","SW-RES-1-M","2023-03-08",33135
"Customer C-16248","SW-FL-4YD","2023-03-28",9227
"Customer C-21796","SW-RES-1-BW","2023-01-23",31180
"Customer C-11363","SW-COMM-8","07/03/22",21439
"Customer C-10627","SW-COMM-8YD","06/24/2020",14855
"Customer C-42347","SW-RO-40YD","11-Mar-20",57169
"Customer C-21646","SW-FL-6YD","11/20/24",11595
"Customer C-15318","SW-RO-20","20-Dec-21",36888
"Customer C-02786","SW-ROLLOFF-40YD","06/07/2024",63728
"Customer C-07402","SW-ROLLOFF-40YD","09/28/2023",59995
"Customer C-28168","SW-COMM-4","08/09/2024",10333
"Customer C-15943","LEGACY-CODE","02-Apr-19",44655
"Customer C-14043","SW-RO-40","2019-07-27",63866
"Customer C-23162","SW-RO-40","09/11/2020",64942
"Customer C-20719","SW-COMM-4","25-Sep-22",14840
"Customer C-27602","SW-RO-30YD","2020-04-13",51382
"Customer C-13331","SW-COMM-8YD","05/05/2024",16705
"Customer C-40992","SW-ROLLOFF-40YD","2020-02-09",64674
"Customer C-12663","SW-COMM-2","04/27/2024",13066
"Customer C-24233","SW-RO-40","06/16/21",57899
"Customer C-05622","SW-COMM-8YD","2019-02-17",22724
"Customer C-36562","SW-RES-1-M","12/25/20",42776
"Customer C-42277","SW-COMM-2","03-Apr-24",12394
"Customer C-17469","SW-COMM-6YD","2024-07-24",19452
"Customer C-13814","SW-FL-4YD","14-Sep-24",7368
"Customer C-28180","SW-RO-20","02/08/19",38416
"Customer C-29392","SW-RO-30","03/28/2023",47571
"Customer C-24949","SW-RO-10YD","03/09/22",28502
"Customer C-27763","SW-RES-1-M","17-Feb-24",26161
"Customer C-31086","SW-ROLLOFF-40YD","06/08/2024",62954
"Customer C-01062","SW-FL-6YD","04/13/2023",12885
"Customer C-27846","SW-COMM-6YD","09/10/20",19231
"Customer C-06677","SW-COMM-2YD","2020-12-08",11114
"Customer C-41235","SW-COMM-6YD","08/10/2019",16706
"Customer C-44403","SW-RO-30YD","27-Feb-23",50062
"Customer C-26729","SW-RO-20YD","04-Sep-21",44112
"Customer C-05204","SW-RO-40","12/25/23",55855
"Customer C-26437","SW-COMM-XX","2020-07-14",63497
"Customer C-22993","SW-COMM-6YD","2022-06-22",11163
"Customer C-01595","SW-ROLLOFF-20YD","03/24/2019",43013
"Customer C-16377","SW-RO-10","2024-10-13",26621
"Customer C-05813","SW-FL-4YD","16-Dec-22",8813
"Customer C-39362","SW-ROLLOFF-20YD","12/22/2020",42582
"Customer C-03386","SW-FL-6YD","2021-01-09",16704
"Customer C-03088","SW-COMM-2","05/07/2023",13422
"Customer C-00822","SW-RO-20","02/09/2024",36191
"Customer C-43627","SW-COMM-6","21-Jan-22",12228
"Customer C-08047","SW-RO-20YD","2020-11-03",39623
"Customer C-10601","LEGACY-CODE","09/22/2024",52227
"Customer C-44647","SW-COMM-6YD","13-Feb-19",11568
"Customer C-23490","SW-RO-20","03/05/2021",35969
"Customer C-03041","SW-FL-6YD","09/18/2021",10916
"Customer C-32365","SW-COMM-8YD","12/09/2021",18376
"Customer C-39782","SW-COMM-4","06/08/24",9262
"Customer C-05222","SW-RO-10YD","10/20/2022",26687
"Customer C-27443","SW-RO-20","14-Jan-23",37077
"Customer C-28032","SW-RO-20YD","28-Jan-22",42292
"Customer C-03401","SW-RO-40YD","2020-07-10",57140
"Customer C-13872","SW-ROLLOFF-40YD","12/18/2019",57391
"Customer C-16152","SW-COMM-4","2019-05-06",7169
"Customer C-39750","OLD-SVC-7","02/01/19",62904
"Customer C-10042","SW-ROLLOFF-10YD","2019-10-24",26465
"Customer C-10593","SW-XX-99YD","2022-03-12",43687
"Customer C-25105","SW-RO-30","05/09/2023",48866
"Customer C-13679","SW-RO-30","10/05/2020",50923
"Customer C-26359","SW-FL-8YD","2021-08-05",22002
"Customer C-06497","SW-RES-1-BW","10/15/2024",4007
"Customer C-14126","SW-RO-20YD","2021-04-16",37635
"Customer C-02244","SW-ROLLOFF-40YD","2019-11-01",62831
"Customer C-30306","SW-RO-20","18-Jan-20",36514
"Customer C-39700","SW-COMM-2","14-Aug-19",12642
"Customer C-26088","OLD-SVC-7","02/07/2019",58736
"Customer C-15496","SW-RO-30","2019-05-13",45831
"Customer C-38077","SW-COMM-4YD","2022-06-14",11022
"Customer C-21340","SW-RO-30","05/07/2022",52044
"Customer C-44963","SW-COMM-2YD","02/03/2019",4579
"Customer C-38047","SW-COMM-8","02/10/2020",17723
"Customer C-41513","SW-RO-30YD","12/04/2023",47813
"Customer C-02414","SW-ROLLOFF-40YD","20-Jan-19",63017
"Customer C-44191","SW-COMM-6YD","10-Feb-24",14033
"Customer C-24785","SW-ROLLOFF-10YD","10/21/19",31302
"Customer C-19589","SW-ROLLOFF-10YD","09/10/2024",27989
"Customer C-15587","SW-COMM-8","2024-01-13",22471
"Customer C-13343","SW-RO-30","05/22/24",52435
"Customer C-17679","SW-FL-6YD","02/02/19",12832
"Customer C-33483","SW-RO-40YD","03/15/2019",61554
"Customer C-19623","SW-ROLLOFF-10YD","2019-09-24",33154
"Customer C-25695","SW-RO-20YD","11/24/22",38927
"Customer C-39818","SW-RO-10","11-Jul-19",25907
"Customer C-31829","SW-RO-40YD","18-Dec-24",63721
"Customer C-26875","SW-FL-6YD","2024-10-28",19580
"Customer C-32287","SW-RO-40","04/04/2023",59077
"Customer C-03299","SW-RO-20","05/13/2024",41832
"Customer C-09127","SW-COMM-6YD","18-Feb-19",12780
"Customer C-33340","SW-RES-1-M","2023-10-04",26312
"Customer C-04710","SW-COMM-8","03/08/21",19036
"Customer C-24460","SW-RO-30","05/25/21",46575
"Customer C-17655","SW-FL-4YD","12/28/21",14664
"Customer C-17013","SW-COMM-2","07-Dec-21",6118
"Customer C-28828","SW-RO-20","10/04/2019",40550
"Customer C-34084","SW-ROLLOFF-30YD","2024-07-10",47832
"Customer C-12994","SW-ROLLOFF-40YD","2022-07-01",63050
"Customer C-35605","SW-RO-30","02/13/2021",46957
"Customer C-11283","SW-RO-40","09/02/22",56723
"Customer C-42946","SW-RO-20YD","2021-12-06",39258
"Customer C-33768","SW-COMM-4YD","28-Jan-19",9013
"Customer C-00266","SW-COMM-2","01-Jul-22",5076
"Customer C-32447","SW-RO-40YD","13-Jan-19",63106
"Customer C-17717","SW-COMM-4YD","12/03/2024",9380
"Customer C-13977","SW-FL-8YD","04/03/2020",13101
"Customer C-40242","SW-RO-10YD","08-Dec-19",32879
"Customer C-06583","SW-COMM-2YD","06/27/2020",13054
"Customer C-01352","SW-FL-8YD","12/06/23",22195
"Customer C-08417","SW-RES-1-W","2019-03-05",15743
"Customer C-21878","SW-FL-8YD","03/28/22",16198
"Customer C-38032","NOPE-1","03/25/2024",38104
"Customer C-16072","SW-RO-20YD","09/12/21",37904
"Customer C-26501","SW-ROLLOFF-40YD","12/05/2024",64692
"Customer C-42799","SW-RO-40YD","05/26/2023",56811
"Customer C-39433","SW-COMM-4YD","03-Apr-23",11354
"Customer C-09282","SW-RO-20","08/01/22",41820
"Customer C-33278","SW-ROLLOFF-40YD","12/25/20",62106
"Customer C-18086","SW-RO-40","11-Feb-23",62773
"Customer C-22003","SW-RO-10","26-Sep-21",31434
"Customer C-44387","SW-COMM-2","05/27/2023",13983
"Customer C-25980","SW-RO-20YD","09/24/2023",41984
"Customer C-09522","SW-COMM-2YD","2022-03-12",11717
"Customer C-25336","SW-ROLLOFF-30YD","09/01/2022",53559
"Customer C-36190","SW-RO-20YD","2020-05-20",41667
"Customer C-07953","SW-FL-2YD","04/01/19",10839
"Customer C-28666","SW-COMM-8","2021-03-02",18101
"Customer C-38191","SW-COMM-XX","04/17/2021",16746
"Customer C-07346","SW-ROLLOFF-30YD","11/07/21",46492
"Customer C-20407","SW-FL-8YD","2024-05-25",22011
"Customer C-27417","SW-ROLLOFF-30YD","04/02/24",48784
"Customer C-40251","SW-ROLLOFF-30YD","20-Aug-24",47051
"Customer C-25187","SW-RO-40","05/19/2022",58912
"Customer C-11927","SW-COMM-4YD","06/21/2020",8417
"Customer C-40968","SW-COMM-2","2024-11-25",13867
"Customer C-30329","SW-RO-40YD","2023-08-20",63329
"Customer C-30403","SW-FL-6YD","2020-10-07",12018
"Customer C-09138","SW-FL-2YD","02/20/2021",8332
"Customer C-00769","SW-FL-4YD","07/03/2023",9880
"Customer C-36564","SW-ROLLOFF-10YD","08/13/22",28197
"Customer C-32566","SW-COMM-4YD","05/25/2023",7400
"Customer C-29989","SW-RO-10","03-Aug-21",28403
"Customer C-30907","SW-RES-1-M","06-Dec-21",50732
"Customer C-24294","SW-ROLLOFF-20YD","2023-05-07",38656
"Customer C-07993","SW-RO-30","2022-09-04",45440
"Customer C-10602","SW-COMM-6","09-Nov-23",18059
"Customer C-34299","SW-COMM-4YD","05-Nov-22",9109
"Customer C-42411","SW-RO-30","11/10/21",52993
"Customer C-21315","SW-COMM-6","26-Aug-24",17644
"Customer C-32667","SW-FL-6YD","05/09/2024",11227
"Customer C-37750","LEGACY-CODE","11/16/23",55909
"Customer C-29949","SW-RO-20YD","12/09/24",43166
"Customer C-01215","SW-RES-1-M","01/11/2023",28307
"Customer C-44971","SW-RES-1-W","2023-12-19",10500
"Customer C-25772","SW-COMM-6YD","06-Feb-24",13089
"Customer C-07851","SW-RO-40YD","16-Jul-24",59397
"Customer C-41265","SW-ROLLOFF-10YD","03/16/2023",25554
"Customer C-23731","SW-RO-40","11/13/23",56038
"Customer C-05812","SW-COMM-2","09/01/2020",8292
"Customer C-37198","SW-RO-20","10/26/19",40763
"Customer C-26635","SW-XX-99YD","23-May-22",7889
"Customer C-04016","SW-RO-30YD","11/28/2020",47588
"Customer C-30095","SW-COMM-4YD","06/27/2024",17000
"Customer C-03284","SW-RES-1-BW","04/02/2020",17446
"Customer C-18324","SW-RES-1-M","12/18/23",21897
"Customer C-30151","SW-RES-1-W","07/16/24",42582
"Customer C-06147","NOPE-1","02/04/2023",45594
"Customer C-02031","SW-COMM-4YD","27-Oct-20",8062
"Customer C-32534","SW-COMM-4","02/10/19",8310
"Customer C-38892","SW-RO-30","27-Feb-19",50616
"Customer C-09391","SW-RO-10YD","2020-06-06",26750
"Customer C-18505","SW-COMM-8YD","17-Feb-20",22614
"Customer C-15777","SW-ROLLOFF-30YD","08/02/22",53710
"Customer C-21944","SW-COMM-2YD","03-Apr-22",12576
"Customer C-37277","SW-ROLLOFF-40YD","2023-08-02",62220
"Customer C-19131","SW-ROLLOFF-10YD","05-May-23",32060
"Customer C-22288","SW-COMM-6YD","12/03/2021",12309
"Customer C-44896","OLD-SVC-7","16-Jan-21",51928
"Customer C-36371","SW-RO-40YD","04/09/19",63180
"Customer C-44117","SW-RO-40YD","2020-04-06",57464
"Customer C-02648","SW-RO-40","01-Jun-19",56539
"Customer C-15973","SW-RO-40","12/09/2021",61547
"Customer C-16491","SW-FL-4YD","23-Jun-20",9766
"Customer C-11848","SW-ROLLOFF-10YD","09/20/2022",29596
"Customer C-14318","SW-COMM-2","03/06/2023",4988
"Customer C-08182","SW-ROLLOFF-40YD","12/14/23",64432
"Customer C-36750","SW-RO-30","06/08/2019",49340
"Customer C-22466","SW-COMM-8YD","07-Apr-19",20647
"Customer C-18264","SW-FL-8YD","03/23/2023",19657
"Customer C-28934","LEGACY-CODE","08/15/23",22994
"Customer C-34566","SW-FL-6YD","02/11/19",17171
"Customer C-11235","SW-COMM-XX","2024-05-22",9378
"Customer C-08846","SW-ROLLOFF-10YD","03/24/23",27585
"Customer C-33952","SW-FL-8YD","03/22/2020",14061
"Customer C-25584","SW-RES-1-M","03-Aug-20",11879
"Customer C-05759","SW-FL-8YD","08/22/2021",20640
"Customer C-20963","SW-FL-2YD","03/27/2022",10871
"Customer C-31476","SW-COMM-4","19-Dec-22",7595
"Customer C-30270","SW-RO-20YD","12/11/2022",41223
"Customer C-16929","SW-COMM-4","03/07/23",15644
"Customer C-18303","SW-ROLLOFF-10YD","09/09/22",27259
"Customer C-38610","SW-RES-1-M","10/26/2022",28672
"Customer C-10321","SW-RES-1-BW","04/11/23",38153
"Customer C-41703","SW-COMM-6","2023-04-22",17181
"Customer C-29397","SW-COMM-8YD","2021-03-03",20841
"Customer C-04795","SW-COMM-2","10/13/2023",8994
"Customer C-29575","SW-ROLLOFF-40YD","05/13/19",62026
"Customer C-11978","SW-FL-4YD","2023-07-15",8282
"Customer C-07050","LEGACY-CODE","28-Apr-23",21256
"Customer C-37337","SW-COMM-4","20-Oct-22",8237
"Customer C-04663","SW-RO-20","02/28/23",44878
"Customer C-38528","SW-RO-10","14-Oct-20",29292
"Customer C-21353","SW-RO-10","10/20/2024",34760
"Customer C-12624","SW-FL-4YD","05/24/2021",8888
"Customer C-19988","SW-ROLLOFF-10YD","26-Aug-22",26644
"Customer C-10686","SW-RES-1-M","2021-04-19",40346
"Customer C-20553","SW-RES-1-BW","2024-03-22",25090
"Customer C-18423","SW-COMM-8YD","03/20/23",15408
"Customer C-40548","SW-RO-20","12/15/19",42393
"Customer C-28503","SW-RO-20","06/17/21",41124
"Customer C-24212","SW-RO-10","09/10/2020",34770
"Customer C-40558","SW-COMM-4YD","2024-01-24",8964
"Customer C-41527","SW-FL-8YD","05/06/2023",13520
"Customer C-43843","SW-RO-20","12/15/2024",43414
"Customer C-09118","SW-ROLLOFF-10YD","2024-11-23",27690
"Customer C-25986","SW-RES-1-M","10/28/2021",10977
"Customer C-21999","SW-COMM-XX","24-May-24",57799
"Customer C-26636","SW-RES-1-BW","01/21/20",4515
"Customer C-03662","SW-RO-40YD","2021-05-16",58858
"Customer C-11578","SW-XX-99YD","06/03/21",14311
"Customer C-11503","SW-ROLLOFF-10YD","2019-11-22",27352
"Customer C-15351","SW-RO-20YD","2019-06-07",37910
"Customer C-43773","SW-RES-1-BW","10/20/2022",16164
"Customer C-16622","SW-FL-6YD","03/25/2020",13855
"Customer C-09829","SW-RES-1-BW","03/08/2024",7625
"Customer C-20207","SW-COMM-6YD","11-Aug-23",13326
"Customer C-07791","SW-FL-2YD","01-Feb-23",8913
"Customer C-08283","SW-COMM-4YD","09/14/23",7598
"Customer C-32895","SW-COMM-2","04/02/2023",8300
"Customer C-31853","SW-ROLLOFF-40YD","13-Jul-21",60312
"Customer C-19499","SW-COMM-2","2021-04-10",13759
"Customer C-19762","SW-FL-6YD","2019-05-27",14651
"Customer C-19115","SW-COMM-6","2019-04-25",11825
"Customer C-23427","SW-COMM-2YD","17-Aug-23",5783
"Customer C-34029","SW-COMM-2","04/15/19",8325
"Customer C-29977","SW-COMM-XX","07/21/19",48109
"Customer C-17090","LEGACY-CODE","04/25/19",29590
"Customer C-14820","SW-COMM-6","12/20/24",13956
"Customer C-20799","SW-RO-40","2024-05-05",56268
"Customer C-32966","SW-COMM-2YD","09/17/19",6749
"Customer C-43747","SW-FL-4YD","06/09/22",12331
"Customer C-20822","SW-COMM-2YD","04/05/19",4970
"Customer C-19090","SW-COMM-4YD","12-Aug-20",13518
"Customer C-24709","SW-COMM-8YD","08/14/2019",18629
"Customer C-09457","SW-RO-10YD","2021-04-23",29429
"Customer C-41777","SW-RO-30YD","02/14/2022",49987
"Customer C-28239","SW-RO-20YD","2019-07-28",39486
"Customer C-09138","SW-RO-20","08/07/2023",40392
"Customer C-03571","SW-COMM-6YD","2024-08-27",16293
"Customer C-44197","SW-RO-30YD","2021-06-08",47481
"Customer C-16665","SW-COMM-4YD","11/09/2020",15578
"Customer C-04504","SW-RO-40","01/03/2020",61094
"Customer C-07387","SW-RES-1-BW","01/28/2022",61969
"Customer C-42818","SW-XX-99YD","08/06/23",11436
"Customer C-17152","SW-COMM-4YD","10/23/20",14146
"Customer C-07230","SW-RO-40","11/28/23",56862
"Customer C-11482","SW-ROLLOFF-30YD","13-Aug-19",46951
"Customer C-19721","SW-RO-10YD","02/17/2020",31471
"Customer C-09330","SW-ROLLOFF-10YD","14-Aug-23",31482
"Customer C-39015","SW-COMM-2","2024-05-11",11023
"Customer C-13363","SW-COMM-4YD","07/25/2023",10534
"Customer C-31657","SW-COMM-2YD","01/04/2019",5192
"Customer C-03465","SW-ROLLOFF-30YD","07/28/24",52514
"Customer C-24355","SW-RES-1-W","04/10/2023",26662
"Customer C-31429","SW-RO-20YD","12/28/2021",38266
"Customer C-07636","SW-ROLLOFF-10YD","05/21/2021",33832
"Customer C-12706","SW-COMM-8","02/10/2022",22795
"Customer C-28054","SW-COMM-6","06/14/20",15210
"Customer C-44910","SW-COMM-6YD","2019-08-24",15458
"Customer C-37184","SW-COMM-8YD","11/20/22",13172
"Customer C-12995","SW-COMM-2YD","2024-03-01",13192
"Customer C-44636","SW-RO-40","06/27/20",64479
"Customer C-08971","SW-COMM-2","11/02/2020",7282
"Customer C-42955","SW-RO-30","09-Feb-23",45004
"Customer C-05649","SW-COMM-XX","21-May-20",57945
"Customer C-21330","SW-COMM-4","08/05/2019",11126
"Customer C-38352","SW-RO-10","03/25/23",29127
"Customer C-28217","SW-COMM-4YD","01/05/20",16532
"Customer C-24210","SW-COMM-8","2021-08-27",21381
"Customer C-24769","SW-COMM-6YD","08/08/23",15923
"Customer C-26460","SW-COMM-2YD","12-Oct-21",12604
"Customer C-21975","NOPE-1","12/20/20",22350
"Customer C-21254","SW-COMM-8YD","2024-03-22",21878
"Customer C-42248","SW-XX-99YD","06/11/2024",45145
"Customer C-04073","SW-XX-99YD","2024-03-17",25222
"Customer C-21850","SW-RO-10YD","06/08/21",25061
"Customer C-44965","SW-ROLLOFF-40YD","07/27/22",58071
"Customer C-20295","SW-RES-1-W","26-Oct-21",22952
"Customer C-00755","SW-ROLLOFF-40YD","06-Oct-21",61162
"Customer C-08252","SW-COMM-8","05/05/24",16590
"Customer C-06291","SW-COMM-6YD","2019-08-12",18594
"Customer C-30253","SW-ROLLOFF-20YD","2021-03-23",44526
"Customer C-34386","SW-COMM-2YD","08-Nov-23",11995
"Customer C-00786","SW-RO-10","2023-07-10",32811
"Customer C-07581","SW-RES-1-M","14-Jun-24",46072
"Customer C-04254","SW-RO-30","05/07/24",54345
"Customer C-43265","SW-ROLLOFF-10YD","04/15/2024",29844
"Customer C-33663","SW-COMM-2","09/08/2023",9677
"Customer C-22899","SW-COMM-4YD","12/22/2022",16217
"Customer C-17924","SW-RO-20","24-Mar-24",40713
"Customer C-25133","SW-ROLLOFF-40YD","07/11/2024",56571
"Customer C-22876","SW-XX-99YD","03/08/2019",13065
"Customer C-23474","SW-COMM-2","2024-06-14",11504
"Customer C-34071","SW-RO-40YD","25-Jul-19",61314
"Customer C-33214","SW-RES-1-W","02/16/2023",16913
"Customer C-18628","SW-COMM-4","2020-08-18",10464
"Customer C-27325","SW-ROLLOFF-10YD","11/21/2020",30695
"Customer C-06165","SW-RO-10YD","01/04/19",27949
"Customer C-23174","SW-COMM-4YD","06/08/2020",9699
"Customer C-07188","SW-COMM-6YD","05/28/2021",12018
"Customer C-09028","SW-COMM-4","03/06/2023",9954
"Customer C-21218","SW-COMM-8","2022-09-21",14098
"Customer C-38766","SW-RO-10YD","2021-01-03",29573
"Customer C-06749","SW-RO-10YD","03/14/21",26307
"Customer C-22161","SW-RO-30","2021-11-10",46547
"Customer C-26452","SW-XX-99YD","08/09/2023",12952
"Customer C-08746","SW-FL-4YD","2022-10-04",14678
"Customer C-31500","SW-FL-2YD","06/20/20",11950
"Customer C-12806","SW-RO-10YD","12-May-24",26174
"Customer C-28794","SW-RO-10","02/21/19",30832
"Customer C-15444","SW-RO-20","01/25/19",41574
"Customer C-42181","SW-COMM-8YD","09/16/24",14578
"Customer C-41215","SW-RO-30","11/07/2019",46145
"Customer C-16576","SW-COMM-6","2019-06-22",16456
"Customer C-44645","SW-RO-20","13-Jun-22",35963
"Customer C-05794","SW-RO-20YD","12/24/22",38517
"Customer C-17949","SW-COMM-2YD","12/09/2020",10186
"Customer C-23922","SW-RO-10YD","2021-12-06",33051
"Customer C-25353","SW-COMM-6","2019-10-11",19929
"Customer C-28577","SW-FL-6YD","08/15/2023",14945
"Customer C-38652","SW-COMM-8","17-Jan-24",13722
"Customer C-25899","SW-FL-2YD","06-Jul-24",11168
"Customer C-02519","SW-COMM-6YD","2022-11-28",13006
"Customer C-30203","SW-RES-1-M","02-Feb-23",12919
"Customer C-08418","SW-FL-8YD","07/15/21",16192
"Customer C-05634","SW-COMM-8YD","12-Aug-22",17030
"Customer C-38584","SW-COMM-4YD","2024-12-26",12154
"Customer C-10956","SW-RO-20","20-Jun-22",38217
"Customer C-13020","SW-ROLLOFF-20YD","09-Nov-23",38515
"Customer C-14145","SW-RO-20","2022-01-20",41959
"Customer C-19474","SW-ROLLOFF-20YD","05/15/2023",41255
"Customer C-39611","SW-ROLLOFF-20YD","04-Jul-20",36799
"Customer C-11176","SW-RES-1-W","2020-02-24",13113
"Customer C-21406","SW-ROLLOFF-20YD","12/04/2019",36990
"Customer C-17054","SW-COMM-XX","11/15/2020",13887
"Customer C-04087","SW-ROLLOFF-40YD","06/19/2020",58829
"Customer C-23725","SW-RO-20YD","09/05/2019",43287
"Customer C-31717","SW-RO-10YD","09/06/2019",29722
"Customer C-21758","SW-RO-40","02/04/2023",60449
"Customer C-43190","SW-ROLLOFF-10YD","01/15/2021",28262
"Customer C-39860","SW-RO-20","07-Jun-24",42231
"Customer C-32230","SW-ROLLOFF-40YD","2020-11-10",62822
"Customer C-35616","SW-ROLLOFF-10YD","2021-07-10",30553
"Customer C-29948","SW-FL-6YD","09/21/2022",19315
"Customer C-19843","SW-ROLLOFF-10YD","10/23/24",34610
"Customer C-23344","SW-ROLLOFF-40YD","20-Nov-23",64375
"Customer C-33645","SW-COMM-8","10/27/2023",19547
"Customer C-01289","SW-RO-10YD","06/15/21",25197
"Customer C-42295","SW-COMM-XX","2023-06-26",6944
"Customer C-11522","SW-FL-8YD","07/24/2024",19994
"Customer C-14760","SW-RES-1-W","02/12/2020",47074
"Customer C-11513","SW-COMM-8YD","2024-09-19",20916
"Customer C-16963","SW-RES-1-W","2022-06-27",13055
"Customer C-25726","SW-ROLLOFF-10YD","06/06/2019",29133
"Customer C-24361","SW-ROLLOFF-30YD","2023-08-15",45580
"Customer C-39575","SW-RO-30","2024-09-14",51789
"Customer C-28684","SW-FL-8YD","09/24/2019",15867
"Customer C-07013","SW-RO-20YD","09/01/23",39670
"Customer C-19516","SW-RO-30","2019-07-08",47293
"Customer C-36614","SW-ROLLOFF-40YD","2021-11-13",62880
"Customer C-01544","SW-FL-8YD","01/17/2022",15645
"Customer C-15861","SW-FL-4YD","10/24/2022",10065
"Customer C-20413","SW-COMM-8","2019-04-06",13969
"Customer C-11064","SW-RO-40YD","09/01/2022",61901
"Customer C-27643","SW-ROLLOFF-30YD","2023-11-17",53197
"Customer C-38907","SW-ROLLOFF-30YD","07/04/2022",47884
"Customer C-20209","SW-COMM-8","07/01/22",21954
"Customer C-28485","SW-COMM-XX","2019-10-03",13940
"Customer C-25352","SW-RO-20YD","10/06/2019",36992
"Customer C-04289","SW-RES-1-W","06/03/2020",43253
"Customer C-07217","SW-COMM-4","10/12/2023",14823
"Customer C-12900","SW-COMM-6YD","22-Jan-24",15084
"Customer C-37300","SW-RO-10","07/26/2020",33220
"Customer C-17276","SW-FL-6YD","03/09/2022",13544
"Customer C-34941","SW-COMM-4YD","03/07/2023",11166
"Customer C-31260","SW-FL-8YD","2023-09-04",18320
"Customer C-40056","SW-COMM-6","05/07/20",15339
"Customer C-26729","SW-FL-4YD","08/15/2023",15290
"Customer C-43149","SW-COMM-4","18-Nov-23",10658
"Customer C-37780","SW-RO-20YD","2023-01-22",35348
"Customer C-09195","SW-FL-2YD","2021-05-22",8192
"Customer C-31561","SW-RES-1-W","03/04/21",4192
"Customer C-36981","SW-COMM-2YD","05/05/2023",13025
"Customer C-39196","SW-RO-20YD","08/04/2020",42038
"Customer C-33919","SW-RO-20YD","04/21/22",41131
"Customer C-01045","SW-FL-8YD","05/12/2020",19983
"Customer C-06985","SW-COMM-6YD","09/07/20",10085
"Customer C-05348","SW-RO-40","03-Jul-24",58678
"Customer C-05799","SW-RO-10YD","09/01/2021",34679
"Customer C-32857","SW-FL-6YD","11/22/2020",10792
"Customer C-07180","SW-RES-1-BW","25-Jul-24",20280
"Customer C-29576","SW-RO-20","2023-01-02",39299
"Customer C-41562","SW-RO-40","01/05/2021",63729
"Customer C-27788","SW-XX-99YD","12/12/21",47312
"Customer C-22135","SW-COMM-6","15-May-22",19817
"Customer C-08066","SW-RO-10YD","06/22/2024",30595
"Customer C-37410","SW-FL-6YD","12/02/24",11653
"Customer C-15800","SW-RO-30YD","2022-09-11",54339
"Customer C-10217","SW-RES-1-BW","11/17/2023",13123
"Customer C-41161","SW-RO-30","10/16/2019",49882
"Customer C-19118","SW-RO-40","2019-05-08",57352
"Customer C-31213","SW-FL-4YD","2020-08-28",7406
"Customer C-03196","SW-ROLLOFF-30YD","10/25/2022",52535
"Customer C-32886","LEGACY-CODE","2022-07-15",20186
"Customer C-05943","SW-ROLLOFF-20YD","2022-09-21",43243
"Customer C-39896","OLD-SVC-7","07/22/22",6619
"Customer C-03303","SW-RES-1-BW","11/22/2020",7957
"Customer C-27005","SW-COMM-6YD","01-Dec-19",19953
"Customer C-31447","SW-RO-30YD","04/18/2019",53363
"Customer C-24269","SW-ROLLOFF-10YD","11-Mar-21",30246
"Customer C-26949","SW-RO-30YD","2023-09-21",47289
"Customer C-01960","SW-COMM-4YD","2023-07-23",11473
"Customer C-40678","SW-COMM-8","07/20/2024",17255
"Customer C-39404","SW-ROLLOFF-20YD","12/19/2024",36783
"Customer C-30891","SW-RO-20","07/23/2019",38342
"Customer C-19853","SW-RES-1-M","11/10/2024",47994
"Customer C-01071","SW-RO-40YD","2019-09-15",62500
"Customer C-15501","SW-COMM-6","06/28/21",13975
"Customer C-21903","SW-RES-1-W","26-Dec-19",42968
"Customer C-22242","SW-RO-20YD","01/10/2020",37163
"Customer C-19654","SW-COMM-8YD","09/13/2021",19518
"Customer C-12509","SW-XX-99YD","12/02/2021",8505
"Customer C-34647","SW-FL-8YD","05/28/20",15986
"Customer C-29543","NOPE-1","12-Nov-21",14012
"Customer C-09933","SW-RO-10YD","12/13/2024",34756
"Customer C-36189","SW-RO-30","12/17/2023",50862
"Customer C-16877","SW-XX-99YD","26-Jan-21",13497
"Customer C-33134","SW-COMM-8YD","10/16/2022",19367
"Customer C-20057","SW-COMM-8","06/16/2019",13167
"Customer C-10777","SW-FL-8YD","19-Oct-21",17052
"Customer C-32836","SW-COMM-6","05/11/23",11441
"Customer C-08659","SW-RES-1-BW","02/21/2023",25807
"Customer C-02525","SW-COMM-6","05/02/2019",14188
"Customer C-39572","SW-COMM-2YD","23-Jul-21",5095
"Customer C-40644","SW-FL-6YD","06/22/21",12919
"Customer C-39696","SW-ROLLOFF-10YD","06/25/19",31737
"Customer C-11784","SW-COMM-8","02/16/2020",21024
"Customer C-21450","SW-COMM-4YD","09/09/2020",13801
"Customer C-17862","SW-ROLLOFF-10YD","11/06/2024",33812
"Customer C-04756","SW-COMM-6","02/12/20",10403
"Customer C-10671","SW-COMM-2","2021-05-24",6201
"Customer C-38213","SW-COMM-8YD","08/15/20",14238
"Customer C-18505","SW-XX-99YD","15-Nov-21",26899
"Customer C-08942","SW-RES-1-W","10/05/2020",60061
"Customer C-26666","SW-RO-10YD","2022-05-13",29295
"Customer C-41239","SW-RO-10","2024-12-24",28944
"Customer C-33318","SW-ROLLOFF-40YD","09/12/2020",55076
"Customer C-01733","SW-RO-20YD","07/01/2024",40160
"Customer C-12185","SW-RO-10","14-Mar-23",25417
"Customer C-18629","SW-RO-40YD","05/03/20",60073
"Customer C-24869","SW-RO-40YD","05/13/20",59232
"Customer C-31003","SW-RO-30YD","04/06/2022",54012
"Customer C-24585","SW-COMM-2","08/14/2024",7500
"Customer C-04666","SW-ROLLOFF-30YD","12/04/20",46831
"Customer C-20507","SW-FL-2YD","2021-12-16",10164
"Customer C-32523","SW-COMM-4","12/04/2023",11547
"Customer C-13858","SW-RO-30YD","07/07/2024",51000
"Customer C-34015","SW-RO-30","2020-12-12",47793
"Customer C-32020","SW-RO-40","2020-02-27",59551
"Customer C-20334","SW-COMM-2","04/11/2021",9965
"Customer C-36258","SW-RO-10YD","2020-12-04",32503
"Customer C-14290","SW-FL-8YD","06-Nov-19",21112
"Customer C-21732","SW-RO-20YD","10/21/21",41632
"Customer C-08820","SW-COMM-6","01/09/2019",18198
"Customer C-24864","SW-COMM-2YD","2022-02-10",11709
"Customer C-41468","SW-RO-40YD","07/18/2021",62782
"Customer C-42646","SW-COMM-8YD","08/08/2019",21891
"Customer C-20653","SW-RO-10","07/02/2021",26974
"Customer C-38152","SW-ROLLOFF-10YD","2024-06-06",30357
"Customer C-13230","SW-COMM-6","04/10/2020",17391
"Customer C-32449","SW-RO-40YD","2019-08-04",62544
"Customer C-39884","SW-ROLLOFF-40YD","2023-04-09",58568
"Customer C-16720","SW-FL-6YD","12/10/22",17516
"Customer C-18908","SW-ROLLOFF-20YD","08-Nov-21",43484
"Customer C-17521","SW-RO-30YD","25-Sep-23",52808
"Customer C-43429","SW-COMM-4YD","10/05/23",14788
"Customer C-14402","SW-ROLLOFF-20YD","01/18/20",40030
"Customer C-33563","SW-RES-1-BW","2023-05-15",10794
"Customer C-06156","SW-RO-20YD","10/11/2024",43751
"Customer C-43924","SW-RO-30","02/02/2023",46817
"Customer C-12682","SW-ROLLOFF-40YD","01/23/2021",56464
"Customer C-04688","SW-RES-1-W","07/15/2021",13085
"Customer C-07468","SW-RO-10YD","11/07/21",28703
"Customer C-15108","SW-COMM-2YD","04/24/2021",9276
"Customer C-12905","SW-COMM-6","02/24/24",16323
"Customer C-39523","SW-FL-4YD","01/10/2019",15933
"Customer C-14908","SW-FL-2YD","2021-12-25",9308
"Customer C-37790","SW-ROLLOFF-30YD","19-Jan-22",46637
"Customer C-17048","SW-RO-10YD","2022-10-25",32499
"Customer C-28574","SW-FL-8YD","13-Jul-24",18110
"Customer C-33752","SW-FL-8YD","01-Oct-23",15640
"Customer C-13256","SW-FL-4YD","09/04/2024",9148
"Customer C-00865","SW-COMM-6YD","2020-01-05",14978
"Customer C-12024","SW-ROLLOFF-10YD","05/15/2019",33880
"Customer C-18946","SW-FL-2YD","19-Jul-23",11431
"Customer C-31713","SW-RO-30","09/26/2023",45827
"Customer C-08372","SW-COMM-4","08/13/2020",9445
"Customer C-06155","SW-RES-1-W","11/01/2022",37270
"Customer C-14612","SW-ROLLOFF-10YD","04/14/2023",28588
"Customer C-19629","SW-RO-40","08-Feb-23",56466
"Customer C-10365","SW-RO-40YD","03-Jul-21",61195
"Customer C-30781","SW-COMM-4YD","2022-01-15",10714
"Customer C-02110","SW-COMM-XX","2024-08-07",12555
"Customer C-05153","SW-RO-20YD","21-Apr-19",35732
"Customer C-38926","SW-COMM-6YD","12/10/19",11774
"Customer C-26348","SW-RO-40","11/07/2020",58172
"Customer C-28940","SW-ROLLOFF-20YD","05/14/2023",42811
"Customer C-29233","SW-RO-40","11/28/2020",56906
"Customer C-31096","SW-COMM-2YD","03/21/2022",7300
"Customer C-42871","SW-COMM-XX","03/09/2022",40779
"Customer C-23785","SW-RO-40","2024-12-25",64447
"Customer C-27705","SW-COMM-6","04/10/2020",13948
"Customer C-02536","SW-RO-30","09/23/2024",49737
"Customer C-27316","SW-FL-4YD","10-Jan-22",10325
"Customer C-26747","SW-ROLLOFF-10YD","12/13/2019",33670
"Customer C-23085","SW-RO-10","2021-01-25",31589
"Customer C-13416","SW-COMM-6","2023-04-10",10708
"Customer C-30764","SW-RO-30YD","05/27/2019",49089
"Customer C-05013","SW-FL-6YD","2022-01-28",11457
"Customer C-36970","SW-RO-10YD","11/02/19",32121
"Customer C-18005","SW-RO-40YD","10/23/2019",59709
"Customer C-10820","SW-COMM-6","2019-05-25",15662
"Customer C-20800","SW-COMM-6","2023-07-21",18165
"Customer C-26069","SW-ROLLOFF-20YD","04/02/22",43332
"Customer C-16858","SW-XX-99YD","2019-09-25",63126
"Customer C-00702","SW-ROLLOFF-30YD","10/20/24",53339
"Customer C-32129","LEGACY-CODE","2024-09-10",13993
"Customer C-35943","SW-COMM-6YD","2023-09-21",12612
"Customer C-35879","SW-ROLLOFF-20YD","09/11/2020",40400
"Customer C-29111","SW-COMM-2YD","03/16/2020",13692
"Customer C-11468","SW-COMM-2YD","2020-07-20",9261
"Customer C-35143","SW-COMM-8YD","05/14/2019",18998
"Customer C-21281","SW-ROLLOFF-20YD","2022-08-26",36321
"Customer C-41805","SW-COMM-2YD","02/10/21",13640
"Customer C-16208","SW-RO-20","11/16/24",43594
"Customer C-05732","SW-ROLLOFF-40YD","04/26/22",63912
"Customer C-31406","SW-FL-8YD","01/06/2019",21008
"Customer C-02288","SW-COMM-8","2024-09-27",14618
"Customer C-44975","SW-RES-1-W","02/16/2020",36085
"Customer C-41385","SW-COMM-8YD","11/19/22",13566
"Customer C-26317","SW-ROLLOFF-40YD","06/20/2020",58837
"Customer C-37290","SW-FL-4YD","04/27/19",8375
"Customer C-35561","SW-FL-2YD","05/16/2019",6947
"Customer C-20877","SW-RO-40YD","08/08/23",61830
"Customer C-09198","SW-FL-8YD","12/14/2021",18501
"Customer C-12811","SW-RES-1-BW","01/14/2024",7570
"Customer C-43147","SW-ROLLOFF-20YD","21-May-19",42626
"Customer C-42780","SW-ROLLOFF-10YD","04/10/22",29182
"Customer C-44309","SW-FL-2YD","2021-06-20",6501
"Customer C-11091","SW-COMM-4YD","2023-09-23",15842
"Customer C-15871","LEGACY-CODE","02/14/24",64477
"Customer C-01153","SW-RES-1-W","04/20/2024",11695
"Customer C-21370","SW-FL-6YD","01/28/2024",18803
"Customer C-10109","SW-COMM-6","08/01/2019",15632
"Customer C-39766","SW-COMM-8YD","04/22/2021",15152
"Customer C-21336","SW-COMM-2YD","11-Nov-24",4835
"Customer C-29945","SW-ROLLOFF-20YD","2019-11-14",40074
"Customer C-32166","SW-XX-99YD","2020-11-22",12217
"Customer C-16325","SW-RES-1-M","2019-02-11",11405
"Customer C-01935","SW-RO-10YD","04/20/2020",34529
"Customer C-18065","SW-COMM-6YD","01/17/21",17845
"Customer C-35186","SW-ROLLOFF-40YD","09/24/2024",62323
"Customer C-12242","SW-RES-1-W","12/17/2020",12986
"Customer C-32555","SW-COMM-2YD","2022-09-28",8115
"Customer C-32514","SW-FL-8YD","26-Jun-23",20081
"Customer C-44098","SW-RO-10","16-Jan-21",33874
"Customer C-15754","SW-RO-10YD","2023-10-07",29851
"Customer C-34112","SW-FL-6YD","05/03/2023",11919
"Customer C-06226","OLD-SVC-7","09/23/2020",31146
"Customer C-13176","SW-COMM-2","04/24/22",7522
"Customer C-38122","SW-RO-40YD","03/24/2023",62488
"Customer C-09832","SW-FL-8YD","04/18/2019",19745
"Customer C-39461","SW-RO-30","17-Mar-23",54943
"Customer C-17836","SW-COMM-4","09/26/2020",10476
"Customer C-28646","SW-RO-30","08-May-20",45361
"Customer C-20556","SW-ROLLOFF-20YD","01/16/2024",38507
"Customer C-01556","SW-COMM-6","01/15/23",17161
"Customer C-20546","SW-COMM-6YD","07/05/2020",13553
"Customer C-27453","SW-ROLLOFF-30YD","28-May-20",53671
"Customer C-40161","SW-XX-99YD","08/28/2021",60156
"Customer C-43503","SW-FL-6YD","10/16/2021",15610
"Customer C-42592","SW-COMM-2YD","03/14/2022",6751
"Customer C-28284","SW-ROLLOFF-20YD","2019-05-21",36281
"Customer C-30934","SW-COMM-2","01-Oct-24",6486
"Customer C-34614","SW-ROLLOFF-40YD","2023-02-23",57933
"Customer C-20139","SW-FL-4YD","05/19/20",13224
"Customer C-35081","SW-COMM-4","01/28/2019",9938
"Customer C-04396","SW-RO-10YD","02/01/22",32433
"Customer C-17981","SW-RO-40","2024-09-13",57219
"Customer C-17981","SW-FL-8YD","07/15/24",20175
"Customer C-13682","SW-RES-1-BW","05/12/2023",47867
"Customer C-40971","SW-RO-20YD","2023-12-17",41182
"Customer C-07893","SW-COMM-XX","12/14/22",12948
"Customer C-05157","SW-FL-2YD","11/05/2021",11972
"Customer C-22814","SW-RO-20","04/21/2020",39140
"Customer C-27515","SW-COMM-4","02/04/2023",11385
"Customer C-41164","SW-FL-4YD","08/04/2024",11795
"Customer C-08122","SW-XX-99YD","05/08/21",13022
"Customer C-20244","SW-COMM-2YD","05/14/2021",7460
"Customer C-24019","SW-RO-40","06/02/2019",57815
"Customer C-27125","SW-FL-4YD","04-Jan-20",11921
"Customer C-23950","SW-ROLLOFF-20YD","09/01/2019",35726
"Customer C-33150","SW-RO-40YD","03/16/2021",61861
"Customer C-32736","SW-COMM-6YD","04/25/19",10937
"Customer C-42782","SW-RO-40YD","2019-01-23",62263
"Customer C-13184","SW-FL-2YD","2024-01-05",6345
"Customer C-38790","SW-RES-1-M","12/25/2020",13624
"Customer C-07600","SW-ROLLOFF-40YD","05-Aug-23",55003
"Customer C-21733","SW-RO-40","11/13/19",57668
"Customer C-37138","SW-RO-40YD","02/19/2024",63775
"Customer C-26667","SW-RO-30","06/25/19",51669
"Customer C-26126","SW-RO-20","2024-12-22",41639
"Customer C-12283","SW-RO-10YD","2020-10-21",29931
"Customer C-10387","SW-ROLLOFF-30YD","05/01/19",45175
"Customer C-08595","SW-RO-20YD","02/01/20",42789
"Customer C-23874","SW-RO-10YD","10/17/2021",32182
"Customer C-09738","SW-COMM-2","27-Dec-21",5075
"Customer C-12168","SW-FL-8YD","2024-01-07",16702
"Customer C-22302","SW-FL-2YD","06/22/2022",11600
"Customer C-01531","SW-RO-40","19-Feb-19",60791
"Customer C-34808","SW-COMM-4","11/06/2020",9076
"Customer C-21462","SW-COMM-8YD","05-Feb-20",13607
"Customer C-14600","SW-ROLLOFF-40YD","10-Dec-23",55295
"Customer C-11183","SW-ROLLOFF-30YD","09/25/2024",45918
"Customer C-21703","SW-RO-20","02-Mar-20",37129
"Customer C-32228","SW-RO-10","02/08/20",29263
"Customer C-20312","SW-COMM-8","2023-04-20",17537
"Customer C-00788","SW-RES-1-BW","01-Sep-20",55642
"Customer C-21545","SW-COMM-6YD","08/06/21",14136
"Customer C-15339","LEGACY-CODE","06-Nov-19",40227
"Customer C-36370","SW-RO-10YD","2023-08-07",33378
"Customer C-23581","SW-RO-10YD","01/26/2021",25208
"Customer C-14236","SW-RES-1-BW","05/10/2019",32189
"Customer C-16338","SW-ROLLOFF-30YD","06/24/2023",45578
"Customer C-03747","SW-ROLLOFF-10YD","01/28/20",33717
"Customer C-03615","SW-COMM-6YD","12/13/2024",11820
"Customer C-05877","LEGACY-CODE","2023-10-15",44935
"Customer C-03937","SW-COMM-4","01/16/19",7194
"Customer C-15403","SW-COMM-2YD","05/01/2020",12237
"Customer C-19407","SW-RO-20YD","07/06/20",37862
"Customer C-12293","SW-COMM-XX","2019-07-16",14804
"Customer C-28143","SW-FL-4YD","06/22/2024",14955
"Customer C-23524","SW-RO-20YD","14-Dec-20",35442
"Customer C-06961","SW-RO-40","10/28/21",56799
"Customer C-09505","SW-XX-99YD","2024-04-13",21782
"Customer C-22147","SW-RO-40YD","06/26/2024",57407
"Customer C-18780","SW-ROLLOFF-40YD","11/18/21",61327
"Customer C-39319","SW-RO-20","15-Feb-23",43777
"Customer C-38191","SW-COMM-2YD","02/18/2020",9561
"Customer C-22601","SW-ROLLOFF-30YD","05/04/2020",50532
"Customer C-44682","SW-COMM-4","03/09/19",10089
"Customer C-32636","SW-ROLLOFF-40YD","2023-04-02",58908
"Customer C-07996","SW-RO-10","02/13/2021",34011
"Customer C-22692","LEGACY-CODE","12/18/19",15827
"Customer C-36904","SW-COMM-2","05/19/24",10436
"Customer C-17614","SW-ROLLOFF-40YD","02/10/23",62714
"Customer C-14509","SW-COMM-4YD","07/21/24",16470
"Customer C-01499","SW-COMM-6","05/19/24",13433
"Customer C-05059","SW-RO-30YD","01/22/24",52701
"Customer C-44019","SW-ROLLOFF-30YD","09-Mar-20",49376
"Customer C-13570","SW-RO-40","2021-04-04",63483
"Customer C-15632","SW-FL-6YD","08-Mar-19",19069
"Customer C-15574","SW-RES-1-W","01/10/2019",7163
"Customer C-13501","SW-RO-20","10/22/2021",44243
"Customer C-11634","SW-COMM-6","2020-11-22",16953
"Customer C-35697","SW-COMM-2","11-Mar-22",13110
"Customer C-31451","SW-FL-4YD","12/10/20",13212
"Customer C-38859","SW-COMM-8","09/23/2020",13667
"Customer C-44619","SW-RO-10YD","08/05/2022",30245
"Customer C-00692","SW-RES-1-M","14-Oct-24",18759
"Customer C-12496","SW-COMM-6YD","07/21/24",12168
"Customer C-39321","SW-RO-10YD","06/02/2023",26051
"Customer C-41380","SW-RES-1-BW","11/09/2019",9283
"Customer C-06638","SW-COMM-XX","09/21/20",13725
"Customer C-31454","SW-FL-2YD","25-Nov-23",11593
"Customer C-25746","SW-COMM-2YD","08-Jan-21",9083
"Customer C-27106","SW-COMM-6YD","05/02/2023",12485
"Customer C-04668","SW-RES-1-BW","03/10/2021",22309
"Customer C-01602","SW-ROLLOFF-30YD","14-Sep-22",50780
"Customer C-44553","SW-COMM-6YD","11/04/2024",19008
"Customer C-14692","SW-RO-40YD","2019-05-11",60942
"Customer C-35608","SW-RO-10YD","2022-02-11",31743
"Customer C-38333","SW-ROLLOFF-40YD","02/28/2021",55406
"Customer C-42401","SW-RO-10YD","06/20/23",27127
"Customer C-40937","SW-COMM-8","10/07/2022",13553
"Customer C-26583","SW-RO-10YD","18-Jul-21",34008
"Customer C-39461","SW-COMM-8YD","2020-02-23",18484
"Customer C-07994","SW-RES-1-BW","07/06/2021",41873
"Customer C-17299","SW-RO-30","06/04/2020",52385
"Customer C-19090","SW-COMM-XX","06/01/23",15693
"Customer C-32786","SW-RO-10","2021-05-09",33621
"Customer C-05232","SW-COMM-2YD","05/26/2021",7720
"Customer C-33588","SW-COMM-8YD","16-Jul-21",14506
"Customer C-42190","SW-RES-1-W","2023-12-04",13791
"Customer C-21331","SW-RO-10","2019-04-05",26437
"Customer C-02251","SW-RO-30","2021-04-04",53650
"Customer C-10895","SW-RO-20","04/12/2023",43627
"Customer C-23603","SW-COMM-8YD","2024-09-27",22077
"Customer C-04294","SW-RO-30YD","04/19/2022",49709
"Customer C-37417","SW-COMM-4YD","05-May-22",16094
"Customer C-35538","SW-RES-1-W","03/27/23",27659
"Customer C-19019","SW-COMM-2","2022-08-10",4443
"Customer C-03901","SW-RO-10","02-Apr-22",27572
"Customer C-04491","SW-COMM-4YD","01/19/2020",7950
"Customer C-12709","SW-ROLLOFF-20YD","2022-05-10",43561
"Customer C-10741","SW-ROLLOFF-10YD","2019-06-22",32959
"Customer C-07690","SW-COMM-8","06/25/2022",13328
"Customer C-09245","SW-RES-1-W","10/12/20",56183
"Customer C-37917","SW-COMM-4YD","12/22/2020",14274
"Customer C-42548","SW-ROLLOFF-30YD","2021-05-14",52432
"Customer C-07772","SW-COMM-2YD","10/21/2024",12670
"Customer C-42651","SW-COMM-8YD","07-Feb-21",13140
"Customer C-10071","SW-COMM-2YD","01/02/2020",11971
"Customer C-37901","SW-RO-20","12/08/2021",35976
"Customer C-27603","SW-ROLLOFF-10YD","03/02/2020",33757
"Customer C-13560","SW-RO-10","2021-06-08",25882
"Customer C-42985","SW-RO-20YD","28-Mar-19",42898
"Customer C-12186","SW-ROLLOFF-20YD","18-Jul-24",43104
"Customer C-35534","SW-RO-10YD","03/10/2024",26605
"Customer C-08611","SW-ROLLOFF-10YD","2022-09-25",29393
"Customer C-06049","SW-RO-10YD","01/27/2020",29932
"Customer C-19786","NOPE-1","02/10/2023",63650
"Customer C-22042","SW-RO-20","09-Dec-20",38709
"Customer C-18446","SW-RES-1-W","12-Jul-19",54739
"Customer C-16736","SW-COMM-2","05-Apr-22",7167
"Customer C-03972","SW-COMM-8YD","04/01/2021",19132
"Customer C-40042","SW-RO-20YD","10/11/19",41794
"Customer C-25890","SW-RO-10","2024-02-02",27566
"Customer C-18022","SW-FL-6YD","12/21/2019",18058
"Customer C-02425","SW-RO-30","04/15/21",53950
"Customer C-10776","SW-FL-4YD","01/24/2023",15536
"Customer C-02849","SW-COMM-8YD","09/04/21",21334
"Customer C-38879","SW-FL-8YD","25-May-20",20674
"Customer C-36532","SW-RO-40","07/25/21",58005
"Customer C-31148","SW-RO-40","07/09/24",60754
"Customer C-11185","SW-RO-30","10/28/2023",50066
"Customer C-21931","SW-FL-2YD","11/27/2024",7739
"Customer C-25060","SW-FL-2YD","05/02/20",11021
"Customer C-25564","SW-RO-30","2022-11-19",45759
"Customer C-32120","SW-COMM-4YD","10/08/2019",14789
"Customer C-07772","SW-RES-1-W","2024-09-24",32218
"Customer C-01332","SW-ROLLOFF-30YD","05/02/23",52878
"Customer C-31387","SW-COMM-6","2024-08-24",18909
"Customer C-19941","SW-COMM-6","01/14/2023",12863
"Customer C-41868","SW-COMM-6YD","01/01/2020",10515
"Customer C-28229","SW-ROLLOFF-30YD","10/19/2022",46351
"Customer C-44711","SW-RES-1-BW","12/18/2022",37522
"Customer C-43944","SW-ROLLOFF-40YD","2019-03-24",58195
"Customer C-21612","SW-ROLLOFF-10YD","06/02/23",30344
"Customer C-38823","SW-COMM-6","05/13/2019",11566
"Customer C-11441","SW-FL-2YD","19-Feb-22",6719
"Customer C-11623","SW-COMM-6","2019-12-20",16527
"Customer C-24738","SW-COMM-4","2021-03-20",9388
"Customer C-29438","SW-RO-40","12-Apr-24",62423
"Customer C-31890","SW-FL-8YD","2019-06-27",16379
"Customer C-11705","SW-COMM-8","01/05/23",17497
"Customer C-24564","SW-COMM-8YD","2024-03-18",16515
"Customer C-34524","SW-COMM-8YD","04/28/2019",21330
"Customer C-39982","SW-COMM-2","10/02/2024",6823
"Customer C-21109","SW-FL-6YD","08/11/23",17203
"Customer C-17689","SW-RO-30YD","2019-05-06",50511
"Customer C-22410","SW-FL-4YD","05/15/2021",8628
"Customer C-12739","SW-RES-1-W","11/28/2021",64343
"Customer C-36742","SW-COMM-8YD","12/20/2019",19527
"Customer C-09159","SW-RO-40","25-Oct-22",59212
"Customer C-25248","SW-RO-30YD","2023-01-07",49521
"Customer C-13931","SW-ROLLOFF-40YD","04-Oct-24",56825
"Customer C-42070","SW-COMM-4YD","06/12/2023",15355
"Customer C-38838","SW-FL-4YD","09/02/2020",14731
"Customer C-20634","SW-ROLLOFF-20YD","02/06/2020",37798
"Customer C-40458","SW-RO-40","09/19/2019",58121
"Customer C-11163","SW-RO-10","08-Aug-19",31003
"Customer C-11338","SW-FL-6YD","06/01/2021",11988
"Customer C-24686","SW-COMM-6YD","08/04/23",17287
"Customer C-03886","SW-COMM-8YD","2020-01-01",15661
"Customer C-18369","SW-RO-10","12/23/2021",33821
"Customer C-16245","SW-COMM-2YD","08/22/2023",6131
"Customer C-25701","SW-COMM-2YD","27-May-23",6318
"Customer C-21773","SW-RO-10YD","03/26/20",31807
"Customer C-26333","SW-ROLLOFF-20YD","2021-09-14",44653
"Customer C-44195","SW-ROLLOFF-20YD","2022-12-02",38439
"Customer C-31056","SW-COMM-2YD","06/11/21",4633
"Customer C-27793","SW-RO-40YD","08/03/2021",64611
"Customer C-39135","SW-RO-30YD","12/09/2019",54637
"Customer C-36936","SW-RO-40","24-Dec-24",63338
"Customer C-05784","SW-RES-1-W","11/19/2024",13880
"Customer C-16551","SW-RO-10YD","04/16/19",28782
"Customer C-16988","SW-COMM-2","07/19/2022",7588
"Customer C-34060","SW-RO-10YD","01/10/2020",25118
"Customer C-38829","SW-COMM-6","2022-03-23",10007
"Customer C-27161","SW-FL-8YD","2024-06-15",18410
"Customer C-18501","SW-FL-2YD","11/21/19",11902
"Customer C-02042","SW-FL-8YD","10-May-21",18705
"Customer C-25470","SW-RO-40YD","27-May-19",63753
"Customer C-07837","SW-RO-40YD","12/15/19",58816
"Customer C-04204","SW-RO-40YD","2020-02-17",62642
"Customer C-05126","SW-RO-10YD","2020-06-12",34701
"Customer C-05154","SW-FL-8YD","21-Oct-22",19211
"Customer C-26310","SW-COMM-8","27-Dec-22",19754
"Customer C-10323","NOPE-1","06/25/2020",9577
"Customer C-11147","SW-COMM-6YD","13-Oct-21",19642
"Customer C-16826","SW-RO-30YD","09/10/2020",54228
"Customer C-44252","SW-FL-8YD","11/15/2023",13869
"Customer C-43736","SW-COMM-6YD","06/02/2021",14782
"Customer C-07233","SW-RO-10YD","06/01/21",32786
"Customer C-18957","SW-COMM-4YD","08/01/20",7971
"Customer C-41675","SW-RO-40YD","04/28/24",62230
"Customer C-21844","SW-RO-30","26-Jan-21",51738
"Customer C-27642","SW-COMM-6","11/21/20",16394
"Customer C-43921","SW-ROLLOFF-20YD","09/27/20",38887
"Customer C-30234","SW-RES-1-BW","03/01/22",20789
"Customer C-33431","SW-COMM-6","2020-02-21",17367
"Customer C-41815","SW-ROLLOFF-40YD","06/24/2024",55812
"Customer C-44240","SW-COMM-4YD","11-Dec-21",7567
"Customer C-30191","SW-COMM-2","08/06/20",6803
"Customer C-35765","SW-FL-8YD","2024-07-10",16406
"Customer C-19067","SW-RES-1-BW","01/09/2024",10144
"Customer C-18630","SW-ROLLOFF-30YD","2023-02-09",47393
"Customer C-08031","SW-RO-10","05/24/2020",34573
"Customer C-25738","SW-ROLLOFF-30YD","09/21/2019",46431
"Customer C-21419","SW-FL-6YD","06/17/22",10813
"Customer C-36041","SW-RO-20YD","02/20/2023",36275
"Customer C-41671","SW-COMM-2","04/21/2021",7124
"Customer C-21069","SW-RO-30","06/22/2020",50105
"Customer C-25540","LEGACY-CODE","02/17/2022",30058
"Customer C-28812","SW-ROLLOFF-10YD","05/18/2021",29495
"Customer C-18988","SW-ROLLOFF-20YD","23-Sep-19",39298
"Customer C-13786","OLD-SVC-7","10/05/21",43073
"Customer C-33705","SW-COMM-4YD","01/14/2021",8836
"Customer C-15369","SW-COMM-2","06/15/19",13834
"Customer C-08397","SW-COMM-6YD","12/09/2019",18085
"Customer C-12003","SW-ROLLOFF-10YD","05/04/21",26571
"Customer C-02428","SW-COMM-4YD","04/11/2024",10510
"Customer C-22637","SW-COMM-6","05/07/2023",10141
"Customer C-20820","SW-RES-1-BW","2024-10-14",60493
"Customer C-21257","SW-COMM-4YD","11/04/23",8623
"Customer C-36376","SW-FL-6YD","12/03/21",13622
"Customer C-36961","SW-FL-4YD","2019-08-10",14011
"Customer C-06571","SW-ROLLOFF-20YD","2024-10-02",42588
"Customer C-20521","SW-ROLLOFF-20YD","10-Feb-19",40941
"Customer C-20149","SW-ROLLOFF-40YD","2021-01-24",64060
"Customer C-14523","SW-FL-2YD","2024-05-04",10748
"Customer C-18509","SW-ROLLOFF-20YD","11/09/2021",44289
"Customer C-17175","SW-ROLLOFF-20YD","2019-03-20",37865
"Customer C-12474","SW-COMM-2","2019-12-21",7195
"Customer C-39786","LEGACY-CODE","02/02/22",37600
"Customer C-20231","SW-COMM-8","07/01/2021",21397
"Customer C-39073","SW-ROLLOFF-30YD","01/28/19",48005
"Customer C-07311","SW-RO-10","2019-10-24",29673
"Customer C-20117","SW-RO-40YD","2023-05-05",61563
"Customer C-32599","SW-RO-10","08/13/21",30010
"Customer C-23280","SW-RO-10YD","15-Oct-24",27050
"Customer C-26342","SW-COMM-6YD","06-Dec-22",17306
"Customer C-42726","SW-RO-40","12/07/2020",62332
"Customer C-13815","SW-COMM-4","08/13/2023",12814
"Customer C-16368","SW-RO-30","2022-05-14",49451
"Customer C-27769","SW-RO-40","06/23/2020",59351
"Customer C-35532","SW-COMM-8","11/06/21",22037
"Customer C-41751","SW-RO-20YD","05/28/2021",36581
"Customer C-15575","SW-FL-4YD","22-Apr-22",16252
"Customer C-44387","SW-RO-20","10-Jan-23",42466
"Customer C-00741","SW-RO-30","07/12/2024",54439
"Customer C-11656","SW-ROLLOFF-10YD","2023-05-06",26087
"Customer C-37163","SW-RO-30YD","2021-10-19",51033
"Customer C-39931","SW-FL-6YD","10/14/21",14898
"Customer C-37563","SW-ROLLOFF-20YD","2019-06-04",37811
"Customer C-42970","SW-RO-20YD","01/03/20",35856
"Customer C-38525","SW-ROLLOFF-20YD","2023-05-12",41470
"Customer C-37368","SW-RO-30","01/23/19",49305
"Customer C-03726","SW-ROLLOFF-30YD","04/12/2022",45769
"Customer C-35406","SW-RO-30YD","25-Oct-20",53287
"Customer C-33808","SW-COMM-8YD","2021-07-24",15314
"Customer C-27057","SW-FL-2YD","06/28/2019",12480
"Customer C-03837","SW-RO-30YD","06/05/24",47345
"Customer C-34443","SW-ROLLOFF-10YD","2021-02-21",29093
"Customer C-23921","SW-COMM-2YD","12-Nov-24",13320
"Customer C-22313","SW-COMM-6","08/07/2022",18658
"Customer C-19219","SW-COMM-4","2024-03-23",12536
"Customer C-11294","SW-COMM-2YD","2020-03-21",9843
"Customer C-33271","SW-ROLLOFF-40YD","2019-11-14",62253
"Customer C-40172","SW-RO-30YD","18-Jul-21",47660
"Customer C-16790","SW-COMM-8","2022-05-23",22662
"Customer C-02201","SW-COMM-2","02/17/2024",9635
"Customer C-39604","SW-FL-4YD","11/14/21",8242
"Customer C-21721","SW-COMM-6","2022-07-12",14686
"Customer C-09459","SW-FL-6YD","08/22/2020",12262
"Customer C-11834","SW-RO-10","12/28/2022",27896
"Customer C-33556","SW-RO-30","05/16/22",46806
"Customer C-15094","SW-COMM-6YD","2020-11-13",13552
"Customer C-12083","SW-ROLLOFF-40YD","2019-12-02",55605
"Customer C-41719","SW-RO-30YD","06/22/2023",52013
"Customer C-15100","SW-RO-10YD","08/18/20",28482
"Customer C-03341","SW-RES-1-W","2024-02-03",30208
"Customer C-17860","SW-FL-6YD","10/28/20",18204
"Customer C-36361","SW-COMM-4YD","2020-06-12",16497
"Customer C-34611","SW-COMM-6YD","07/18/2023",11735
"Customer C-30344","SW-RO-20YD","22-Jun-21",41900
"Customer C-31850","SW-COMM-4","2020-02-01",12245
"Customer C-41146","SW-ROLLOFF-20YD","05-Jul-23",37794
"Customer C-28127","SW-RO-30","01/28/2019",51193
"Customer C-39968","SW-RES-1-M","06/11/2023",39257
"Customer C-20763","SW-RO-30","2023-11-20",52905
"Customer C-02534","OLD-SVC-7","07/21/2020",35979
"Customer C-09421","SW-RO-20YD","2024-06-15",40244
"Customer C-24272","SW-ROLLOFF-20YD","12/03/2022",39385
"Customer C-40261","SW-RO-10","02/01/2022",25360
"Customer C-09373","SW-FL-4YD","08/07/2020",8337
"Customer C-32360","SW-RO-30","01/10/2022",46784
"Customer C-30540","SW-COMM-4YD","2019-09-16",7218
"Customer C-33493","SW-COMM-2","23-Jul-21",12803
"Customer C-03123","SW-COMM-8","2020-10-03",14304
"Customer C-40212","SW-FL-2YD","05/28/2020",8375
"Customer C-37101","SW-RES-1-BW","02/16/2022",10985
"Customer C-37939","SW-ROLLOFF-30YD","05/03/2022",49664
"Customer C-12905","SW-ROLLOFF-20YD","11/18/21",38716
"Customer C-00800","SW-RO-20","07/14/19",36317
"Customer C-27373","SW-RO-10","01-Jul-23",31603
"Customer C-36473","SW-RO-30YD","05/24/2020",46593
"Customer C-17778","SW-ROLLOFF-20YD","09/15/2021",40005
"Customer C-09259","SW-COMM-6YD","2021-04-09",11072
"Customer C-05261","SW-RO-20","04-May-22",43686
"Customer C-24870","SW-COMM-2YD","09-May-23",12020
"Customer C-05666","SW-FL-8YD","09/23/20",20331
"Customer C-32219","SW-RO-40","26-Jan-23",63952
"Customer C-02227","SW-FL-4YD","02/24/22",12796
"Customer C-35702","SW-FL-2YD","27-Jun-19",6603
"Customer C-13783","SW-RES-1-M","26-Nov-22",12072
"Customer C-18463","SW-RO-40","08/01/24",62831
"Customer C-32865","SW-COMM-4YD","2021-03-11",13309
"Customer C-15884","SW-COMM-4YD","08/12/2021",9729
"Customer C-38474","SW-COMM-4","12-Aug-22",16266
"Customer C-44017","SW-RES-1-BW","05/28/2023",7549
"Customer C-35896","NOPE-1","05/19/2019",32548
"Customer C-17055","SW-COMM-4YD","09/26/21",10018
"Customer C-21421","SW-RES-1-BW","09/14/2021",46364
"Customer C-26759","SW-FL-8YD","12/23/20",20868
"Customer C-32697","SW-ROLLOFF-20YD","2022-12-09",41608
"Customer C-18924","SW-FL-4YD","12/26/2020",13860
"Customer C-02004","SW-FL-4YD","02-Jan-22",14604
"Customer C-27694","NOPE-1","04/07/2023",30425
"Customer C-00583","SW-RO-20YD","08-Oct-21",40969
"Customer C-05649","SW-FL-4YD","2019-05-02",8499
"Customer C-32036","SW-RO-20YD","07/14/20",38196
"Customer C-18287","SW-ROLLOFF-10YD","2019-11-28",29051
"Customer C-28933","SW-ROLLOFF-20YD","2024-12-23",40344
"Customer C-13777","SW-ROLLOFF-10YD","2021-05-09",32397
"Customer C-11348","SW-RO-10","11/27/2020",27671
"Customer C-44538","SW-COMM-8YD","10/27/2019",20566
"Customer C-13164","SW-RO-40","20-Jul-21",62091
"Customer C-32670","SW-COMM-6","2020-04-22",15587
"Customer C-06633","SW-COMM-4YD","23-Jul-21",7462
"Customer C-27540","SW-RO-10","27-Mar-22",27535
"Customer C-09489","SW-COMM-6YD","03/18/2022",14459
"Customer C-20855","SW-RO-40YD","01/25/2022",56383
"Customer C-18683","SW-COMM-4","05-Aug-22",11510
"Customer C-17883","SW-ROLLOFF-30YD","2021-08-27",48830
"Customer C-08065","SW-RO-30YD","05/28/2021",50581
"Customer C-16142","SW-RO-40YD","09/11/2019",59212
"Customer C-32114","SW-COMM-2","2020-08-25",5822
"Customer C-40481","SW-ROLLOFF-30YD","02/18/20",45674
"Customer C-44349","SW-RO-20YD","09-Apr-24",36014
"Customer C-26372","SW-COMM-6YD","02/23/20",19081
"Customer C-38242","SW-FL-4YD","07-Feb-24",10892
"Customer C-15612","SW-COMM-2","2019-03-17",9315
"Customer C-12285","SW-ROLLOFF-10YD","27-Mar-21",33808
"Customer C-37919","SW-COMM-4YD","02/13/2024",13474
"Customer C-10524","SW-ROLLOFF-20YD","19-Jul-20",36920
"Customer C-21161","SW-RO-40","2019-12-14",61192
"Customer C-11567","SW-COMM-8YD","02/01/22",14896
"Customer C-09885","SW-RO-40YD","06/02/20",57252
"Customer C-37474","SW-RES-1-W","11/09/2023",13217
"Customer C-06853","SW-RO-10YD","09/18/2021",34872
"Customer C-37193","SW-RO-30","11-May-19",47494
"Customer C-26817","SW-COMM-4","11/20/22",8189
"Customer C-21426","SW-COMM-8","11/22/2024",21505
"Customer C-07368","SW-ROLLOFF-40YD","07/15/2024",63797
"Customer C-24796","SW-COMM-6","2021-02-12",18649
"Customer C-38273","SW-FL-4YD","08/12/20",16069
"Customer C-40912","SW-ROLLOFF-40YD","26-Nov-21",63453
"Customer C-20086","SW-COMM-2YD","03/05/24",4187
"Customer C-35812","SW-RES-1-W","16-Mar-20",13499
"Customer C-12148","SW-COMM-4","06/16/2019",15154
"Customer C-05273","SW-COMM-8YD","04/13/2020",21167
"Customer C-24418","SW-FL-6YD","2024-04-21",12335
"Customer C-29865","SW-RO-40YD","04/01/20",57283
"Customer C-06964","SW-COMM-8","12/19/2023",15373
"Customer C-37735","SW-COMM-2","06/14/2019",10634
"Customer C-38530","SW-ROLLOFF-10YD","10/03/2022",34697
"Customer C-18799","SW-RO-30","10/06/2019",51969
"Customer C-09279","SW-COMM-6YD","14-May-21",16892
"Customer C-24383","SW-COMM-6","09/13/2019",12255
"Customer C-22778","SW-ROLLOFF-30YD","02/09/2024",50411
"Customer C-22715","SW-RO-40YD","10/22/20",62801
"Customer C-39426","SW-FL-2YD","08/16/2020",6398
"Customer C-15318","SW-ROLLOFF-40YD","05/06/2019",62839
"Customer C-33931","SW-COMM-2YD","2021-03-14",8923
"Customer C-22387","SW-ROLLOFF-10YD","01/22/2020",29358
"Customer C-07296","SW-COMM-4","2020-10-19",7380
"Customer C-34337","SW-RO-30","2022-04-02",48462
"Customer C-37833","SW-RO-20YD","27-Jan-23",39257
"Customer C-41608","SW-FL-2YD","2022-12-15",7081
"Customer C-15815","SW-RO-20YD","25-Apr-22",41476
"Customer C-00834","SW-ROLLOFF-30YD","26-Aug-24",54548
"Customer C-29895","SW-ROLLOFF-30YD","14-Dec-19",53530
"Customer C-34520","SW-RO-20","02/03/2019",40367
"Customer C-31195","SW-RO-10","2020-04-11",31044
"Customer C-30816","OLD-SVC-7","01/14/2019",20805
"Customer C-18160","SW-RO-10","04-Nov-19",31487
"Customer C-26220","SW-COMM-4","16-Aug-19",13974
"Customer C-41457","SW-COMM-6YD","09-Dec-22",19998
"Customer C-12417","SW-RO-20YD","2022-10-17",42422
"Customer C-25624","SW-RO-20YD","05-Apr-20",43529
"Customer C-44817","SW-RES-1-M","03/12/2020",28514
"Customer C-25194","SW-COMM-8","06/24/23",21311
"Customer C-00087","SW-RO-20","2021-04-14",37642
"Customer C-36692","OLD-SVC-7","05/17/2023",12706
"Customer C-24033","NOPE-1","02/20/20",33342
"Customer C-33002","SW-FL-2YD","10/17/2019",5532
"Customer C-35003","SW-ROLLOFF-20YD","01/02/2023",35448
"Customer C-28446","SW-ROLLOFF-20YD","04/12/2021",42729
"Customer C-11010","SW-FL-8YD","2020-02-24",17898
"Customer C-30345","SW-FL-8YD","15-Sep-19",14036
"Customer C-32034","SW-COMM-2","2021-08-20",6618
"Customer C-11887","SW-ROLLOFF-10YD","2023-11-03",26950
"Customer C-36851","SW-RO-40","28-Oct-21",62011
"Customer C-07037","SW-RO-10YD","2022-03-03",26169
"Customer C-14401","SW-COMM-4YD","2023-03-08",15073
"Customer C-39202","SW-COMM-8","08/07/2023",16278
"Customer C-01240","SW-RO-30","15-Jun-19",54181
"Customer C-25691","SW-COMM-6YD","26-Jul-24",12751
"Customer C-35679","SW-RO-40YD","19-Feb-23",62788
"Customer C-01213","SW-RO-30","06/16/21",45741
"Customer C-29980","SW-RO-10YD","10/12/2019",29193
"Customer C-24771","SW-RO-30","06/27/2023",52111
"Customer C-15586","SW-RO-20","2022-03-01",41127
"Customer C-32747","SW-XX-99YD","10/03/2019",32213
"Customer C-00607","SW-ROLLOFF-20YD","02-Mar-20",43532
"Customer C-15885","SW-RES-1-W","22-Feb-21",7542
"Customer C-43021","SW-COMM-6","09/06/2023",10805
"Customer C-27184","SW-COMM-6","08/11/2022",10932
"Customer C-28602","SW-COMM-6YD","2023-03-23",19421
"Customer C-43760","SW-ROLLOFF-30YD","12-Sep-20",51651
"Customer C-16052","SW-ROLLOFF-20YD","2020-02-10",37414
"Customer C-24157","SW-ROLLOFF-20YD","25-Mar-23",37087
"Customer C-01319","SW-COMM-4","15-Dec-19",10786
"Customer C-22129","SW-RO-40YD","01/10/2024",60533
"Customer C-13354","SW-FL-4YD","20-Nov-20",16372
"Customer C-27846","SW-COMM-8","11-Jan-20",19959
"Customer C-14002","SW-COMM-2YD","2023-09-11",11195
"Customer C-43182","SW-RO-20","2024-10-22",39385
"Customer C-37873","SW-RES-1-M","01/12/2024",50144
"Customer C-17436","SW-RO-40YD","05-Nov-20",60093
"Customer C-29432","SW-RES-1-W","21-Jul-21",48102
"Customer C-04424","SW-COMM-4","10/01/24",10706
"Customer C-13039","SW-RO-20","03/20/22",44610
"Customer C-07821","SW-FL-8YD","09/17/2019",13889
"Customer C-40469","SW-COMM-8","27-Dec-24",13715
"Customer C-40903","SW-COMM-4YD","2022-10-20",16541
"Customer C-33891","SW-RO-10","07-Dec-23",33645
"Customer C-37238","SW-RO-30","2022-04-18",53270
"Customer C-44901","SW-RO-10","03/23/2022",26271
"Customer C-12896","SW-RO-40YD","01/02/2021",61011
"Customer C-12535","SW-RO-40","02/18/23",57165
"Customer C-23074","SW-RO-30","2023-10-27",54855
"Customer C-24599","SW-RES-1-W","01/10/2019",45748
"Customer C-00179","SW-RO-10","07/26/24",34798
"Customer C-30979","SW-RES-1-BW","08/25/2022",31851
"Customer C-36956","SW-FL-2YD","2019-07-26",13628
"Customer C-23597","SW-ROLLOFF-30YD","12-Sep-24",47962
"Customer C-18785","SW-ROLLOFF-10YD","27-Jul-19",32877
"Customer C-03100","SW-RO-10YD","10-Feb-21",28680
"Customer C-19095","SW-RO-40","2021-12-03",61902
"Customer C-20362","SW-RO-30YD","24-Jan-19",49862
"Customer C-42446","SW-RO-30","07/14/19",53937
"Customer C-24284","SW-RES-1-M","2024-08-22",14464
"Customer C-24452","SW-COMM-2YD","12-Feb-23",8995
"Customer C-05063","OLD-SVC-7","10/28/2019",29743
"Customer C-08854","SW-FL-2YD","06-May-24",11639
"Customer C-28176","SW-ROLLOFF-20YD","05/27/2020",35401
"Customer C-35783","SW-COMM-8","06/23/2019",13529
"Customer C-40223","SW-RO-20","04/08/19",41243
"Customer C-31500","SW-RO-10","10-Jul-22",34605
"Customer C-16877","SW-RO-40YD","12/26/2022",64334
"Customer C-20098","SW-RO-20","2020-07-07",37192
"Customer C-06897","SW-RO-10","10/15/2024",31232
"Customer C-16905","SW-ROLLOFF-30YD","02/01/2021",46554
"Customer C-08697","SW-COMM-8YD","07/19/2023",19710
"Customer C-19741","SW-ROLLOFF-30YD","2024-02-27",47710
"Customer C-23988","SW-RES-1-W","2021-07-28",13950
"Customer C-08452","SW-ROLLOFF-20YD","2019-04-06",39678
"Customer C-19573","SW-RO-20YD","2022-01-27",36258
"Customer C-16339","SW-COMM-4","07-Jan-22",8496
"Customer C-21499","SW-RO-30","02/16/2022",53120
"Customer C-10421","SW-FL-2YD","09/27/19",4236
"Customer C-43887","SW-ROLLOFF-20YD","2019-08-11",38462
"Customer C-41902","SW-COMM-4","2022-02-09",13396
"Customer C-38218","SW-ROLLOFF-30YD","05/17/22",45582
"Customer C-25874","SW-RES-1-BW","02/22/19",10183
"Customer C-04666","SW-COMM-2YD","2023-10-04",13075
"Customer C-00246","SW-RO-40","04/12/2022",56296
"Customer C-10553","SW-COMM-2","06/26/19",5975
"Customer C-34840","SW-COMM-4","10/28/22",11280
"Customer C-28321","SW-RO-30YD","21-Dec-22",45694
"Customer C-41887","SW-COMM-2YD","2020-01-14",10239
"Customer C-15509","SW-RO-20","23-Dec-24",42589
"Customer C-30651","SW-RO-20YD","11/24/23",35493
"Customer C-27156","SW-RO-40","06/14/19",57062
"Customer C-08207","SW-ROLLOFF-20YD","12/24/2023",40298
"Customer C-03650","SW-FL-6YD","25-Apr-20",12104
"Customer C-30705","SW-RO-40","01/24/2021",60355
"Customer C-28322","SW-FL-4YD","19-Aug-21",14148
"Customer C-12426","SW-COMM-4","02/23/2021",15600
"Customer C-06903","SW-ROLLOFF-10YD","02-Jul-21",28736
"Customer C-08358","SW-COMM-4YD","2024-02-27",14061
"Customer C-28029","OLD-SVC-7","02/03/23",45133
"Customer C-14417","SW-FL-2YD","02/03/19",10862
"Customer C-01432","SW-FL-6YD","06/23/2021",11762
"Customer C-02634","SW-COMM-6","10/07/2021",15706
"Customer C-17544","SW-RO-40","04/20/2023",56703
"Customer C-23016","SW-RES-1-M","10/16/22",39807
"Customer C-30548","SW-XX-99YD","11/13/2024",25006
"Customer C-18451","SW-COMM-4YD","01/24/2019",12827
"Customer C-31750","SW-RO-30YD","08/19/2023",47254
"Customer C-14464","SW-ROLLOFF-10YD","03/09/2022",29260
"Customer C-02214","SW-RO-30","28-Dec-21",46474
"Customer C-39883","SW-COMM-8YD","02-Jul-20",17785
"Customer C-32154","SW-ROLLOFF-10YD","06-Nov-23",26503
"Customer C-37450","SW-COMM-4","04/23/20",16762
"Customer C-13670","SW-RO-20YD","01/18/2024",36891
"Customer C-26720","OLD-SVC-7","02-Feb-20",15882
"Customer C-26503","SW-RO-40","08/05/2024",55234
"Customer C-05136","SW-COMM-2","06/11/2022",12711
"Customer C-25661","SW-ROLLOFF-10YD","07/27/2021",27129
"Customer C-15670","SW-RO-10YD","05-Oct-22",34666
"Customer C-36325","SW-FL-2YD","2023-07-08",7073
"Customer C-38227","SW-RO-30YD","2021-06-15",46097
"Customer C-39012","SW-RO-40YD","2020-01-03",61269
"Customer C-42097","SW-RO-40","2021-03-20",63520
"Customer C-17560","SW-FL-2YD","02-Apr-21",11035
"Customer C-19077","SW-FL-2YD","11/04/22",4474
"Customer C-35216","SW-COMM-2YD","06/02/19",4997
"Customer C-19292","SW-COMM-4YD","04/28/2019",12679
"Customer C-30480","SW-FL-2YD","15-Nov-19",7580
"Customer C-38089","SW-FL-2YD","11/07/19",10155
"Customer C-31929","LEGACY-CODE","11-Mar-22",26456
"Customer C-32131","SW-FL-4YD","04/13/19",9677
"Customer C-26039","SW-RO-20YD","08/23/24",43127
"Customer C-07459","SW-RO-40","09-Jul-21",59701
"Customer C-25009","SW-ROLLOFF-40YD","14-Apr-24",62485
"Customer C-21614","SW-RO-30","03/03/2020",54721
"Customer C-18685","SW-RO-40YD","09/01/2024",61877
"Customer C-39872","SW-COMM-4YD","12/14/2019",8333
"Customer C-26599","SW-RO-20YD","2023-12-02",44592
"Customer C-39026","SW-ROLLOFF-20YD","09/28/20",42130
"Customer C-21929","SW-RO-10YD","03/04/2019",34249
"Customer C-03594","SW-COMM-2","05/21/2024",8512
"Customer C-09893","SW-RO-20YD","08/22/2023",35776
"Customer C-32057","SW-RO-40","10/27/23",56586
"Customer C-16658","SW-RES-1-W","02-May-21",25677
"Customer C-39841","SW-RO-30","12/25/2022",54836
"Customer C-12895","SW-RO-30YD","07/23/2024",51818
"Customer C-34322","SW-RO-40YD","02/19/24",64920
"Customer C-22423","LEGACY-CODE","12/15/2024",28339
"Customer C-17021","SW-COMM-6","2023-03-09",17830
"Customer C-00629","SW-RO-10YD","2024-04-22",33889
"Customer C-41008","SW-ROLLOFF-20YD","04/20/22",40501
"Customer C-22497","SW-RO-40","2021-08-28",55040
"Customer C-20047","SW-COMM-2","05/25/2024",7512
"Customer C-44226","SW-RO-10YD","2019-12-14",32164
"Customer C-30367","SW-RO-30","06/19/23",49275
"Customer C-24885","SW-COMM-8YD","11/10/21",18014
"Customer C-40385","SW-FL-8YD","12/16/23",16062
"Customer C-31510","SW-RO-10","01/03/2020",30966
"Customer C-36788","SW-COMM-2YD","11/12/2024",13503
"Customer C-07934","SW-COMM-6","2021-08-14",12875
"Customer C-04057","SW-COMM-2YD","04/11/24",9154
"Customer C-00699","SW-COMM-2","2021-06-06",8006
"Customer C-13339","SW-COMM-4","03/09/19",12010
"Customer C-26580","SW-ROLLOFF-20YD","02/03/2019",40175
"Customer C-30928","SW-RO-40","01-Oct-24",62599
"Customer C-01210","SW-RO-20YD","2021-06-07",35305
"Customer C-42665","SW-RO-40","05/16/21",56134
"Customer C-08431","SW-COMM-2","05/03/21",6562
"Customer C-16422","SW-FL-8YD","07/23/23",15575
"Customer C-16960","SW-RO-40YD","09-Mar-23",61755
"Customer C-05512","SW-ROLLOFF-10YD","06/19/2023",29952
"Customer C-25727","SW-COMM-8YD","11/21/2019",16695
"Customer C-27542","SW-RO-10YD","2023-07-09",27710
"Customer C-32468","SW-RO-20","08/13/2024",37197
"Customer C-31000","SW-RO-40YD","26-Jul-20",57882
"Customer C-44335","SW-COMM-6","12-Sep-19",15976
"Customer C-42383","SW-COMM-4","12/08/2021",10871
"Customer C-11034","SW-ROLLOFF-30YD","09/01/23",54729
"Customer C-05571","SW-ROLLOFF-30YD","02-Jun-24",52325
"Customer C-02288","SW-COMM-2YD","13-Mar-20",4841
"Customer C-20039","SW-RO-40YD","2019-10-09",59517
"Customer C-04643","SW-RO-10YD","03/07/21",31415
"Customer C-18785","SW-ROLLOFF-20YD","2024-08-26",41692
"Customer C-40540","SW-COMM-2YD","09/02/21",13804
"Customer C-32711","NOPE-1","08/08/23",9986
"Customer C-06954","SW-FL-2YD","02/08/2022",13419
"Customer C-03448","SW-COMM-8","05/02/24",22665
"Customer C-37334","SW-FL-6YD","2022-03-07",13916
"Customer C-06012","SW-ROLLOFF-20YD","2020-05-15",35112
"Customer C-22080","SW-RO-20YD","02/27/2021",42233
"Customer C-01279","SW-RES-1-M","02/14/2021",18437
"Customer C-20631","SW-RES-1-M","2022-07-04",49800
"Customer C-09255","SW-COMM-XX","10/24/2024",18624
"Customer C-28413","SW-COMM-8YD","08/17/19",21233
"Customer C-01732","SW-RO-20","2020-07-17",36855
"Customer C-35291","SW-ROLLOFF-40YD","2021-09-13",56757
"Customer C-14603","SW-COMM-2YD","03/06/21",6845
"Customer C-24756","SW-COMM-2","23-May-24",9649
"Customer C-26992","SW-FL-6YD","03/24/2024",13875
"Customer C-42618","SW-FL-2YD","2020-04-16",9800
"Customer C-15872","SW-COMM-2YD","26-Jun-21",11654
"Customer C-25310","SW-FL-4YD","02/24/23",7583
"Customer C-00122","SW-COMM-8YD","05/15/24",16135
"Customer C-13981","SW-RO-10","05/11/2022",33629
"Customer C-21383","SW-COMM-4","2020-01-28",11880
"Customer C-37583","SW-ROLLOFF-30YD","07/14/2022",48076
"Customer C-36001","SW-FL-2YD","11/28/22",9013
"Customer C-23792","SW-RO-20","06/10/21",37047
"Customer C-10240","SW-FL-4YD","08/28/23",10244
"Customer C-18583","SW-ROLLOFF-30YD","10/24/2021",47025
"Customer C-01264","SW-COMM-8YD","21-Jul-23",15028
"Customer C-12185","SW-COMM-6","04/15/2020",16854
"Customer C-32482","SW-COMM-4YD","04/06/2022",15973
"Customer C-02201","SW-FL-4YD","2020-10-06",12332
"Customer C-36672","SW-FL-8YD","2019-06-05",20648
"Customer C-28019","SW-RES-1-M","2019-09-02",54477
"Customer C-12811","SW-RO-10YD","21-Sep-23",28367
"Customer C-18309","SW-RO-40YD","2019-02-05",60570
"Customer C-14044","SW-RO-20","2020-05-18",41808
"Customer C-02057","SW-RES-1-M","03/11/2022",25003
"Customer C-31787","SW-COMM-2YD","2023-05-24",6245
"Customer C-33647","LEGACY-CODE","2019-07-15",18432
"Customer C-31863","SW-RO-30YD","23-Sep-23",45935
"Customer C-42480","SW-RO-20YD","08/17/2022",39457
"Customer C-18206","SW-ROLLOFF-40YD","12-Jan-19",60674
"Customer C-15892","SW-RO-40","09/15/24",57956
"Customer C-16372","SW-COMM-8YD","11/18/2019",13842
"Customer C-24625","SW-RO-40","11/23/24",62881
"Customer C-37685","SW-COMM-8YD","16-Oct-19",15815
"Customer C-06072","SW-COMM-8YD","03/28/2023",22652
"Customer C-43629","SW-ROLLOFF-20YD","2023-04-05",39524
"Customer C-10919","SW-COMM-6YD","2024-12-20",18654
"Customer C-20622","SW-COMM-4YD","01/28/2023",9410
"Customer C-15997","SW-COMM-2YD","04/15/20",9029
"Customer C-44604","SW-ROLLOFF-30YD","02/23/21",53891
"Customer C-44355","NOPE-1","01/27/2023",20936
"Customer C-35397","SW-FL-6YD","11-Feb-21",19775
"Customer C-35577","SW-RO-10","08/05/2021",30888
"Customer C-16653","SW-RO-10YD","09/18/2024",29665
"Customer C-24793","SW-COMM-2YD","08/27/2020",4763
"Customer C-34785","SW-RO-30YD","09/03/2023",49085
"Customer C-10206","SW-ROLLOFF-10YD","02-Jun-21",32900
"Customer C-33614","SW-RES-1-W","2023-02-09",18591
"Customer C-32764","SW-ROLLOFF-40YD","2023-11-21",64639
"Customer C-19116","SW-XX-99YD","11/21/2021",28017
"Customer C-35935","SW-RO-30YD","13-Oct-24",54618
"Customer C-21488","SW-FL-2YD","2023-01-08",5958
"Customer C-03813","SW-ROLLOFF-20YD","05/16/2020",37500
"Customer C-36704","SW-RO-20YD","19-Mar-20",40041
"Customer C-17113","SW-RES-1-BW","2023-10-09",61111
"Customer C-15946","SW-COMM-6","03/24/2022",11814
"Customer C-35843","SW-ROLLOFF-30YD","05/03/20",49148
"Customer C-29743","SW-RO-20YD","04/15/2019",42486
"Customer C-06161","SW-RES-1-W","08/20/2020",7435
"Customer C-15122","SW-ROLLOFF-40YD","04/06/2024",56265
"Customer C-30886","SW-COMM-2","01/02/19",6739
"Customer C-43976","SW-RO-30YD","10/11/2024",48476
"Customer C-33982","SW-COMM-2","08/25/23",9507
"Customer C-25869","SW-RO-10","04-Nov-20",30913
"Customer C-43279","SW-COMM-6YD","03/05/2022",10111
"Customer C-01128","SW-RO-40","11/25/2022",61687
"Customer C-07990","SW-COMM-8","2024-10-21",20630
"Customer C-18724","SW-COMM-6","06/05/2023",16309
"Customer C-06230","SW-ROLLOFF-10YD","09-Sep-19",34285
"Customer C-06775","SW-ROLLOFF-10YD","11-Apr-19",32747
"Customer C-03391","SW-COMM-4","2022-07-17",16972
"Customer C-22180","SW-FL-6YD","11/12/2023",18646
"Customer C-38837","SW-ROLLOFF-10YD","05/10/2022",32539
"Customer C-07114","SW-FL-8YD","2019-02-18",18610
"Customer C-11373","SW-RO-40YD","2022-05-07",64510
"Customer C-33150","SW-COMM-6YD","11/07/19",18749
"Customer C-06920","SW-RO-40YD","04/06/19",57406
"Customer C-06716","SW-ROLLOFF-10YD","11/07/2021",29664
"Customer C-01544","SW-COMM-4","23-Nov-21",16670
"Customer C-02576","SW-ROLLOFF-40YD","07/16/2020",55098
"Customer C-35329","LEGACY-CODE","07/12/24",52970
"Customer C-31032","SW-RO-30","01/19/2024",47282
"Customer C-36240","SW-RO-40YD","2023-03-03",62634
"Customer C-00008","SW-COMM-4YD","2024-12-04",12079
"Customer C-22895","SW-COMM-6","02/24/2021",15360
"Customer C-38464","SW-COMM-4YD","2023-02-17",16747
"Customer C-28906","SW-COMM-4YD","06-Mar-22",13583
"Customer C-20204","SW-RO-30YD","13-Nov-24",47142
"Customer C-08805","SW-RES-1-M","02/13/2024",15120
"Customer C-32826","OLD-SVC-7","2022-12-03",30029
"Customer C-26786","SW-COMM-8YD","03/03/2023",13313
"Customer C-42567","SW-COMM-6","2023-06-06",17673
"Customer C-19966","SW-RO-10","2022-01-22",29024
"Customer C-35385","SW-RES-1-M","06/25/2023",60840
"Customer C-38098","SW-RO-20YD","09/24/2023",38184
"Customer C-39222","SW-RO-10","03/01/2024",30932
"Customer C-44626","SW-FL-6YD","02/13/2023",14860
"Customer C-08959","SW-RES-1-BW","09/28/19",34756
"Customer C-33268","SW-FL-6YD","09/21/22",10330
"Customer C-38108","SW-ROLLOFF-30YD","01/03/2021",46988
"Customer C-17274","SW-XX-99YD","09/20/2019",64196
"Customer C-26424","SW-FL-6YD","06/27/2023",12244
"Customer C-06749","SW-RO-20YD","2022-06-05",37757
"Customer C-16110","SW-RES-1-M","09/05/2024",48939
"Customer C-29516","SW-COMM-2YD","09/06/19",8535
"Customer C-40709","SW-ROLLOFF-30YD","07/08/2019",49613
"Customer C-39682","SW-RO-20YD","12/15/23",38392
"Customer C-20765","SW-FL-8YD","2019-05-18",13205
"Customer C-22400","SW-COMM-8YD","04-Feb-21",20577
"Customer C-05979","SW-RO-20","09/01/21",43567
"Customer C-07336","SW-ROLLOFF-30YD","12/06/2021",53834
"Customer C-15536","SW-ROLLOFF-40YD","2024-01-23",55206
"Customer C-05336","SW-FL-4YD","08/15/23",7497
"Customer C-14366","SW-COMM-2YD","10/28/24",10092
"Customer C-31687","SW-ROLLOFF-40YD","09/03/2020",56125
"Customer C-24242","SW-RO-20YD","2022-07-20",38710
"Customer C-37178","SW-RO-20YD","2020-03-21",37174
"Customer C-26599","SW-RO-20YD","2020-07-14",41533
"Customer C-25273","SW-RO-10YD","03/13/2020",25438
"Customer C-10068","SW-COMM-6","2023-04-04",15186
"Customer C-04831","LEGACY-CODE","07/17/2020",40171
"Customer C-24794","SW-RO-10","23-Sep-23",33730
"Customer C-32900","SW-COMM-4","02/11/19",7332
"Customer C-02130","SW-RES-1-M","03/09/2020",50982
"Customer C-03264","SW-COMM-6YD","05/23/2020",10055
"Customer C-09962","SW-RO-20YD","03/12/2024",36328
"Customer C-22660","SW-RO-10","27-Jan-22",33582
"Customer C-37951","SW-COMM-6","06/21/2022",11295
"Customer C-15800","SW-FL-8YD","07/12/2024",22723
"Customer C-25791","SW-RO-40","2023-04-11",62392
"Customer C-32373","SW-COMM-2","2024-07-25",11173
"Customer C-21960","SW-COMM-8","11/27/2024",18443
"Customer C-13985","SW-RO-20","02/14/2020",41623
"Customer C-05633","LEGACY-CODE","05-Mar-21",47546
"Customer C-26195","SW-RO-20YD","03/03/20",44664
"Customer C-09720","SW-ROLLOFF-10YD","2022-12-22",25889
"Customer C-11798","SW-COMM-4YD","04-Jul-22",12167
"Customer C-05764","SW-FL-4YD","26-May-19",8092
"Customer C-23034","SW-RO-30YD","2023-06-09",48817
"Customer C-00472","SW-FL-2YD","06-Aug-20",10883
"Customer C-32010","SW-FL-2YD","07/01/23",6249
"Customer C-02354","SW-ROLLOFF-20YD","2021-12-22",44866
"Customer C-28938","SW-COMM-8YD","05/01/2022",21425
"Customer C-31569","SW-COMM-2","04/22/2022",13451
"Customer C-25727","SW-FL-8YD","04/14/2021",22621
"Customer C-11864","SW-FL-6YD","2024-01-01",19291
"Customer C-29839","SW-ROLLOFF-10YD","04/19/2020",34201
"Customer C-33214","SW-ROLLOFF-30YD","02/23/21",52744
"Customer C-04403","SW-RO-20","18-Oct-24",40608
"Customer C-01485","SW-ROLLOFF-20YD","09-Nov-22",41959
"Customer C-33454","SW-FL-2YD","2020-02-10",5256
"Customer C-26639","SW-FL-2YD","02/07/2019",10478
"Customer C-21771","SW-RO-30","2024-11-08",54039
"Customer C-29789","SW-FL-2YD","2024-08-02",11619
"Customer C-21561","SW-COMM-4","2021-03-25",7823
"Customer C-43431","SW-FL-2YD","09/12/2024",4885
"Customer C-01034","SW-RO-20YD","02/13/2023",36006
"Customer C-44874","SW-COMM-4","08/16/2019",10182
"Customer C-09766","SW-ROLLOFF-20YD","02/09/2020",42718
"Customer C-22370","SW-ROLLOFF-40YD","15-Nov-23",58394
"Customer C-19717","SW-RO-10","06/23/2023",32155
"Customer C-24709","SW-RO-40","11/18/22",63199
"Customer C-08637","SW-RO-30YD","12/09/2021",53346
"Customer C-05122","SW-ROLLOFF-20YD","06/09/2020",36158
"Customer C-00179","SW-ROLLOFF-20YD","06/16/2021",41362
"Customer C-31753","SW-ROLLOFF-30YD","10/22/2020",46193
"Customer C-35395","SW-RES-1-BW","03/23/2020",28802
"Customer C-10912","SW-FL-6YD","12/04/23",11151
"Customer C-22722","SW-COMM-2","01/28/2023",8313
"Customer C-10735","SW-COMM-8","18-Feb-24",16038
"Customer C-23233","SW-RO-10YD","04/21/19",31232
"Customer C-42856","SW-COMM-2","06/11/2019",7708
"Customer C-02629","SW-COMM-2","05/20/2020",4457
"Customer C-06910","SW-ROLLOFF-30YD","08/22/2020",45966
"Customer C-20998","SW-RO-20","01/15/2019",44837
"Customer C-20993","SW-RO-30YD","12/27/2023",53604
"Customer C-23805","SW-RO-10","2019-07-17",33873
"Customer C-00036","SW-FL-6YD","2020-09-18",14400
"Customer C-05026","SW-COMM-4YD","2023-03-07",11977
"Customer C-36232","SW-ROLLOFF-20YD","12/15/21",41472
"Customer C-23084","SW-RES-1-W","04/04/2024",46514
"Customer C-23485","SW-ROLLOFF-10YD","2023-01-22",25927
"Customer C-10907","LEGACY-CODE","20-Jul-24",59906
"Customer C-28662","SW-RO-10","24-Mar-23",33324
"Customer C-21244","SW-FL-8YD","2019-01-24",22272
"Customer C-26935","SW-COMM-2YD","04/26/2020",8978
"Customer C-21617","SW-ROLLOFF-40YD","06/18/22",61179
"Customer C-32560","SW-ROLLOFF-40YD","02-Jul-22",63852
"Customer C-30301","SW-RO-10","08/03/2024",32880
"Customer C-14775","SW-ROLLOFF-20YD","13-Jul-21",39140
"Customer C-09660","SW-FL-4YD","12/22/2021",12658
"Customer C-40247","SW-COMM-6","04/12/2024",12255
"Customer C-05706","SW-COMM-4YD","04/18/20",14352
"Customer C-40828","SW-COMM-6","2024-01-17",15428
"Customer C-21533","SW-RES-1-W","04/01/2023",11729
"Customer C-15576","SW-COMM-2","2024-11-21",9070
"Customer C-03130","SW-COMM-6YD","2022-05-24",13441
"Customer C-05522","SW-ROLLOFF-40YD","08/26/2020",60657
"Customer C-33559","SW-COMM-8","28-Jan-20",18130
"Customer C-25985","SW-RO-40YD","02/21/2020",55670
"Customer C-11653","SW-RO-10YD","05-Jun-23",29591
"Customer C-31097","SW-FL-8YD","04/20/2023",13408
"Customer C-10526","SW-COMM-6","20-Oct-24",13093
"Customer C-24023","SW-COMM-6YD","2022-10-17",12196
"Customer C-00490","SW-ROLLOFF-30YD","09/15/2019",47963
"Customer C-07392","SW-COMM-2YD","03/28/2022",9822
"Customer C-13785","SW-ROLLOFF-10YD","01/13/19",32161
"Customer C-00133","SW-RO-30","25-Jul-24",50811
"Customer C-36315","SW-FL-6YD","2020-03-02",11725
"Customer C-36188","SW-ROLLOFF-10YD","06-Jan-23",32343
"Customer C-01510","SW-COMM-4YD","19-Apr-24",14727
"Customer C-28528","SW-RES-1-BW","17-Jul-23",45896
"Customer C-22952","SW-ROLLOFF-40YD","04/25/2023",59644
"Customer C-17533","SW-ROLLOFF-10YD","11-Dec-23",33143
"Customer C-32452","SW-FL-8YD","08/03/2021",18611
"Customer C-37713","SW-COMM-4","09/27/2022",12260
"Customer C-15017","SW-RO-20YD","08/03/22",40914
"Customer C-18799","SW-RO-20YD","2023-11-12",37283
"Customer C-35035","SW-COMM-2YD","01/09/21",5580
"Customer C-05623","SW-FL-8YD","2023-01-09",15488
"Customer C-25385","SW-COMM-2YD","10-May-19",13506
"Customer C-23433","SW-RES-1-BW","06/04/19",13864
"Customer C-20072","SW-ROLLOFF-40YD","2019-08-06",62644
"Customer C-22350","SW-COMM-2","06/01/2020",7143
"Customer C-33660","SW-RO-30","05/18/23",51185
"Customer C-17131","SW-FL-2YD","2022-01-15",4694
"Customer C-15606","SW-RO-10YD","2020-06-27",29873
"Customer C-09258","SW-ROLLOFF-20YD","11/11/24",44464
"Customer C-01705","SW-RO-20","01/13/2024",38395
"Customer C-41702","SW-RES-1-BW","07/20/20",43212
"Customer C-09066","SW-RO-20","04/13/19",42982
"Customer C-40177","SW-FL-8YD","10/15/20",19112
"Customer C-17292","SW-RO-30","01-Aug-23",51984
"Customer C-23948","SW-RES-1-W","2019-02-21",44162
"Customer C-28981","SW-COMM-2","10/08/2022",9600
"Customer C-19068","SW-RES-1-W","05/23/2023",16539
"Customer C-42752","SW-ROLLOFF-10YD","06-Nov-24",29754
"Customer C-35616","SW-COMM-4YD","23-Jul-24",15185
"Customer C-36916","SW-ROLLOFF-10YD","11/26/2023",29903
"Customer C-01199","SW-FL-6YD","2024-12-14",16315
"Customer C-10743","SW-COMM-2YD","04/15/2023",11230
"Customer C-07549","SW-COMM-6","2021-04-16",13317
"Customer C-19456","SW-COMM-2YD","03/07/2024",9400
"Customer C-03571","SW-COMM-4YD","2020-03-18",16836
"Customer C-38001","SW-ROLLOFF-30YD","2021-02-05",50892
"Customer C-43947","SW-COMM-4","02/08/2023",10178
"Customer C-43872","SW-FL-2YD","2022-12-20",6631
"Customer C-38729","SW-COMM-6","10/04/21",15810
"Customer C-27041","SW-FL-4YD","28-Apr-19",14487
"Customer C-23242","SW-RO-40","12/18/24",62184
"Customer C-21010","SW-RO-30YD","07/11/2023",53028
"Customer C-05903","SW-COMM-2","08/05/20",8145
"Customer C-33605","SW-COMM-2YD","2023-04-11",9758
"Customer C-17141","SW-FL-8YD","08/27/21",14827
"Customer C-02644","SW-FL-8YD","08/09/2023",14265
"Customer C-27507","SW-COMM-2YD","2020-12-10",12658
"Customer C-28859","SW-FL-8YD","14-Nov-22",18387
"Customer C-13109","SW-COMM-4YD","12-Feb-23",12422
"Customer C-30225","SW-RO-20","22-Jun-24",40071
"Customer C-23766","SW-ROLLOFF-20YD","2021-11-24",40237
"Customer C-22010","SW-ROLLOFF-40YD","02-Oct-19",60580
"Customer C-21503","SW-ROLLOFF-40YD","05/24/2021",64495
"Customer C-06656","SW-RO-10","10/09/23",30409
"Customer C-30709","SW-RO-20","15-Jun-23",43000
"Customer C-35736","SW-COMM-2","01/26/2020",9069
"Customer C-09263","SW-RO-10YD","2020-08-26",32985
"Customer C-11546","SW-RO-30","07/07/2024",45262
"Customer C-41881","SW-RO-30","02/16/22",45430
"Customer C-33880","SW-RES-1-BW","2019-10-07",18588
"Customer C-15617","SW-COMM-6","04/01/2024",13309
"Customer C-15607","SW-RO-30","2022-12-07",49573
"Customer C-29485","SW-RES-1-W","2020-08-09",63518
"Customer C-21383","SW-RO-10","07/19/24",29908
"Customer C-12028","SW-RO-40YD","06/17/19",62784
"Customer C-08562","SW-ROLLOFF-10YD","02-Nov-23",31633
"Customer C-19738","SW-COMM-6YD","2024-09-09",17526
"Customer C-28312","SW-ROLLOFF-40YD","19-Oct-20",55796
"Customer C-36219","SW-COMM-2","10/25/22",11480
"Customer C-14168","SW-ROLLOFF-10YD","26-Nov-23",33092
"Customer C-35248","SW-COMM-2YD","05/25/2021",6421
"Customer C-07595","LEGACY-CODE","01/14/2023",13780
"Customer C-19278","SW-RO-10","04/06/20",34887
"Customer C-27719","SW-RO-30","09/25/2020",46513
"Customer C-02313","SW-COMM-8","2023-07-21",19317
"Customer C-33806","SW-RO-20","2021-05-24",37107
"Customer C-12011","SW-COMM-6","2020-12-08",17327
"Customer C-19426","SW-RO-20","03/08/21",40484
"Customer C-09507","SW-FL-2YD","15-Jul-22",10204
"Customer C-40830","SW-RO-10","2024-05-21",32902
"Customer C-39918","SW-FL-8YD","10/22/2023",22760
"Customer C-27679","SW-RO-20YD","05/04/2024",41150
"Customer C-16592","SW-RES-1-W","07/25/2019",50071
"Customer C-13358","SW-COMM-8","2021-10-26",22788
"Customer C-09456","SW-ROLLOFF-10YD","2023-09-07",29929
"Customer C-43645","SW-COMM-4","06/26/2019",12311
"Customer C-32154","SW-COMM-4YD","09/11/20",14543
"Customer C-07862","SW-RO-10YD","11/05/2020",32714
"Customer C-42521","SW-RES-1-BW","03/19/19",59641
"Customer C-25781","SW-FL-4YD","03/17/19",9163
"Customer C-24674","SW-RO-30YD","2023-04-17",49771
"Customer C-04790","SW-COMM-6YD","2021-08-22",15916
"Customer C-11043","SW-RO-40","02/11/2022",64189
"Customer C-24464","SW-FL-8YD","09/18/22",20333
"Customer C-24799","SW-RO-30","12/07/2022",50943
"Customer C-44995","SW-ROLLOFF-10YD","19-Jul-20",33262
"Customer C-39146","SW-COMM-4YD","04/18/2023",8557
"Customer C-15310","SW-ROLLOFF-10YD","2019-09-16",28183
"Customer C-24458","SW-XX-99YD","01/19/2019",9538
"Customer C-08816","SW-RO-20","01/25/2022",37650
"Customer C-14738","SW-ROLLOFF-30YD","12-Jan-21",51955
"Customer C-36103","SW-RO-30","22-May-24",47544
"Customer C-38175","SW-ROLLOFF-40YD","2023-10-21",63872
"Customer C-42651","SW-FL-6YD","2019-12-20",16320
"Customer C-11836","SW-ROLLOFF-40YD","02/24/2021",62433
"Customer C-19900","SW-COMM-8YD","03/06/24",15249
"Customer C-16257","SW-RO-30YD","07/10/2019",46531
"Customer C-22173","SW-RO-20","07/08/2020",41333
"Customer C-36571","SW-ROLLOFF-30YD","02/17/23",48376
"Customer C-23271","SW-ROLLOFF-20YD","28-Mar-21",41837
"Customer C-38406","SW-RO-30YD","2023-10-16",47502
"Customer C-42960","SW-FL-6YD","2024-09-20",19872
"Customer C-11536","SW-RO-10YD","05/21/2022",30266
"Customer C-12671","SW-FL-8YD","22-Nov-24",22090
"Customer C-26164","SW-COMM-6","19-Sep-24",11770
"Customer C-04274","SW-RO-10YD","2022-06-20",26087
"Customer C-30618","SW-RO-30YD","02/24/2021",45379
"Customer C-38718","SW-COMM-8YD","12/12/20",14312
"Customer C-44152","OLD-SVC-7","2020-06-12",8794
"Customer C-14461","SW-RO-30","05/09/2022",51118
"Customer C-12293","SW-RO-30","20-Mar-20",48424
"Customer C-40443","SW-FL-2YD","08/11/2024",13603
"Customer C-39982","SW-RES-1-M","03/26/2021",63697
"Customer C-28493","SW-RO-30","08/26/2020",54208
"Customer C-02709","SW-ROLLOFF-40YD","05/12/23",57493
"Customer C-21870","SW-RO-20YD","09/16/22",38817
"Customer C-30095","SW-COMM-6YD","2020-12-08",17821
"Customer C-08907","SW-RO-20","17-Sep-22",38223
"Customer C-18657","SW-FL-2YD","05/05/21",4939
"Customer C-14235","SW-COMM-8YD","03/21/2020",22048
"Customer C-03983","SW-COMM-8","11/23/2022",19887
"Customer C-30123","SW-ROLLOFF-20YD","2021-06-01",36954
"Customer C-23885","SW-RO-40","08-Nov-20",62825
"Customer C-21220","SW-RO-30YD","20-Oct-20",50388
"Customer C-10395","SW-RO-30YD","04/21/2020",45435
"Customer C-03213","SW-COMM-8","06/04/2019",22618
"Customer C-28041","NOPE-1","2021-12-27",8906
"Customer C-04196","SW-COMM-8","2021-12-13",17512
"Customer C-00709","SW-ROLLOFF-20YD","28-Mar-20",41731
"Customer C-30268","SW-FL-2YD","05/14/2020",9096
"Customer C-03881","SW-COMM-6YD","2022-12-06",12094
"Customer C-08830","SW-RO-10","02/15/19",32480
"Customer C-24483","SW-FL-2YD","04/19/19",4746
"Customer C-37247","SW-RO-20YD","01/14/2023",37643
"Customer C-33661","SW-RO-10YD","01/24/2021",34501
"Customer C-21876","SW-COMM-2YD","03/04/2020",10605
"Customer C-07671","SW-ROLLOFF-20YD","2023-12-19",36163
"Customer C-22567","SW-RES-1-M","07/04/2019",11134
"Customer C-19977","SW-COMM-2YD","07/02/2024",6525
"Customer C-20891","SW-FL-8YD","09/16/2021",14330
"Customer C-09672","SW-FL-6YD","05/28/20",12250
"Customer C-43564","SW-COMM-4","22-Jun-21",11756
"Customer C-21618","SW-RES-1-M","2020-01-05",9298
"Customer C-42998","OLD-SVC-7","11/28/2022",15853
"Customer C-31315","SW-ROLLOFF-20YD","09-Feb-24",42799
"Customer C-10753","SW-COMM-4","13-Jan-24",10057
"Customer C-40322","SW-RO-30","02/01/2022",54117
"Customer C-40771","SW-RO-30YD","12/23/2021",53944
"Customer C-01596","SW-COMM-2YD","2023-06-04",6235
"Customer C-32763","SW-COMM-2","09/21/23",8099
"Customer C-17275","SW-COMM-4","10/09/2022",16702
"Customer C-01156","OLD-SVC-7","06/21/19",32034
"Customer C-33239","SW-ROLLOFF-30YD","12/08/19",45046
"Customer C-28824","LEGACY-CODE","10/16/22",32179
"Customer C-33760","SW-RO-10YD","16-Oct-23",26067
"Customer C-01690","SW-FL-8YD","08/01/2022",17830
"Customer C-29034","SW-RES-1-M","06/10/23",13929
"Customer C-29353","SW-RO-40","12/18/2024",64883
"Customer C-33005","SW-COMM-2","2022-07-24",5657
"Customer C-00425","SW-RO-30YD","2022-08-13",49924
"Customer C-32709","SW-FL-6YD","05/19/22",16543
"Customer C-29396","OLD-SVC-7","04/28/2022",32587
"Customer C-44055","SW-RO-40","08-Jan-23",64700
"Customer C-22122","SW-RO-40","13-Jul-21",55036
"Customer C-17597","SW-FL-2YD","08/07/2024",10391
"Customer C-17264","SW-ROLLOFF-10YD","10/21/2020",26174
"Customer C-14230","SW-RO-20","03/03/19",41025
"Customer C-16588","SW-RO-30YD","04/09/2024",54930
"Customer C-11279","SW-ROLLOFF-20YD","2020-03-04",40335
"Customer C-41541","SW-ROLLOFF-30YD","06/21/2022",47827
"Customer C-03886","SW-COMM-8","2024-04-06",14799
"Customer C-06243","SW-COMM-6YD","2020-09-19",12042
"Customer C-16465","SW-RO-30YD","11/20/22",46733
"Customer C-43112","SW-COMM-2YD","2024-09-08",5703
"Customer C-26436","SW-RO-10YD","03/28/2020",27530
"Customer C-28706","SW-ROLLOFF-10YD","2020-09-06",25326
"Customer C-06644","SW-ROLLOFF-20YD","10/07/2019",44398
"Customer C-27617","SW-ROLLOFF-10YD","22-Nov-24",25741
"Customer C-08368","SW-RO-40YD","08/26/2023",60177
"Customer C-01684","SW-FL-6YD","15-Jul-20",10967
"Customer C-00151","SW-ROLLOFF-10YD","07/09/22",31448
"Customer C-39828","SW-RO-40","07/23/2019",55264
"Customer C-01287","SW-COMM-6","2019-08-28",13912
"Customer C-26709","SW-ROLLOFF-30YD","11-May-20",46997
"Customer C-43896","SW-COMM-4","01-Oct-23",12784
"Customer C-09881","SW-COMM-8","09/28/2020",14985
"Customer C-43815","SW-COMM-8","03/11/2022",22218
"Customer C-34518","SW-RES-1-BW","08-Mar-20",41216
"Customer C-43403","SW-RO-10","05/27/23",30473
"Customer C-38358","SW-RO-20YD","2024-06-16",35822
"Customer C-10260","SW-RO-40","01/11/2021",60287
"Customer C-31255","SW-RES-1-W","15-Jan-21",56930
"Customer C-24976","SW-COMM-4YD","04/18/22",8448
"Customer C-39525","SW-RO-40","09/21/2023",55835
"Customer C-05404","SW-RO-30YD","10/22/2024",53338
"Customer C-15684","SW-COMM-4","08/25/2022",10371
"Customer C-21166","SW-RO-30","07/27/2021",51744
"Customer C-01253","SW-COMM-8YD","03/26/2021",14898
"Customer C-38124","SW-RES-1-BW","11-Dec-20",31561
"Customer C-29532","SW-RO-10","11-May-23",32128
"Customer C-27928","SW-ROLLOFF-40YD","01-Nov-21",56359
"Customer C-27291","SW-RO-30","2024-09-25",53995
"Customer C-17653","SW-RO-40","06/10/2022",61640
"Customer C-26688","SW-FL-6YD","15-Apr-19",17681
"Customer C-21045","SW-RO-30YD","01-Apr-20",54468
"Customer C-13443","SW-FL-6YD","12-May-19",17012
"Customer C-00120","SW-RO-40","05/13/20",60249
"Customer C-20657","SW-ROLLOFF-10YD","02/01/2022",31008
"Customer C-03135","SW-RES-1-W","19-May-20",4851
"Customer C-16772","SW-RO-10YD","15-Dec-21",31741
"Customer C-10031","SW-RO-10YD","01-Mar-19",33690
"Customer C-20610","SW-FL-4YD","2024-07-10",10349
"Customer C-19962","SW-ROLLOFF-10YD","02/01/24",33888
"Customer C-05665","SW-COMM-2YD","06/20/2022",8879
"Customer C-44968","SW-RO-20","11/18/2020",42986
"Customer C-01354","SW-RO-10","04/19/2019",30327
"Customer C-20103","SW-COMM-2YD","27-Jun-24",4935
"Customer C-27162","SW-RO-10YD","02-Oct-24",28194
"Customer C-36336","SW-RO-10YD","12/03/2023",33805
"Customer C-32910","SW-COMM-XX","10/24/23",13500
"Customer C-16823","SW-RO-20","16-Sep-21",36318
"Customer C-23920","SW-RO-10","2020-04-09",32425
"Customer C-12573","SW-ROLLOFF-30YD","02/16/24",46590
"Customer C-29802","SW-COMM-4YD","03/01/2022",10085
"Customer C-33916","SW-COMM-2YD","2019-12-14",13703
"Customer C-21207","SW-RO-20YD","05/19/22",42359
"Customer C-40540","SW-FL-8YD","12/24/24",20215
"Customer C-23146","SW-COMM-6YD","06/18/23",19208
"Customer C-35463","SW-RES-1-W","14-Jun-20",51154
"Customer C-24946","SW-ROLLOFF-30YD","02-Oct-20",48085
"Customer C-33223","SW-ROLLOFF-20YD","2024-11-13",36012
"Customer C-35107","SW-RO-10","2024-03-07",25845
"Customer C-06908","SW-RO-40","19-Mar-20",55735
"Customer C-38405","SW-COMM-4YD","11/02/2023",12048
"Customer C-09605","SW-FL-2YD","02/25/2020",7989
"Customer C-35654","SW-FL-2YD","2023-06-27",4766
"Customer C-04189","SW-FL-2YD","14-Jul-22",8152
"Customer C-04450","SW-COMM-6YD","2023-03-21",13505
"Customer C-29244","SW-RES-1-M","06/25/21",8634
"Customer C-39235","SW-RO-40","2022-08-28",57382
"Customer C-35150","SW-FL-6YD","03/07/2022",19757
"Customer C-35281","SW-COMM-8YD","2020-08-01",16985
"Customer C-02433","NOPE-1","23-Jul-21",32000
"Customer C-33470","SW-FL-2YD","12/04/2023",12326
"Customer C-10765","SW-ROLLOFF-10YD","05/12/24",29941
"Customer C-37095","SW-RO-20","16-Apr-21",44131
"Customer C-27478","SW-COMM-8YD","04-Apr-21",15982
"Customer C-25538","SW-RO-10","2024-03-02",29323
"Customer C-05639","SW-COMM-8","2024-11-20",16314
"Customer C-43698","SW-COMM-XX","2021-08-24",34756
"Customer C-31325","SW-RO-20","09/14/2022",39441
"Customer C-32096","SW-RO-30","2021-05-18",53182
"Customer C-43758","SW-COMM-4","07/09/2022",8847
"Customer C-37212","SW-ROLLOFF-40YD","12/02/23",59763
"Customer C-36080","SW-RO-10","11/24/22",25899
"Customer C-44304","SW-COMM-2YD","06/01/2021",11626
"Customer C-11096","SW-FL-4YD","05/20/2020",15196
"Customer C-43836","SW-RO-40YD","01/25/2019",58630
"Customer C-13579","SW-FL-2YD","2019-04-06",10442
"Customer C-33083","SW-RO-20","04/11/2019",38715
"Customer C-01295","SW-COMM-6YD","09/01/2020",12836
"Customer C-14532","SW-COMM-2","15-Dec-21",5006
"Customer C-12308","SW-ROLLOFF-40YD","2024-06-19",58088
"Customer C-34537","LEGACY-CODE","11/13/2021",8970
"Customer C-43920","SW-COMM-2YD","2024-09-09",5862
"Customer C-23157","SW-FL-2YD","03/21/2022",13533
"Customer C-19234","SW-RES-1-BW","06/16/24",11104
"Customer C-09272","SW-RO-30YD","2020-09-25",53290
"Customer C-27254","SW-ROLLOFF-20YD","03/11/2019",39989
"Customer C-44079","SW-ROLLOFF-10YD","06-Oct-23",30832
"Customer C-06221","SW-COMM-6YD","2020-06-05",16912
"Customer C-09347","SW-COMM-4","06/14/2021",13605
"Customer C-05855","SW-RO-40YD","02/22/19",57839
"Customer C-19261","SW-COMM-4","2019-07-19",8094
"Customer C-14160","SW-COMM-6YD","2024-09-03",11297
"Customer C-04382","SW-ROLLOFF-40YD","2020-04-28",61666
"Customer C-39998","SW-RO-30","11/22/2023",50170
"Customer C-32124","SW-RO-10","06-Jun-19",30392
"Customer C-11791","SW-COMM-2","06/10/19",6893
"Customer C-01669","SW-RES-1-BW","2021-04-07",19634
"Customer C-32733","SW-RO-20","2022-01-17",44103
"Customer C-22334","SW-RO-20","23-Jan-23",41089
"Customer C-39788","SW-ROLLOFF-30YD","12/01/2024",48967
"Customer C-21822","SW-RO-20YD","2024-01-24",36578
"Customer C-34706","SW-FL-2YD","2019-07-28",8196
"Customer C-27397","SW-RO-20YD","07/22/2022",43956
"Customer C-24033","SW-RO-40","12/14/2021",61023
"Customer C-09033","SW-COMM-6","12/12/2023",18069
"Customer C-29959","SW-COMM-XX","04-Mar-24",59643
"Customer C-40210","SW-RO-20","11/28/21",40345
"Customer C-11016","SW-COMM-8YD","08/18/2019",19397
"Customer C-42017","SW-ROLLOFF-20YD","04/24/21",44570
"Customer C-12637","SW-RES-1-W","06/17/2022",7679
"Customer C-29949","SW-COMM-6YD","06/17/2022",14648
"Customer C-41318","SW-COMM-6","03/15/2024",11892
"Customer C-14172","SW-RO-20YD","07/08/21",35267
"Customer C-25248","SW-COMM-8","2021-01-16",15533
"Customer C-02007","SW-ROLLOFF-20YD","03/09/2019",40503
"Customer C-35741","SW-RO-40YD","2022-12-05",58709
"Customer C-20303","SW-COMM-8YD","24-Feb-19",16611
"Customer C-14524","SW-FL-8YD","2020-03-08",14279
"Customer C-08261","SW-ROLLOFF-40YD","12/03/19",62176
"Customer C-03107","SW-RO-30YD","2019-10-22",52424
"Customer C-27033","SW-COMM-6","08/03/2020",12764
"Customer C-12230","SW-RO-10YD","2022-01-20",33097
"Customer C-35232","SW-COMM-8","2021-01-27",17370
"Customer C-35182","SW-RO-20YD","21-Feb-20",39290
"Customer C-17764","SW-RO-40","06/25/2024",60909
"Customer C-07996","SW-ROLLOFF-30YD","06/03/23",46194
"Customer C-31008","SW-RO-10YD","04/09/2021",32462
"Customer C-22395","SW-RO-10YD","14-Feb-23",32481
"Customer C-11247","SW-COMM-8YD","02/06/2020",20839
"Customer C-14838","SW-COMM-4YD","02/03/2023",16536
"Customer C-32712","SW-ROLLOFF-40YD","2023-04-21",59240
"Customer C-33577","SW-RES-1-W","06/16/20",27227
"Customer C-28374","SW-RO-20","11-Oct-19",40710
"Customer C-30458","OLD-SVC-7","09-Mar-20",29769
"Customer C-28846","SW-COMM-4YD","2024-08-05",13241
"Customer C-41099","SW-COMM-4YD","16-May-22",12878
"Customer C-31559","SW-RO-10YD","04/20/2023",30787
"Customer C-28308","SW-RO-40YD","03/12/2020",62144
"Customer C-00778","SW-ROLLOFF-30YD","2020-01-27",45152
"Customer C-01431","SW-FL-6YD","2021-11-10",10917
"Customer C-18944","SW-RES-1-W","2021-06-03",44470
"Customer C-18956","SW-ROLLOFF-10YD","2020-10-15",31315
"Customer C-31281","SW-COMM-2YD","2023-10-10",9608
"Customer C-07480","SW-FL-6YD","21-Jul-22",10759
"Customer C-18505","SW-ROLLOFF-40YD","2024-02-25",60175
"Customer C-02339","SW-COMM-4","2019-07-12",7055
"Customer C-22637","SW-FL-6YD","06/14/2020",18411
"Customer C-08833","SW-RO-40","19-Jul-24",61908
"Customer C-00188","SW-ROLLOFF-10YD","27-Mar-19",34199
"Customer C-04299","SW-FL-6YD","11-Nov-22",10094
"Customer C-07381","SW-COMM-8","20-Oct-19",19686
"Customer C-20870","SW-COMM-4","01/16/2019",10190
"Customer C-11182","SW-RO-10YD","2023-03-11",32468
"Customer C-37479","SW-COMM-XX","04/08/2024",37204
"Customer C-38068","SW-COMM-XX","09/03/20",63182
"Customer C-33036","SW-ROLLOFF-10YD","11/01/2023",31584
"Customer C-16813","SW-RO-40YD","2022-05-19",62332
"Customer C-07331","SW-RO-30","2021-12-02",48260
"Customer C-19967","SW-ROLLOFF-30YD","04/17/21",48368
"Customer C-33205","SW-RES-1-M","04/15/22",56644
"Customer C-24107","SW-COMM-2","10/26/22",11166
"Customer C-12852","SW-RO-30","2020-09-06",49593
"Customer C-20061","SW-COMM-6","03/09/23",13948
"Customer C-23864","SW-RO-10","21-Dec-23",27045
"Customer C-30424","SW-ROLLOFF-40YD","03/02/2021",63934
"Customer C-21337","SW-COMM-6","03/11/2024",18465
"Customer C-23175","SW-RO-10","06/26/2021",31559
"Customer C-08251","SW-FL-8YD","2022-11-05",17025
"Customer C-44480","SW-FL-4YD","01/15/2020",9466
"Customer C-06669","SW-ROLLOFF-20YD","01/04/2022",40394
"Customer C-34237","SW-COMM-6","07/19/2022",12110
"Customer C-19942","SW-FL-6YD","25-Dec-24",12289
"Customer C-29919","SW-ROLLOFF-20YD","05/11/2023",37039
"Customer C-43679","SW-RO-10YD","11/17/20",32731
"Customer C-14396","SW-COMM-6","2019-12-11",15625
"Customer C-19407","SW-COMM-4","01/13/2023",10125
"Customer C-15513","SW-RO-40","05/17/2021",62322
"Customer C-28907","SW-ROLLOFF-10YD","05/15/2023",33511
"Customer C-27542","SW-COMM-4","2022-11-10",9655
"Customer C-32708","NOPE-1","2021-05-01",31261
"Customer C-10705","SW-COMM-4","10-Dec-21",12623
"Customer C-10499","SW-RO-30","09/22/22",47158
"Customer C-40638","SW-ROLLOFF-40YD","22-Dec-20",55872
"Customer C-20228","SW-COMM-8","08/23/20",13391
"Customer C-05069","SW-ROLLOFF-20YD","08/24/21",40843
"Customer C-20087","SW-RO-40","02/02/21",55716
"Customer C-04942","SW-ROLLOFF-10YD","27-Sep-23",34040
"Customer C-28479","SW-RO-40","04/14/2022",64498
"Customer C-26822","SW-ROLLOFF-30YD","2024-09-26",51577
"Customer C-28025","SW-RO-20","2022-02-02",38183
"Customer C-34918","SW-FL-6YD","04/26/2022",19126
"Customer C-18443","SW-ROLLOFF-10YD","08-Oct-22",29940
"Customer C-14422","SW-RO-40","07/04/2021",61730
"Customer C-27518","SW-RES-1-W","10-Dec-23",9250
"Customer C-29352","SW-FL-4YD","2020-01-03",8843
"Customer C-35299","SW-RO-30","01/02/24",46657
"Customer C-07593","SW-RES-1-BW","11-Jul-19",55877
"Customer C-13546","SW-FL-8YD","2023-05-16",18687
"Customer C-14028","SW-RO-20YD","12/23/24",35768
"Customer C-34709","SW-RO-20YD","05/24/2020",37760
"Customer C-31842","SW-RES-1-M","02/27/2022",26457
"Customer C-19293","SW-RO-20YD","01-Feb-23",41109
"Customer C-17789","SW-ROLLOFF-30YD","02-Jan-20",52029
"Customer C-13282","SW-RO-40","2023-01-19",55596
"Customer C-04214","SW-RO-20YD","09/18/22",35446
"Customer C-00621","SW-FL-2YD","11/06/24",5745
"Customer C-40265","SW-RES-1-BW","12/22/2022",13054
"Customer C-08608","SW-COMM-2YD","12/10/20",8096
"Customer C-04380","SW-COMM-4YD","07/16/2022",10273
"Customer C-25752","SW-ROLLOFF-20YD","2020-01-26",38654
"Customer C-10465","SW-COMM-8","11/03/23",20306
"Customer C-35830","SW-FL-6YD","2023-07-18",19942
"Customer C-12585","SW-RO-20YD","01/03/24",43109
"Customer C-32861","SW-RO-40YD","05/05/24",57569
"Customer C-27908","SW-RO-20","02/28/23",42406
"Customer C-15656","SW-XX-99YD","17-Aug-19",11041
"Customer C-23301","SW-RO-20YD","2024-05-14",35411
"Customer C-05193","SW-RES-1-BW","10/08/22",15422
"Customer C-32759","SW-COMM-2","2019-08-14",13147
"Customer C-39120","SW-FL-2YD","12/01/2024",13101
"Customer C-42536","SW-RO-10YD","07/27/24",26710
"Customer C-15149","SW-RO-40YD","26-Jul-19",58293
"Customer C-18958","SW-RO-40YD","05/06/2022",55903
"Customer C-16784","SW-COMM-4","08/16/2020",14020
"Customer C-29663","SW-RO-20YD","04/01/2023",36720
"Customer C-22364","SW-RO-30","04/25/2020",48348
"Customer C-01488","OLD-SVC-7","15-Aug-21",61517
"Customer C-30061","SW-RES-1-W","08/25/19",15481
"Customer C-13614","SW-RO-30","2023-12-12",49279
"Customer C-14244","SW-ROLLOFF-30YD","13-Mar-22",53548
"Customer C-38478","SW-COMM-4YD","23-Jun-24",13332
"Customer C-13530","SW-RO-30","11/11/21",48816
"Customer C-42747","SW-COMM-2","12-Jul-21",13844
"Customer C-34792","SW-RO-20","07-Oct-21",40626
"Customer C-17007","SW-FL-4YD","2021-02-01",7854
"Customer C-33331","LEGACY-CODE","03-Oct-20",14896
"Customer C-41335","SW-COMM-8YD","10/11/2021",22021
"Customer C-24390","SW-COMM-6","07/18/21",13805
"Customer C-32127","SW-RO-30YD","06/15/19",53584
"Customer C-25017","LEGACY-CODE","01/07/2020",11913
"Customer C-09106","SW-COMM-8","15-Aug-21",20458
"Customer C-05928","SW-FL-4YD","2024-07-10",12890
"Customer C-37141","SW-RO-30","12/18/2024",46184
"Customer C-17726","SW-ROLLOFF-40YD","08/08/2024",55263
"Customer C-32681","SW-RO-10","07/07/23",30532
"Customer C-31170","SW-RO-30","08-Aug-19",48438
"Customer C-25595","SW-RO-30","03/28/20",54749
"Customer C-42047","SW-FL-8YD","16-Mar-22",17538
"Customer C-14774","SW-COMM-8YD","2024-04-10",20084
"Customer C-09176","SW-FL-2YD","04-Feb-23",6415
"Customer C-02729","SW-COMM-2YD","12/12/22",8049
"Customer C-38203","SW-RO-40YD","2024-02-10",62181
"Customer C-13393","SW-RO-20","01/10/2022",42923
"Customer C-14811","SW-RO-30","2023-06-20",53484
"Customer C-05137","SW-FL-8YD","03-May-20",22503
"Customer C-21055","SW-FL-6YD","2019-11-20",13504
"Customer C-27478","SW-COMM-2","02/01/2020",9472
"Customer C-23253","SW-RO-10YD","12-Apr-23",33456
"Customer C-16996","SW-FL-6YD","05/04/2022",14935
"Customer C-36724","SW-RO-40YD","11/16/2020",59228
"Customer C-42363","SW-COMM-8","04/10/2023",14835
"Customer C-08110","SW-COMM-4YD","02/12/2022",14312
"Customer C-31251","SW-COMM-8YD","08/01/2024",13467
"Customer C-29103","SW-ROLLOFF-40YD","21-May-23",60347
"Customer C-44316","SW-RES-1-BW","02-Mar-23",44140
"Customer C-10678","SW-COMM-8","2023-10-14",18581
"Customer C-37455","NOPE-1","2023-01-14",15687
"Customer C-40981","SW-COMM-8YD","13-Jan-21",14660
"Customer C-10271","SW-RO-40YD","03/13/19",57555
"Customer C-08975","SW-RO-20YD","22-Aug-21",44713
"Customer C-21637","SW-ROLLOFF-20YD","09/21/2023",41436
"Customer C-12507","SW-RES-1-BW","05/06/2020",31586
"Customer C-37965","SW-ROLLOFF-40YD","02-Nov-20",63191
"Customer C-31036","SW-RO-40","2021-01-01",59275
"Customer C-08046","SW-FL-8YD","08/15/2021",15228
"Customer C-08864","SW-ROLLOFF-10YD","2023-12-22",29441
"Customer C-33276","SW-COMM-2","04/05/21",5542
"Customer C-36946","SW-ROLLOFF-10YD","01/26/2020",25567
"Customer C-03385","SW-COMM-2YD","07/15/2024",8321
"Customer C-31293","SW-COMM-6","2024-12-08",14087
"Customer C-21899","SW-RO-10YD","26-Aug-21",29990
"Customer C-00836","SW-COMM-8","05/17/2023",13380
"Customer C-25233","SW-RES-1-M","12/23/2023",51911
"Customer C-40225","NOPE-1","07/20/2019",10952
"Customer C-26785","SW-RO-10","2023-10-10",29284
"Customer C-17472","SW-COMM-8","23-Dec-22",20581
"Customer C-21233","SW-COMM-2","10/05/23",10043
"Customer C-04239","SW-RES-1-BW","07/07/2019",21712
"Customer C-23316","SW-RO-40","08/06/2024",62020
"Customer C-06363","SW-ROLLOFF-40YD","2020-05-13",60361
"Customer C-05168","SW-RO-30","2023-11-26",46068
"Customer C-28568","SW-COMM-6YD","2019-05-06",18311
"Customer C-16848","SW-COMM-2YD","2021-06-22",7237
"Customer C-31004","SW-RO-40YD","04/18/23",64806
"Customer C-07396","SW-COMM-8","01/09/2023",19268
"Customer C-04938","SW-RO-10YD","2022-03-12",32202
"Customer C-34958","SW-FL-4YD","04/23/2023",10822
"Customer C-41340","SW-COMM-6","10/20/19",16536
"Customer C-44594","SW-ROLLOFF-20YD","07/20/2019",37177
"Customer C-30436","SW-FL-4YD","01/04/2019",11883
"Customer C-38144","SW-RO-10YD","03-Jan-24",27167
"Customer C-42526","OLD-SVC-7","03/03/23",59562
"Customer C-06845","SW-FL-6YD","09/26/2024",16638
"Customer C-36905","SW-FL-4YD","2023-10-08",7660
"Customer C-10217","SW-COMM-2","06/26/22",4717
"Customer C-01470","SW-ROLLOFF-10YD","2019-03-19",27426
"Customer C-18425","SW-COMM-4YD","02/24/2023",8617
"Customer C-01422","SW-RO-20","09/04/23",35942
"Customer C-43024","SW-COMM-4YD","05/26/2019",14413
"Customer C-27290","SW-RO-30YD","05/04/2022",48782
"Customer C-34951","OLD-SVC-7","2021-05-04",61041
"Customer C-05127","SW-FL-4YD","27-Apr-22",15087
"Customer C-32275","SW-COMM-6YD","28-Apr-22",13959
"Customer C-02155","SW-ROLLOFF-40YD","02/10/23",55766
"Customer C-17953","SW-RO-40","07/07/21",60537
"Customer C-13463","SW-ROLLOFF-40YD","2019-05-27",57173
"Customer C-29608","SW-XX-99YD","10/15/2020",29257
"Customer C-33258","SW-ROLLOFF-20YD","02-Nov-19",43273
"Customer C-08221","SW-COMM-4","17-Oct-22",8735
"Customer C-07150","SW-COMM-XX","02/12/24",53429
"Customer C-14570","SW-RO-30YD","2024-06-01",52789
"Customer C-01398","SW-RES-1-W","08/03/22",29184
"Customer C-36964","SW-RO-20","04/23/23",43901
"Customer C-36813","SW-RO-10","02/24/2019",34118
"Customer C-11872","SW-FL-8YD","07/17/2022",16754
"Customer C-44129","SW-RO-20","2021-04-17",39164
"Customer C-17397","SW-COMM-2YD","06/19/21",5551
"Customer C-16757","SW-ROLLOFF-20YD","05/04/2023",44270
"Customer C-23147","SW-ROLLOFF-20YD","2019-11-12",40442
"Customer C-44895","SW-COMM-6","05/23/2020",14513
"Customer C-15752","SW-ROLLOFF-30YD","06/26/2022",50511
"Customer C-32437","SW-COMM-2","02/12/2019",10745
"Customer C-07835","SW-ROLLOFF-10YD","2020-08-14",30519
"Customer C-02140","SW-COMM-8YD","03-May-21",16632
"Customer C-06445","SW-ROLLOFF-10YD","02-Oct-24",34187
"Customer C-02813","SW-COMM-6","06/15/2021",18959
"Customer C-37825","SW-RO-40YD","02/06/19",61742
"Customer C-28255","SW-FL-4YD","09/12/2023",11131
"Customer C-24878","SW-RO-30YD","10/05/2024",53878
"Customer C-44688","SW-COMM-8YD","12/10/2024",14643
"Customer C-29272","SW-RO-20YD","06/13/2020",41037
"Customer C-40690","SW-ROLLOFF-20YD","12/26/22",42695
"Customer C-22386","SW-RO-30","03/18/2021",54494
"Customer C-22886","SW-RO-30YD","2019-11-21",45969
"Customer C-24274","SW-RO-10","2020-07-24",34121
"Customer C-05079","SW-RO-10YD","06-Sep-23",34247
"Customer C-08175","SW-COMM-8YD","04/27/19",21702
"Customer C-05747","SW-RO-40YD","2024-02-05",60560
"Customer C-40033","SW-COMM-4","03/14/24",8640
"Customer C-02340","SW-RO-20","2021-01-05",38783
"Customer C-40546","SW-ROLLOFF-40YD","12/14/2024",62776
"Customer C-38659","SW-ROLLOFF-30YD","2022-03-07",49728
"Customer C-31429","SW-COMM-8","06-Jan-21",20960
"Customer C-15281","SW-RO-20YD","11/07/20",42750
"Customer C-20430","SW-FL-8YD","2019-01-27",18304
"Customer C-37790","NOPE-1","03/27/2022",47555
"Customer C-00829","SW-RO-10YD","2019-04-15",34809
"Customer C-39214","SW-ROLLOFF-10YD","12/19/24",33664
"Customer C-32938","SW-COMM-XX","2024-09-24",34279
"Customer C-09214","SW-RO-40YD","02-Jul-20",59311
"Customer C-44188","SW-RO-30YD","07/20/22",53164
"Customer C-24071","SW-RO-10","01/07/20",27396
"Customer C-39417","SW-FL-6YD","07/20/2022",16848
"Customer C-02529","SW-COMM-6YD","12/21/2019",15936
"Customer C-01462","SW-ROLLOFF-20YD","2020-05-18",35910
"Customer C-44181","SW-RO-20","03/11/2024",37645
"Customer C-13727","SW-FL-4YD","2019-09-15",11233
"Customer C-15727","SW-RO-20YD","13-Jan-24",39915
"Customer C-37314","SW-COMM-4","15-Nov-24",13213
"Customer C-37266","SW-RO-40","01-Apr-21",63610
"Customer C-18837","SW-RES-1-M","2020-11-07",43828
"Customer C-19809","SW-RO-10YD","16-Oct-24",27035
"Customer C-15703","SW-ROLLOFF-20YD","02/27/20",39134
"Customer C-33216","SW-RES-1-W","10/17/2019",41618
"Customer C-03868","SW-RO-40YD","2023-10-25",58120
"Customer C-31097","SW-RO-40YD","08/27/2024",64818
"Customer C-04793","SW-ROLLOFF-20YD","06/23/2020",39377
"Customer C-06277","SW-FL-8YD","02/03/24",20190
"Customer C-06142","SW-RES-1-W","13-Sep-24",20007
"Customer C-26993","SW-COMM-2","2024-05-23",9681
"Customer C-18650","SW-COMM-8","01/19/2022",18903
"Customer C-19839","SW-XX-99YD","04/20/2024",17827
"Customer C-26565","SW-RES-1-M","2022-12-08",8431
"Customer C-01243","SW-COMM-8YD","2019-07-06",21425
"Customer C-38926","SW-COMM-8YD","05/08/2023",18803
"Customer C-36061","SW-RO-10YD","05/03/22",28595
"Customer C-39153","SW-ROLLOFF-30YD","2020-12-27",45604
"Customer C-27574","SW-COMM-2","11/22/2022",6429
"Customer C-26677","SW-RO-40YD","04/17/23",58675
"Customer C-07652","SW-RO-10YD","2020-10-04",33293
"Customer C-17443","SW-RO-20YD","02/08/2019",39511
"Customer C-03046","SW-COMM-XX","05/04/2022",15919
"Customer C-11439","SW-ROLLOFF-20YD","2019-07-08",39116
"Customer C-08843","SW-ROLLOFF-20YD","11/05/2021",42037
"Customer C-15152","SW-RO-30YD","04/01/20",50574
"Customer C-19663","SW-FL-2YD","27-May-24",7974
"Customer C-19145","SW-RO-30","2021-11-04",51674
"Customer C-44290","SW-ROLLOFF-20YD","03/10/2019",39580
"Customer C-30681","SW-RO-10YD","03/09/20",26550
"Customer C-40146","SW-ROLLOFF-10YD","05/21/2021",25697
"Customer C-26963","SW-ROLLOFF-30YD","2022-12-23",49066
"Customer C-39467","SW-RO-40YD","28-Jun-22",56132
"Customer C-32323","SW-RO-40YD","26-Jun-24",62643
"Customer C-35979","SW-RO-20","01-Dec-22",39456
"Customer C-16365","SW-RO-40","28-Jan-20",58365
"Customer C-08349","SW-COMM-6YD","06/07/2023",14770
"Customer C-20795","SW-RO-30","02-Dec-20",52805
"Customer C-20057","SW-COMM-6","2022-05-05",16398
"Customer C-07106","SW-RO-10","12/26/20",34949
"Customer C-12293","SW-RO-40YD","10-Apr-20",60258
"Customer C-41388","SW-RO-10YD","2020-03-25",34253
"Customer C-36867","SW-XX-99YD","2024-02-28",7162
"Customer C-10821","SW-RO-20YD","22-Jul-19",38657
"Customer C-10493","SW-COMM-XX","02/20/2021",13718
"Customer C-32668","SW-RO-30","09/01/23",48420
"Customer C-13566","SW-RO-30","06/23/2024",47762
"Customer C-08671","SW-RO-10YD","2019-02-20",32826
"Customer C-37094","SW-RO-20YD","02/22/2021",41856
"Customer C-12567","SW-RO-30YD","2023-03-21",47762
"Customer C-24325","SW-FL-8YD","04/23/24",13436
"Customer C-02952","SW-RO-40","24-Feb-20",64616
"Customer C-04311","SW-FL-8YD","2020-06-07",15652
"Customer C-21052","SW-ROLLOFF-10YD","09-Oct-21",33807
"Customer C-42303","SW-ROLLOFF-20YD","27-Dec-24",38527
"Customer C-30143","SW-RO-10YD","2019-09-11",29101
"Customer C-03956","SW-COMM-8YD","07/07/2021",18735
"Customer C-24860","SW-ROLLOFF-20YD","04-Jan-23",37958
"Customer C-29352","SW-COMM-6","04/25/2023",10947
"Customer C-10298","SW-COMM-4YD","02-Apr-23",8345
"Customer C-12314","SW-COMM-8","02/12/2021",16343
"Customer C-42103","SW-RO-20","2023-12-01",44625
"Customer C-10090","SW-ROLLOFF-10YD","10/11/2022",28496
"Customer C-43345","SW-ROLLOFF-10YD","2022-07-04",28209
"Customer C-11619","SW-RO-30YD","03/28/24",50508
"Customer C-04682","SW-RO-40YD","2021-05-08",56303
"Customer C-06851","SW-ROLLOFF-30YD","03/02/2023",47863
"Customer C-34732","SW-RO-40","12/25/2019",55569
"Customer C-27856","SW-COMM-4YD","06/27/2021",14798
"Customer C-31402","SW-FL-8YD","06/01/2020",14776
"Customer C-05553","SW-RO-10YD","2024-02-05",27151
"Customer C-35854","SW-ROLLOFF-10YD","2022-11-01",27276
"Customer C-19669","SW-RO-20YD","05/17/2019",36251
"Customer C-18632","SW-ROLLOFF-20YD","2024-10-07",36648
"Customer C-08795","SW-COMM-8YD","06/24/2019",16178
"Customer C-21851","SW-FL-6YD","2024-09-10",13009
"Customer C-33517","SW-RO-40","05/28/23",59898
"Customer C-02006","OLD-SVC-7","08/05/22",31820
"Customer C-19451","SW-COMM-4YD","06/13/22",16268
"Customer C-44201","SW-RO-40YD","12/07/24",62154
"Customer C-24623","SW-COMM-6","09-May-23",16660
"Customer C-10602","SW-FL-8YD","05/22/21",15367
"Customer C-15559","SW-RES-1-W","2023-05-02",11578
"Customer C-32331","SW-COMM-2","2023-12-17",10830
"Customer C-26700","SW-RO-10YD","11/26/2022",33174
"Customer C-35028","SW-COMM-4","08/15/19",14509
"Customer C-05423","SW-COMM-2","2023-04-05",12600
"Customer C-19973","SW-COMM-6","2023-11-09",11981
"Customer C-12043","SW-COMM-2YD","08/25/24",13324
"Customer C-14700","SW-FL-2YD","20-Sep-23",7281
"Customer C-40445","SW-COMM-2","2020-03-28",11900
"Customer C-25700","SW-RO-20","2022-04-10",40403
"Customer C-31904","SW-ROLLOFF-40YD","10/10/20",63295
"Customer C-22271","SW-FL-6YD","2024-03-24",15039
"Customer C-41320","SW-RO-30","07/15/2019",47418
"Customer C-11762","SW-FL-4YD","09/20/2020",12653
"Customer C-02906","SW-RO-10","10/18/2022",28822
"Customer C-44397","SW-COMM-6YD","27-Feb-23",13191
"Customer C-12944","SW-ROLLOFF-40YD","03/10/2023",60488
"Customer C-07981","SW-FL-4YD","2022-11-11",10155
"Customer C-15352","SW-COMM-6","12/10/2023",19045
"Customer C-05727","SW-FL-4YD","2019-04-28",12995
"Customer C-37999","SW-COMM-6YD","2024-07-17",19173
"Customer C-19284","SW-ROLLOFF-20YD","27-Oct-20",37507
"Customer C-43378","SW-RES-1-M","2019-07-04",50068
"Customer C-42472","SW-RO-30","14-Jun-19",54998
"Customer C-23675","SW-ROLLOFF-30YD","04/25/2020",49392
"Customer C-00196","SW-FL-4YD","10/08/2024",12682
"Customer C-22890","SW-COMM-4YD","02/10/2024",9660
"Customer C-41368","SW-RES-1-BW","09/20/2020",15754
"Customer C-19813","SW-RO-20","12/26/2020",41932
"Customer C-30155","NOPE-1","19-Jun-19",59967
"Customer C-15964","SW-RO-40YD","04-Mar-24",56182
"Customer C-18584","SW-COMM-4YD","07/06/2020",7807
"Customer C-21761","SW-ROLLOFF-30YD","07/19/2019",53592
"Customer C-08114","SW-COMM-2YD","03/21/2020",5076
"Customer C-30888","SW-ROLLOFF-10YD","05/09/2023",26886
"Customer C-12536","SW-FL-4YD","05/08/2023",15974
"Customer C-39245","SW-COMM-8","12/13/21",17048
"Customer C-44905","SW-RO-20","08/17/2024",36792
"Customer C-07505","SW-RO-40YD","21-Dec-22",63089
"Customer C-33810","SW-RO-30","11-Mar-19",50667
"Customer C-18339","SW-RO-40YD","06/27/2023",56941
"Customer C-31180","SW-RO-40YD","2020-03-07",63491
"Customer C-44015","SW-RES-1-BW","2021-11-28",26576
"Customer C-02584","SW-ROLLOFF-30YD","03/16/2021",45760
"Customer C-04656","SW-RES-1-BW","06/13/2023",52977
"Customer C-02934","SW-COMM-8","11/22/2023",14347
"Customer C-40731","SW-COMM-4YD","2020-12-13",9535
"Customer C-25402","SW-FL-4YD","2023-03-11",16166
"Customer C-25829","SW-XX-99YD","12-Mar-20",22704
"Customer C-22837","SW-ROLLOFF-30YD","01/03/2019",47105
"Customer C-27524","SW-RO-30","03/27/21",54280
"Customer C-42560","SW-ROLLOFF-10YD","24-Sep-20",29403
"Customer C-21852","SW-FL-4YD","2022-03-23",11978
"Customer C-18886","SW-RO-10YD","12/13/19",34506
"Customer C-38211","SW-FL-8YD","09/23/19",22616
"Customer C-05244","SW-RO-30YD","2020-06-04",53175
"Customer C-12247","SW-COMM-4","05-Feb-20",10672
"Customer C-33037","SW-RO-30","2020-05-11",48821
"Customer C-38261","SW-COMM-8YD","25-Jan-21",16430
"Customer C-13223","SW-ROLLOFF-30YD","02-Aug-20",48693
"Customer C-36073","SW-RO-40","08/11/2020",56867
"Customer C-26212","SW-RO-40YD","03/01/2019",64490
"Customer C-02494","SW-COMM-8YD","2020-03-11",14260
"Customer C-39333","SW-COMM-6YD","01/27/19",12962
"Customer C-24872","SW-RO-20YD","05/02/2021",44540
"Customer C-03301","SW-RO-20YD","11/18/20",39354
"Customer C-24323","SW-RO-20","2023-09-05",41345
"Customer C-08354","SW-COMM-4","14-Jul-19",8940
"Customer C-41915","SW-ROLLOFF-30YD","23-Aug-19",51352
"Customer C-40122","SW-RO-10","2022-07-21",33977
"Customer C-34579","SW-RO-30YD","07/07/2019",52327
"Customer C-37639","SW-ROLLOFF-40YD","08/26/2022",60488
"Customer C-24183","SW-RES-1-M","2019-07-12",33765
"Customer C-33235","SW-RO-20","07/20/20",40288
"Customer C-13514","SW-RO-20YD","06/03/2023",44591
"Customer C-01150","SW-RES-1-W","10/07/24",49348
"Customer C-34042","SW-FL-2YD","02/11/23",10580
"Customer C-27001","SW-RO-10","2020-08-03",25590
"Customer C-26765","SW-COMM-2","2020-02-02",6283
"Customer C-39652","SW-RO-20","28-Aug-21",43764
"Customer C-37308","SW-COMM-2YD","14-Oct-21",11762
"Customer C-17594","SW-RO-20","06/24/2023",44849
"Customer C-44039","SW-ROLLOFF-10YD","03/04/2020",32936
"Customer C-37425","SW-RO-40YD","2024-04-08",59526
"Customer C-35547","SW-RO-30YD","02/15/2022",50298
"Customer C-03872","SW-FL-2YD","28-Aug-20",7020
"Customer C-04464","SW-ROLLOFF-10YD","07/13/2019",26950
"Customer C-15031","SW-RO-20YD","07/21/2022",44480
"Customer C-27906","SW-RO-20YD","04/07/2021",36222
"Customer C-33125","SW-COMM-2YD","2023-12-18",12111
"Customer C-30956","SW-FL-8YD","08/14/2022",20299
"Customer C-06879","SW-COMM-2","2024-04-04",10463
"Customer C-27839","SW-FL-4YD","09/15/19",14944
"Customer C-03709","SW-RES-1-W","10/12/2022",49006
"Customer C-20939","SW-RES-1-M","03/09/24",7780
"Customer C-37482","SW-COMM-2","12/01/2024",10790
"Customer C-40111","SW-FL-8YD","05/05/23",14921
"Customer C-16743","SW-COMM-8","02/11/2021",15883
"Customer C-03539","SW-ROLLOFF-10YD","09/26/2019",33284
"Customer C-15883","SW-COMM-6YD","06/09/2022",10730
"Customer C-18425","SW-FL-8YD","12-Feb-21",21913
"Customer C-23919","SW-RO-20","07/25/19",44400
"Customer C-16885","SW-RES-1-BW","06/13/2019",43325
"Customer C-17147","SW-ROLLOFF-40YD","24-Sep-19",61708
"Customer C-35426","SW-ROLLOFF-30YD","2022-04-21",45664
"Customer C-31992","SW-COMM-4YD","22-Apr-24",14466
"Customer C-22586","SW-RO-40YD","26-Jun-19",64863
"Customer C-42527","SW-COMM-4YD","09/04/2019",15503
"Customer C-30708","SW-RO-30","15-May-23",52043
"Customer C-27500","SW-RO-20YD","2021-03-01",36592
"Customer C-40591","SW-COMM-8YD","04/18/2023",20940
"Customer C-29587","SW-FL-8YD","12/01/19",18802
"Customer C-22742","SW-COMM-8","05/22/21",19243
"Customer C-24289","SW-COMM-2","2023-08-08",5014
"Customer C-00579","SW-RO-40YD","05/28/2024",55133
"Customer C-14308","SW-COMM-4","12/03/23",14419
"Customer C-10751","SW-COMM-8YD","2019-07-15",21294
"Customer C-24306","SW-RO-30YD","09/22/2022",46868
"Customer C-27110","SW-COMM-2","05/03/2020",4458
"Customer C-41104","SW-COMM-4YD","10/11/2023",7544
"Customer C-36270","SW-ROLLOFF-20YD","2019-01-17",37901
"Customer C-21388","SW-RO-40","09/09/2024",63563
"Customer C-03550","SW-FL-2YD","2024-02-19",9171
"Customer C-14484","SW-RES-1-W","03/28/2024",27994
"Customer C-29610","SW-RO-10YD","01/18/2022",33927
"Customer C-00507","SW-ROLLOFF-20YD","04/21/20",42351
"Customer C-19554","SW-RO-20YD","2021-07-18",36300
"Customer C-39567","SW-COMM-2YD","05/11/2022",4433
"Customer C-36708","SW-COMM-4","13-Aug-24",12698
"Customer C-13620","SW-RO-10YD","06/25/21",27512
"Customer C-31605","SW-RO-10YD","08/14/23",33489
"Customer C-44123","SW-ROLLOFF-30YD","11/04/23",51604
"Customer C-30334","SW-RO-30YD","10/15/23",53046
"Customer C-32065","OLD-SVC-7","05/12/2022",9006
"Customer C-13412","SW-ROLLOFF-20YD","11/02/2023",37086
"Customer C-07910","SW-FL-4YD","04/10/2021",9315
"Customer C-24577","SW-COMM-XX","22-Feb-24",41231
"Customer C-37942","SW-RO-10YD","07/03/20",31018
"Customer C-20302","SW-FL-2YD","2024-12-04",5921
"Customer C-31111","SW-COMM-2","07/07/2022",11227
"Customer C-11985","SW-RO-20","11/05/21",37334
"Customer C-21273","SW-RO-20","06/08/2024",43584
"Customer C-10617","SW-RO-40YD","10/14/2020",61470
"Customer C-23823","SW-RO-20","08/05/2023",41720
"Customer C-13134","SW-RO-10","08/20/24",26295
"Customer C-26835","SW-FL-8YD","2019-12-03",20675
"Customer C-10519","SW-COMM-4","09/06/23",16507
"Customer C-39397","SW-ROLLOFF-30YD","11/25/19",45526
"Customer C-04511","SW-RO-20","2023-01-04",35752
"Customer C-32786","SW-FL-2YD","07/23/2020",9725
"Customer C-01251","SW-RES-1-M","12/11/19",64029
"Customer C-10185","SW-FL-8YD","2023-01-11",15352
"Customer C-07044","SW-RO-20YD","05/05/22",44860
"Customer C-08654","SW-RO-20YD","04/21/2022",40222
"Customer C-01164","SW-FL-2YD","2019-02-08",12316
"Customer C-30978","SW-RO-40","27-Jul-24",60968
"Customer C-25856","SW-COMM-8","2019-09-18",14891
"Customer C-14839","SW-FL-2YD","03-Nov-24",9689
"Customer C-00009","SW-COMM-6","08/04/2024",14953
"Customer C-19637","SW-ROLLOFF-30YD","2020-11-19",53216
"Customer C-13005","SW-ROLLOFF-10YD","13-Aug-20",25577
"Customer C-38350","SW-RO-30YD","07/10/2022",53489
"Customer C-09025","SW-COMM-8YD","06/02/22",13418
"Customer C-32250","SW-ROLLOFF-40YD","2022-10-01",58902
"Customer C-04634","SW-ROLLOFF-20YD","05/11/20",44237
"Customer C-29337","SW-FL-4YD","12-Oct-19",11899
"Customer C-25302","SW-ROLLOFF-10YD","09-Feb-19",30924
"Customer C-17210","SW-COMM-6YD","2023-10-28",12091
"Customer C-15952","SW-COMM-4","07/22/2022",13689
"Customer C-21321","SW-COMM-6YD","2024-04-26",15682
"Customer C-27595","SW-FL-8YD","01/24/2021",13091
"Customer C-23786","SW-RES-1-BW","2020-09-16",38430
"Customer C-16459","SW-ROLLOFF-30YD","01/24/2023",45976
"Customer C-22307","SW-RO-30YD","09/12/2020",47615
"Customer C-23822","SW-COMM-2","01/24/19",12822
"Customer C-00326","SW-COMM-4","01-May-20",12077
"Customer C-20505","SW-ROLLOFF-20YD","05/07/23",44463
"Customer C-13343","SW-COMM-8","01/22/24",14597
"Customer C-28578","SW-ROLLOFF-40YD","09/21/2023",61330
"Customer C-42346","SW-RO-40","2022-06-20",56396
"Customer C-01358","SW-FL-8YD","26-Apr-22",16029
"Customer C-13910","SW-FL-8YD","2020-11-26",21331
"Customer C-12532","SW-FL-6YD","2023-03-02",13512
"Customer C-02891","SW-ROLLOFF-10YD","2024-11-14",26898
"Customer C-25243","SW-ROLLOFF-20YD","05/06/22",44368
"Customer C-34519","SW-ROLLOFF-10YD","02/02/2023",25327
"Customer C-16865","SW-ROLLOFF-10YD","05-May-23",27497
"Customer C-26594","SW-RO-40YD","06-May-21",61135
"Customer C-34409","SW-ROLLOFF-20YD","23-Jun-21",44835
"Customer C-25109","SW-RO-10","11/15/2020",27903
"Customer C-04996","SW-ROLLOFF-40YD","06-Jul-20",63977
"Customer C-07592","SW-FL-2YD","12/03/2022",10871
"Customer C-15352","SW-COMM-6","02/17/20",11667
"Customer C-40993","SW-RO-40","09/20/2022",61713
"Customer C-20020","SW-RO-10","07/18/19",31869
"Customer C-29236","SW-RO-20","10/14/2020",40307
"Customer C-11270","SW-ROLLOFF-20YD","05/25/21",39487
"Customer C-29419","SW-COMM-8YD","25-Aug-20",13367
"Customer C-14735","SW-RO-30","09/25/2020",54372
"Customer C-39493","SW-ROLLOFF-10YD","2023-07-12",31103
"Customer C-44890","SW-COMM-4","2024-12-21",9997
"Customer C-29079","SW-COMM-8","2023-10-17",14279
"Customer C-39969","SW-RO-40YD","08/12/2020",61624
"Customer C-07218","SW-FL-6YD","12/20/2020",12014
"Customer C-22817","SW-RO-40","14-Mar-20",59821
"Customer C-20651","SW-ROLLOFF-40YD","11/04/22",57117
"Customer C-37942","SW-RES-1-W","08/11/2022",17416
"Customer C-38011","LEGACY-CODE","2023-08-04",52808
"Customer C-28797","SW-RES-1-M","2019-10-26",13836
"Customer C-33033","SW-ROLLOFF-30YD","04/04/2024",48704
"Customer C-05340","SW-COMM-XX","21-Sep-20",25370
"Customer C-03037","SW-RO-30YD","05/11/2021",52113
"Customer C-44662","SW-ROLLOFF-40YD","04/05/2022",63628
"Customer C-06778","SW-RO-30","10/12/24",51102
"Customer C-28671","SW-RES-1-W","2023-02-06",11436
"Customer C-06347","SW-ROLLOFF-40YD","11/27/2023",58235
"Customer C-36252","SW-RES-1-M","06/12/2021",54669
"Customer C-33498","SW-RES-1-M","09-Jun-19",52078
"Customer C-33909","SW-ROLLOFF-20YD","10/12/2019",39941
"Customer C-07852","SW-COMM-6YD","04/13/2021",15087
"Customer C-44992","SW-RO-20","12/23/2021",43588
"Customer C-32986","SW-COMM-6YD","04/04/23",10491
"Customer C-07558","SW-ROLLOFF-10YD","08/02/2022",31337
"Customer C-01941","SW-ROLLOFF-10YD","05/09/22",26630
"Customer C-19754","SW-RO-30","2019-07-26",54521
"Customer C-29698","SW-FL-2YD","10/10/2021",11208
"Customer C-24464","SW-RO-20","07/21/2022",41315
"Customer C-30036","SW-COMM-4YD","02/25/2023",15719
"Customer C-32988","SW-RO-30","02/23/20",49961
"Customer C-06733","SW-RO-20","2020-12-21",36856
"Customer C-33393","SW-RES-1-M","2023-06-02",36904
"Customer C-39430","SW-COMM-8","07-Aug-21",17612
"Customer C-02549","SW-RO-40","03/19/24",64559
"Customer C-29156","SW-COMM-8","07/07/2022",17324
"Customer C-11470","SW-FL-8YD","10/27/24",20650
"Customer C-37502","NOPE-1","2020-05-26",12445
"Customer C-37092","SW-RES-1-BW","2022-01-14",11174
"Customer C-28045","SW-RO-10YD","2022-01-12",28223
"Customer C-11287","SW-RO-30YD","2019-02-24",52864
"Customer C-38857","NOPE-1","02/21/20",18879
"Customer C-36877","SW-RO-40","04/12/2021",58461
"Customer C-32811","SW-ROLLOFF-10YD","09/12/22",32840
"Customer C-41256","SW-RO-30","2019-01-24",45007
"Customer C-25241","SW-FL-2YD","09/08/20",4321
"Customer C-24588","SW-RES-1-M","06/22/2020",61855
"Customer C-30511","SW-FL-4YD","07/01/2019",7258
"Customer C-30873","SW-ROLLOFF-20YD","06-Jan-20",44408
"Customer C-01174","SW-RO-40YD","2022-06-12",61144
"Customer C-35885","SW-RO-10YD","2023-12-26",30330
"Customer C-37990","SW-RO-40","06-Jan-21",56301
"Customer C-42767","SW-COMM-4YD","2021-01-05",12836
"Customer C-27918","SW-COMM-6YD","07/04/2023",11954
"Customer C-05070","SW-RO-40YD","06/26/24",58311
"Customer C-38670","SW-RO-20YD","06/24/23",42850
"Customer C-03689","SW-RO-30","01-Apr-24",54697
"Customer C-07323","SW-FL-2YD","18-Feb-23",8556
"Customer C-16601","SW-ROLLOFF-20YD","03-Aug-23",36545
"Customer C-44281","SW-RO-20","03/05/2022",37152
"Customer C-41187","SW-RO-10YD","2020-10-16",34781
"Customer C-30916","SW-RO-40YD","03/14/2021",62549
"Customer C-28076","SW-RO-20","16-Jan-22",41085
"Customer C-25887","SW-ROLLOFF-10YD","10/22/2021",31299
"Customer C-31046","SW-COMM-8YD","2020-05-28",19152
"Customer C-34049","SW-RO-30","05/17/2023",51172
"Customer C-16546","SW-COMM-6YD","01/05/2019",15905
"Customer C-43725","SW-COMM-2","05/14/2020",4273
"Customer C-30797","SW-FL-2YD","25-Sep-19",4690
"Customer C-26998","SW-RO-40","09/27/2020",64512
"Customer C-22858","SW-RO-10YD","24-Jul-24",25722
"Customer C-42457","SW-COMM-8","07/19/2024",18387
"Customer C-02466","SW-ROLLOFF-30YD","07/23/2021",50845
"Customer C-31149","SW-COMM-4YD","13-Mar-21",8091
"Customer C-42149","SW-FL-2YD","06/25/23",13618
"Customer C-26616","SW-FL-8YD","11/05/2022",17074
"Customer C-40209","SW-COMM-2YD","06/23/2021",4357
"Customer C-25848","SW-RO-10","11/10/21",26610
"Customer C-12835","SW-COMM-2","2019-06-10",8487
"Customer C-06293","SW-RO-30","23-May-23",48079
"Customer C-17029","SW-RES-1-BW","2023-04-26",11600
"Customer C-20548","SW-RO-10YD","04/17/2021",28998
"Customer C-16560","SW-RES-1-M","03/25/2024",64903
"Customer C-39707","SW-FL-4YD","16-Jan-24",10674
"Customer C-37478","SW-COMM-8YD","2021-06-03",17973
"Customer C-34472","SW-RO-30YD","10/14/2020",53422
"Customer C-31104","SW-RO-30","11/10/21",48758
"Customer C-19879","SW-RO-20YD","2020-02-16",41112
"Customer C-34286","SW-RO-20YD","14-May-20",41959
"Customer C-14112","SW-RO-30","18-Mar-22",47574
"Customer C-14564","SW-RO-40","07-Feb-21",55191
"Customer C-34258","SW-RES-1-BW","2020-06-09",8591
"Customer C-43816","SW-COMM-8YD","2021-05-24",15226
"Customer C-02367","SW-RO-10","06/24/2019",30509
"Customer C-09746","SW-RO-10","07/03/2022",32716
"Customer C-04065","SW-ROLLOFF-10YD","01/25/2024",27507
"Customer C-07325","SW-COMM-6YD","17-Dec-19",18773
"Customer C-14766","SW-COMM-8YD","05/12/2019",17063
"Customer C-43347","SW-ROLLOFF-20YD","2023-08-10",36801
"Customer C-23275","SW-ROLLOFF-40YD","01/11/2021",61239
"Customer C-20616","SW-RO-20YD","07-Apr-23",43194
"Customer C-04054","SW-RES-1-M","02/26/21",56757
"Customer C-41413","SW-ROLLOFF-40YD","10/15/20",63302
"Customer C-14220","SW-RES-1-W","06/11/19",38165
"Customer C-39921","SW-RO-10","02/21/2021",27912
"Customer C-02608","SW-COMM-8","07-Jan-24",15527
"Customer C-13747","SW-RO-10YD","01/03/2024",27347
"Customer C-33184","SW-ROLLOFF-40YD","02/01/24",56458
"Customer C-15633","SW-RO-30","05-Feb-24",45937
"Customer C-25731","OLD-SVC-7","2021-10-10",43977
"Customer C-06787","SW-RO-20YD","10/23/22",44630
"Customer C-09122","SW-FL-6YD","09/20/2019",18709
"Customer C-37831","SW-ROLLOFF-30YD","07/20/2023",47589
"Customer C-09065","SW-RO-10YD","2022-11-15",34153
"Customer C-26152","SW-COMM-4YD","07/23/24",11384
"Customer C-19777","SW-RES-1-W","07/21/2021",11583
"Customer C-35716","SW-COMM-4YD","03/22/2024",15121
"Customer C-33071","SW-COMM-2","08/27/2021",4182
"Customer C-21615","SW-RO-40","05/20/22",62437
"Customer C-35652","SW-RO-20","07/12/2019",40572
"Customer C-35683","SW-ROLLOFF-40YD","04/05/21",60925
"Customer C-04499","SW-ROLLOFF-10YD","27-Feb-21",30015
"Customer C-18969","SW-COMM-8YD","10/07/2019",20741
"Customer C-32957","SW-FL-4YD","2021-06-05",12200
"Customer C-19896","SW-RO-10YD","2024-04-15",31586
"Customer C-18157","SW-COMM-8YD","01/02/2022",20925
"Customer C-30133","SW-RES-1-M","26-Feb-24",62895
"Customer C-01622","SW-COMM-2YD","2024-01-13",10519
"Customer C-29226","SW-ROLLOFF-30YD","02-Apr-24",53944
"Customer C-00859","SW-FL-4YD","11-Jul-24",7748
"Customer C-37899","SW-FL-6YD","2021-07-08",16405
"Customer C-16925","SW-COMM-4","24-Jan-24",15769
"Customer C-14933","SW-ROLLOFF-10YD","08/15/2022",30608
"Customer C-23294","SW-ROLLOFF-40YD","26-Jun-23",63396
"Customer C-20962","SW-ROLLOFF-30YD","28-May-22",46499
"Customer C-24987","SW-COMM-6","01/08/2019",14668
"Customer C-44523","SW-RO-20YD","18-Sep-23",36580
"Customer C-25360","SW-ROLLOFF-40YD","05/10/2020",63223
"Customer C-15514","SW-COMM-6","2019-02-07",13212
"Customer C-08622","SW-RES-1-M","12/26/2023",10000
"Customer C-37082","SW-RES-1-M","25-Nov-21",17612
"Customer C-15550","SW-FL-4YD","2019-03-28",9203
"Customer C-43090","SW-FL-2YD","01/02/21",5971
"Customer C-22308","SW-RO-30","03/18/2019",54844
"Customer C-28340","SW-COMM-8YD","05/07/2020",22229
"Customer C-20864","SW-FL-2YD","2019-01-27",4231
"Customer C-29331","SW-RO-10","2019-12-11",25983
"Customer C-33032","SW-RO-20","2020-01-20",38910
"Customer C-24970","SW-ROLLOFF-20YD","06/01/2019",39972
"Customer C-06085","SW-COMM-8","2024-10-03",13550
"Customer C-02551","SW-ROLLOFF-40YD","2019-09-21",57272
"Customer C-03413","SW-RO-40YD","03/05/2024",59447
"Customer C-42875","SW-RO-10","01/12/24",34479
"Customer C-30634","SW-FL-8YD","07/09/21",22460
"Customer C-41947","SW-RO-20YD","2021-12-20",44634
"Customer C-41815","SW-XX-99YD","12/27/2022",7388
"Customer C-35204","SW-ROLLOFF-40YD","01/04/23",63660
"Customer C-35625","SW-RO-40YD","2021-03-11",64068
"Customer C-06055","SW-RO-20","2023-02-21",36055
"Customer C-04361","SW-ROLLOFF-10YD","12-Oct-22",28559
"Customer C-26339","SW-COMM-8","03/21/2019",18793
"Customer C-20052","SW-RO-30YD","24-Jun-21",50672
"Customer C-17678","SW-COMM-8YD","07/27/24",13040
"Customer C-35089","SW-COMM-4","25-Nov-19",12544
"Customer C-43069","SW-RO-10YD","01/19/2022",26302
"Customer C-24982","SW-COMM-4YD","2019-01-12",16417
"Customer C-08071","SW-COMM-4","06/21/20",9757
"Customer C-43179","SW-ROLLOFF-20YD","09/04/2021",44645
"Customer C-04473","SW-COMM-4YD","2024-06-19",11374
"Customer C-39021","SW-RO-30","11/25/22",54587
"Customer C-23405","SW-RO-20","03/14/2022",41457
"Customer C-40971","SW-FL-6YD","14-Oct-24",11439
"Customer C-02161","SW-RO-10","02/23/2019",27572
"Customer C-09722","SW-COMM-6","08/26/2019",13491
"Customer C-13200","SW-FL-2YD","08/08/2024",5929
"Customer C-22658","SW-ROLLOFF-20YD","02/25/21",39485
"Customer C-28578","SW-COMM-2YD","04/09/2021",4001
"Customer C-37882","SW-RO-10","06/02/2024",26418
"Customer C-42798","SW-FL-6YD","2019-11-12",19926
"Customer C-17618","SW-RO-20","2022-08-10",37073
"Customer C-16782","SW-FL-8YD","19-Dec-22",13569
"Customer C-32470","SW-COMM-4","01/17/21",12889
"Customer C-42038","SW-ROLLOFF-40YD","07/02/2021",55623
"Customer C-23739","SW-ROLLOFF-40YD","11/20/2020",64404
"Customer C-40154","SW-ROLLOFF-40YD","05/04/2021",62753
"Customer C-06791","SW-COMM-2YD","04/11/22",9675
"Customer C-16744","SW-COMM-4YD","2019-03-21",9745
"Customer C-12116","SW-COMM-6","10/12/2024",16168
"Customer C-23747","SW-COMM-6","04/25/2023",18959
"Customer C-13054","SW-RO-30","2023-10-08",45489
"Customer C-06172","SW-ROLLOFF-30YD","08/01/22",53063
"Customer C-07986","SW-RO-20YD","02/05/21",36232
"Customer C-09149","SW-RO-20","11-Nov-20",35584
"Customer C-43874","SW-RO-20","27-Feb-20",41784
"Customer C-27570","SW-COMM-8","2024-04-05",22152
"Customer C-02596","SW-COMM-2","11-Jun-20",8969
"Customer C-37023","SW-ROLLOFF-20YD","06-May-20",37386
"Customer C-20153","SW-RO-20","04/21/2023",38169
"Customer C-29587","SW-FL-4YD","2022-09-17",13828
"Customer C-13649","SW-COMM-8YD","2022-01-28",21463
"Customer C-13192","SW-RO-40","06/05/2024",63131
"Customer C-07645","SW-RES-1-BW","26-Jan-20",32600
"Customer C-25883","SW-RO-10YD","2021-01-27",32276
"Customer C-14712","SW-COMM-6","2019-02-09",12585
"Customer C-13230","SW-COMM-2","02/20/2022",6026
"Customer C-41898","SW-COMM-XX","07/27/22",60884
"Customer C-08743","SW-RO-10YD","2023-03-17",26052
"Customer C-04818","SW-ROLLOFF-10YD","04/17/2022",34527
"Customer C-32571","SW-COMM-8","2019-01-04",15278
"Customer C-35415","SW-RO-40YD","07/03/19",57807
"Customer C-31257","SW-COMM-6","11/13/2019",19700
"Customer C-36600","SW-FL-4YD","06/20/2024",13956
"Customer C-13094","SW-RO-20","23-Jan-23",42902
"Customer C-00090","SW-ROLLOFF-40YD","2019-12-22",56073
"Customer C-38074","SW-RO-20YD","11/19/2024",41146
"Customer C-16790","SW-COMM-6YD","09/11/23",18967
"Customer C-21218","SW-ROLLOFF-40YD","12/10/2021",63010
"Customer C-28433","SW-FL-8YD","2019-05-05",13296
"Customer C-33869","SW-RO-40","08-Dec-19",55255
"Customer C-09442","SW-RO-20","04/18/20",43202
"Customer C-27484","SW-RES-1-W","04/05/2019",44899
"Customer C-36639","SW-FL-6YD","2019-11-20",10299
"Customer C-17615","SW-COMM-2YD","2020-09-06",9294
"Customer C-04826","SW-ROLLOFF-10YD","20-Feb-19",33943
"Customer C-41615","SW-RO-40","08/02/19",59037
"Customer C-17662","SW-RO-20","21-Oct-23",42371
"Customer C-44073","OLD-SVC-7","06/08/2020",56181
"Customer C-19221","SW-FL-2YD","01/04/2019",13085
"Customer C-06574","SW-RO-40","2023-12-05",61475
"Customer C-44807","SW-ROLLOFF-20YD","01/20/2019",35533
"Customer C-12848","SW-COMM-4YD","03/09/2019",15625
"Customer C-13117","SW-RES-1-M","2021-06-22",63080
"Customer C-06702","SW-COMM-6YD","2022-12-12",19669
"Customer C-25201","SW-COMM-6","09-Mar-21",13852
"Customer C-02422","SW-COMM-6","2020-04-02",17932
"Customer C-42997","SW-RO-30YD","11/11/2022",49681
"Customer C-40649","SW-COMM-6YD","02/05/2020",12580
"Customer C-32641","SW-FL-2YD","2019-09-19",8274
"Customer C-06114","SW-RO-20YD","05/28/2019",35161
"Customer C-06051","SW-RO-40YD","2019-11-11",61178
"Customer C-03023","OLD-SVC-7","01/19/2020",45962
"Customer C-31604","SW-FL-4YD","12/17/2020",13874
"Customer C-43098","SW-RES-1-BW","2022-07-23",21286
"Customer C-16443","SW-XX-99YD","2021-05-07",43443
"Customer C-22100","SW-COMM-2","2020-09-18",11535
"Customer C-27921","SW-ROLLOFF-10YD","2020-03-21",26958
"Customer C-04096","SW-COMM-4YD","06/05/2020",11276
"Customer C-07340","SW-RO-20","13-Mar-23",41700
"Customer C-27054","SW-RO-40YD","09/26/22",56854
"Customer C-16419","SW-FL-6YD","2022-06-24",15253
"Customer C-34211","SW-COMM-6","2022-10-24",16268
"Customer C-42031","SW-ROLLOFF-20YD","06/28/2023",41198
"Customer C-12418","SW-RO-30YD","10/03/24",54999
"Customer C-02911","SW-ROLLOFF-30YD","21-Nov-24",45837
"Customer C-40049","SW-RO-30","2019-05-15",47007
"Customer C-17872","SW-RO-40YD","07/10/19",55566
"Customer C-33042","SW-RO-20","24-Mar-19",35125
"Customer C-41777","NOPE-1","06/17/2019",14281
"Customer C-02371","SW-COMM-4","12/05/23",9766
"Customer C-21994","SW-COMM-2","12/25/2024",9375
"Customer C-11609","SW-RO-10","12-Oct-22",29291
"Customer C-12082","SW-COMM-2YD","2024-02-26",8312
"Customer C-07502","SW-RO-30YD","11/13/2021",45535
"Customer C-32110","SW-COMM-2YD","02/23/19",7175
"Customer C-10007","SW-FL-8YD","2022-05-11",21296
"Customer C-10030","SW-RO-20YD","06/22/2024",39425
"Customer C-31398","SW-FL-8YD","2024-12-10",14684
"Customer C-16075","SW-ROLLOFF-30YD","22-Sep-22",54561
"Customer C-26115","SW-ROLLOFF-40YD","2024-03-13",62827
"Customer C-43134","SW-RO-30","2020-02-20",52242
"Customer C-18725","SW-RES-1-W","08/13/2019",56297
"Customer C-24121","SW-ROLLOFF-30YD","10/20/2019",47553
"Customer C-01446","SW-RO-20YD","08/04/20",38613
"Customer C-10421","SW-FL-2YD","04/12/2023",7559
"Customer C-00188","SW-COMM-2YD","01/23/2019",11604
"Customer C-02620","SW-RO-20YD","03/23/22",39692
"Customer C-39285","SW-RO-30YD","01/27/2022",54404
"Customer C-15803","SW-FL-8YD","2023-07-21",14921
"Customer C-13970","SW-COMM-2","09/20/2020",13944
"Customer C-03638","SW-FL-8YD","2022-12-28",18558
"Customer C-39236","LEGACY-CODE","01-Apr-19",38294
"Customer C-40174","SW-COMM-4","2024-08-08",16651
"Customer C-24673","SW-ROLLOFF-20YD","12/15/2019",44034
"Customer C-39245","SW-COMM-8YD","2021-08-28",13532
"Customer C-10978","NOPE-1","22-Jan-21",11444
"Customer C-42933","SW-RO-40YD","04/22/2023",60524
"Customer C-21255","SW-FL-6YD","2020-10-24",12006
"Customer C-07315","SW-XX-99YD","11/27/2023",11352
"Customer C-14798","SW-FL-6YD","2020-10-12",11311
"Customer C-17399","SW-RO-30","2021-07-07",49238
"Customer C-34463","SW-COMM-6","04/12/20",17995
"Customer C-15017","SW-COMM-2","09/02/23",13215
"Customer C-08153","SW-RO-20YD","2022-03-20",43583
"Customer C-00469","SW-RO-40","07/21/2024",64526
"Customer C-40779","SW-ROLLOFF-10YD","01/17/2022",30824
"Customer C-28877","SW-RES-1-BW","01/22/2024",16261
"Customer C-35753","SW-COMM-4YD","2021-03-03",14624
"Customer C-15207","SW-RO-40","2022-08-06",63022
"Customer C-34085","SW-ROLLOFF-20YD","05/21/23",37209
"Customer C-04350","SW-FL-4YD","09/25/2021",9398
"Customer C-29018","SW-COMM-8YD","08/27/2019",18259
"Customer C-36714","SW-ROLLOFF-20YD","04/22/2024",39735
"Customer C-36758","SW-COMM-6","21-Aug-21",15344
"Customer C-29897","SW-COMM-2YD","08/02/21",7572
"Customer C-17364","SW-ROLLOFF-10YD","2023-03-12",34024
"Customer C-22652","SW-COMM-XX","2024-11-11",33869
"Customer C-07074","SW-ROLLOFF-20YD","2020-07-01",41800
"Customer C-06063","SW-ROLLOFF-20YD","06/02/24",36358
"Customer C-40215","SW-COMM-2YD","03/12/2020",10461
"Customer C-14367","SW-FL-8YD","01/14/2019",20886
"Customer C-11801","SW-ROLLOFF-10YD","11/26/2019",26784
"Customer C-14496","SW-ROLLOFF-10YD","02/04/2022",28177
"Customer C-15610","SW-COMM-8YD","12/28/2019",21248
"Customer C-10699","LEGACY-CODE","20-Aug-24",43710
"Customer C-25496","SW-ROLLOFF-30YD","07/05/2020",54119
"Customer C-38557","SW-RO-40","06/13/2024",61794
"Customer C-00347","SW-COMM-8YD","09/17/2021",18492
"Customer C-29540","LEGACY-CODE","10-Aug-22",21322
"Customer C-16223","SW-RES-1-W","09/23/19",36195
"Customer C-33754","SW-FL-4YD","2021-07-26",16553
"Customer C-17553","SW-COMM-8","2020-09-22",18372
"Customer C-36420","SW-COMM-2","09/01/2023",10944
"Customer C-39158","SW-COMM-8YD","11/24/21",13962
"Customer C-13123","SW-RES-1-W","06/14/22",25927
"Customer C-03245","SW-FL-4YD","28-Oct-23",8257
"Customer C-22251","SW-ROLLOFF-20YD","2023-09-20",43775
"Customer C-38401","SW-ROLLOFF-20YD","08/17/2024",44849
"Customer C-35351","SW-ROLLOFF-40YD","09-Oct-19",59694
"Customer C-17475","SW-COMM-6YD","22-Nov-23",13441
"Customer C-27270","SW-RO-10YD","2020-09-13",26979
"Customer C-29221","SW-COMM-6YD","10/18/2020",16719
"Customer C-01710","SW-FL-4YD","2023-05-05",14720
"Customer C-44298","SW-COMM-2","06/01/21",9789
"Customer C-14138","SW-COMM-4YD","2022-04-15",12927
"Customer C-32787","SW-RO-10YD","06/18/21",31267
"Customer C-23734","SW-RES-1-M","07-Sep-22",9414
"Customer C-01989","SW-COMM-2YD","06/05/2023",9300
"Customer C-40568","SW-RES-1-M","11/26/2021",45554
"Customer C-37713","SW-RO-30","01/15/2022",53770
"Customer C-13956","SW-FL-8YD","04/12/2021",13698
"Customer C-19945","SW-RO-40","05/12/19",59554
"Customer C-39041","SW-FL-8YD","05/17/2022",19031
"Customer C-04759","SW-ROLLOFF-30YD","2019-08-13",54241
"Customer C-10560","SW-COMM-6YD","03/26/2021",19057
"Customer C-32439","NOPE-1","11/13/23",37166
"Customer C-26469","SW-RO-20","10/22/2024",43401
"Customer C-09466","SW-COMM-2YD","10/04/2020",6536
"Customer C-27227","SW-RO-40","06/10/2023",58129
"Customer C-37329","SW-COMM-4YD","05/24/2019",7183
"Customer C-12283","OLD-SVC-7","12/27/21",10558
"Customer C-07361","SW-RO-40","08/11/22",58063
"Customer C-35972","SW-COMM-6YD","15-Apr-19",11161
"Customer C-08290","SW-FL-4YD","12-Mar-20",15693
"Customer C-11740","SW-RO-40YD","01/11/2024",55035
"Customer C-19823","SW-RO-30YD","06/18/2021",49969
"Customer C-25523","SW-COMM-4YD","22-Feb-22",8742
"Customer C-35593","SW-ROLLOFF-20YD","09/21/19",36232
"Customer C-25885","SW-RO-20","07-May-24",35419
"Customer C-32822","SW-FL-8YD","02/01/24",14791
"Customer C-09203","SW-RO-40YD","14-Oct-21",57903
"Customer C-42519","SW-COMM-2","01/02/22",12107
"Customer C-21048","SW-RO-40","2019-06-03",58012
"Customer C-17194","SW-ROLLOFF-40YD","02-Dec-22",62498
"Customer C-04838","SW-RES-1-W","2021-05-26",45964
"Customer C-04802","SW-COMM-4","10/19/2019",12800
"Customer C-27394","SW-RO-30YD","07/25/22",54997
"Customer C-35098","SW-FL-4YD","03/01/2023",16706
"Customer C-25757","SW-FL-8YD","08/17/2024",19665
"Customer C-20822","SW-FL-8YD","07/17/2024",20438
"Customer C-34185","SW-ROLLOFF-40YD","2020-04-12",55335
"Customer C-36158","SW-RES-1-W","01/20/2021",12305
"Customer C-41765","SW-FL-4YD","04/13/24",12458
"Customer C-10055","SW-FL-2YD","03/05/2022",12255
"Customer C-16563","SW-ROLLOFF-30YD","06/11/2023",54022
"Customer C-42168","SW-RES-1-BW","09/02/22",8174
"Customer C-15305","SW-RO-40","12/13/2020",58342
"Customer C-15277","SW-RO-40","16-Nov-19",56529
"Customer C-15278","SW-COMM-8YD","2023-08-08",21305
"Customer C-31644","SW-COMM-4YD","12/10/2023",13333
"Customer C-37187","SW-RO-10YD","22-Nov-22",27329
"Customer C-01543","SW-RO-40YD","01/05/19",60180
"Customer C-01825","SW-COMM-6","08/23/2024",14874
"Customer C-09500","SW-COMM-2YD","02/01/2022",6829
"Customer C-03711","SW-RO-20","12-Jan-24",41158
"Customer C-13348","SW-FL-4YD","20-Nov-22",15378
"Customer C-30470","SW-COMM-6YD","01/12/24",12546
"Customer C-12509","SW-ROLLOFF-10YD","06/18/2020",27413
"Customer C-14992","SW-COMM-2","04/24/2021",13250
"Customer C-24284","SW-COMM-4","07/09/2020",11635
"Customer C-34229","SW-ROLLOFF-20YD","04/09/21",36197
"Customer C-22434","SW-RO-30YD","2022-06-10",49960
"Customer C-08404","SW-ROLLOFF-10YD","09/08/2024",26088
"Customer C-26141","SW-COMM-8","26-Jan-20",20079
"Customer C-43006","SW-RO-40","2024-07-08",57179
"Customer C-28364","SW-COMM-4YD","21-Oct-20",14369
"Customer C-32572","SW-RO-20YD","2021-01-02",38642
"Customer C-38361","SW-COMM-2","03/17/2023",12628
"Customer C-34845","SW-RO-40YD","04/15/2020",61484
"Customer C-09943","SW-COMM-2YD","10/06/2023",5604
"Customer C-07295","SW-COMM-6","18-Jan-21",19423
"Customer C-01223","SW-ROLLOFF-20YD","06/07/2024",38568
"Customer C-04639","SW-FL-6YD","01/07/21",19389
"Customer C-08597","SW-COMM-8","07/19/2023",19283
"Customer C-44815","SW-ROLLOFF-40YD","14-May-19",64850
"Customer C-40003","SW-RO-40YD","2021-06-23",59310
"Customer C-26929","SW-COMM-4YD","11-Jul-21",8656
"Customer C-28772","SW-RES-1-M","17-Aug-23",36449
"Customer C-12696","SW-COMM-8","15-Jan-24",15051
"Customer C-29373","SW-FL-4YD","05/03/19",13454
"Customer C-44917","SW-COMM-4","22-May-20",9732
"Customer C-41977","SW-ROLLOFF-20YD","06/12/2019",43180
"Customer C-06662","SW-ROLLOFF-10YD","2024-08-23",27817
"Customer C-14575","SW-COMM-6","03/03/24",19785
"Customer C-15739","SW-RES-1-W","11-Apr-23",28846
"Customer C-01905","SW-ROLLOFF-40YD","07/27/2022",64538
"Customer C-17265","SW-RO-20YD","07/10/2022",44045
"Customer C-26471","SW-RO-20YD","2024-04-24",43664
"Customer C-24972","SW-ROLLOFF-40YD","08/22/2023",62248
"Customer C-17651","SW-COMM-2YD","2023-11-06",7513
"Customer C-34532","SW-ROLLOFF-40YD","08/14/19",55577
"Customer C-03610","SW-COMM-4YD","2020-02-23",12365
"Customer C-28799","SW-RO-40","10-Nov-24",56000
"Customer C-20385","SW-COMM-8YD","10/12/24",14130
"Customer C-37834","LEGACY-CODE","08-May-23",28326
"Customer C-43549","SW-RO-40YD","10/18/2024",60419
"Customer C-07886","SW-FL-8YD","04/07/22",17746
"Customer C-23348","SW-ROLLOFF-40YD","09/06/2023",57443
"Customer C-18681","SW-RO-30","08/03/2024",48791
"Customer C-27332","SW-COMM-8","08/08/21",15004
"Customer C-33281","SW-RO-20","2023-08-06",38387
"Customer C-18476","SW-RO-10","13-Sep-19",33725
"Customer C-41711","SW-RES-1-M","02/26/2024",63605
"Customer C-41523","SW-RO-10","06/12/2022",33191
"Customer C-34040","SW-FL-4YD","10/18/22",12139
"Customer C-07714","SW-FL-8YD","2020-01-14",15966
"Customer C-33994","LEGACY-CODE","03/08/22",60309
"Customer C-33346","SW-COMM-8YD","07/03/24",21948
"Customer C-17774","SW-COMM-4YD","12/18/2019",12781
"Customer C-02245","SW-RO-40","07/12/24",61721
"Customer C-42394","SW-COMM-4","03-Aug-20",14542
"Customer C-16251","SW-ROLLOFF-10YD","17-Jul-24",30530
"Customer C-43077","SW-RES-1-W","06-Apr-23",41236
"Customer C-24645","SW-COMM-4YD","10/28/24",14822
"Customer C-05345","SW-RO-40","11/17/23",58474
"Customer C-07615","SW-RO-10","2019-03-05",31912
"Customer C-01669","SW-RES-1-BW","2023-05-21",17758
"Customer C-33362","SW-RES-1-W","2022-11-13",11683
"Customer C-10793","SW-RO-30","2021-03-05",46806
"Customer C-06748","SW-RO-30YD","02/28/24",50510
"Customer C-25495","SW-FL-8YD","08/17/19",15709
"Customer C-20387","SW-ROLLOFF-10YD","09/15/2021",31661
"Customer C-01643","SW-COMM-4YD","2023-03-03",11827
"Customer C-22905","SW-COMM-6","07/27/2019",14020
"Customer C-00894","SW-RO-20","04/26/2019",41429
"Customer C-25424","SW-RO-10YD","14-Nov-19",26984
"Customer C-11825","SW-COMM-XX","2019-11-07",8843
"Customer C-24910","SW-RO-20","09/18/2022",37705
"Customer C-11767","SW-RO-40","2022-02-28",63361
"Customer C-44490","SW-RES-1-M","03/27/2024",9495
"Customer C-43545","SW-RES-1-M","06/13/2019",10213
"Customer C-00979","SW-COMM-6","07/24/2022",18003
"Customer C-33049","SW-ROLLOFF-10YD","02/23/2021",26143
"Customer C-31697","SW-COMM-6","01/21/2022",18031
"Customer C-36367","SW-FL-8YD","08-Jan-20",13508
"Customer C-43850","SW-FL-2YD","11/15/24",13754
"Customer C-07011","SW-RO-30YD","05/26/2024",52873
"Customer C-03306","SW-RO-40YD","05/25/2020",59593
"Customer C-43460","SW-COMM-4YD","04/01/2024",7902
"Customer C-29453","SW-RO-20YD","2024-12-17",35476
"Customer C-40576","SW-COMM-4YD","06/28/2024",14772
"Customer C-40373","SW-RO-20","17-Apr-22",41184
"Customer C-35962","SW-COMM-8YD","2021-01-23",19113
"Customer C-12169","SW-FL-6YD","07/23/23",14325
"Customer C-14847","SW-FL-8YD","09-Feb-22",19714
"Customer C-13914","SW-RO-40YD","04/21/20",60092
"Customer C-03676","SW-COMM-6","04/11/2022",13457
"Customer C-24139","SW-RO-20","09/05/21",40741
"Customer C-35565","SW-FL-8YD","09-Jul-24",21058
"Customer C-02743","SW-RO-30YD","18-Jan-21",49348
"Customer C-23845","SW-COMM-4","12/19/2023",9515
"Customer C-17457","SW-RO-40","17-Dec-20",58262
"Customer C-05526","SW-FL-2YD","01/03/2024",11514
"Customer C-16082","SW-RO-10YD","2020-11-17",30596
"Customer C-21663","SW-ROLLOFF-20YD","2019-06-15",40518
"Customer C-39307","SW-RO-30YD","09/20/2021",52090
"Customer C-05279","SW-RO-30","10/02/2022",52942
"Customer C-44460","SW-COMM-6","05-May-21",14738
"Customer C-35434","SW-RO-10YD","10/28/2022",31166
"Customer C-12270","SW-COMM-6","02-Apr-20",17663
"Customer C-34024","SW-RO-10YD","05/05/2023",31298
"Customer C-13835","SW-RO-10YD","05-Apr-23",27705
"Customer C-04539","SW-FL-4YD","2022-05-11",14426
"Customer C-27801","SW-RO-10YD","26-May-23",33936
"Customer C-44675","SW-RO-10","10/14/2019",29942
"Customer C-29856","SW-COMM-XX","02/16/22",7856
"Customer C-30762","SW-ROLLOFF-40YD","2024-10-28",58981
"Customer C-41049","SW-COMM-XX","12/27/2024",11131
"Customer C-44281","SW-COMM-4","10/02/2019",15316
"Customer C-13241","SW-COMM-4YD","03/22/2020",15961
"Customer C-43891","SW-RO-40","2022-07-10",62379
"Customer C-05815","SW-FL-4YD","09/25/2019",15231
"Customer C-29154","SW-COMM-8YD","2023-02-14",19839
"Customer C-44260","SW-RO-40","09/18/2023",64512
"Customer C-26991","SW-FL-4YD","03/12/22",10640
"Customer C-26492","SW-FL-6YD","05/18/2023",18057
"Customer C-13576","SW-COMM-6YD","07-Dec-23",19152
"Customer C-20639","SW-COMM-8YD","2019-01-10",21230
"Customer C-39702","SW-ROLLOFF-10YD","2021-04-22",30269
"Customer C-25473","SW-ROLLOFF-20YD","02/25/2024",36070
"Customer C-07422","SW-COMM-6","2021-11-11",15780
"Customer C-39077","SW-RO-40","2024-10-23",63951
"Customer C-01490","SW-FL-2YD","09/17/2024",6324
"Customer C-26276","SW-ROLLOFF-30YD","19-Jan-19",45025
"Customer C-22895","SW-COMM-4","07/14/2023",9427
"Customer C-10994","SW-RO-10","11/11/23",33180
"Customer C-30774","SW-RO-40YD","07/22/2021",63425
"Customer C-00719","SW-COMM-4YD","07-Dec-21",11185
"Customer C-39037","SW-RO-20YD","02/06/2021",42862
"Customer C-04542","SW-RO-20","05-Feb-24",43180
"Customer C-00740","SW-COMM-4YD","10/02/2022",7465
"Customer C-13666","SW-ROLLOFF-40YD","2019-07-13",64807
"Customer C-36635","SW-ROLLOFF-30YD","02/11/24",51276
"Customer C-24901","SW-ROLLOFF-20YD","03/28/24",43318
"Customer C-27750","SW-RO-20","01/15/2022",43537
"Customer C-32266","SW-COMM-8","06/28/23",18624
"Customer C-19071","SW-COMM-4","22-Jan-20",12115
"Customer C-02356","SW-RO-10YD","02-Apr-23",34200
"Customer C-28559","SW-ROLLOFF-10YD","02/04/23",29809
"Customer C-27418","SW-ROLLOFF-20YD","2021-02-24",35452
"Customer C-28972","SW-COMM-6YD","02/05/20",10574
"Customer C-21965","SW-RO-30YD","23-Dec-21",54005
"Customer C-02014","SW-RO-20YD","24-Sep-19",37015
"Customer C-15021","SW-RO-20","11/28/21",44271
"Customer C-02684","SW-COMM-2YD","2020-02-13",4810
"Customer C-35207","SW-RES-1-W","19-Jan-23",56889
"Customer C-41681","SW-RES-1-M","06/27/20",36799
"Customer C-10520","SW-ROLLOFF-20YD","10-Nov-20",40487
"Customer C-41685","SW-ROLLOFF-20YD","02-Oct-23",38941
"Customer C-03322","SW-ROLLOFF-20YD","28-Jan-20",40136
"Customer C-07786","SW-RO-40YD","05/02/2019",57219
"Customer C-41789","SW-RO-20YD","01-Jul-24",35266
"Customer C-14339","SW-COMM-8YD","07/20/2020",19685
"Customer C-17016","SW-COMM-2","20-Aug-24",7677
"Customer C-07062","SW-ROLLOFF-40YD","01/18/2020",58046
"Customer C-20617","SW-RO-30YD","02/19/21",48118
"Customer C-15958","SW-RO-40","2020-11-21",63014
"Customer C-27976","SW-XX-99YD","06/03/2024",60254
"Customer C-00467","SW-COMM-4YD","08/21/19",16048
"Customer C-39293","SW-FL-6YD","08/19/2024",10390
"Customer C-14125","SW-COMM-2YD","06-Jul-22",12227
"Customer C-04238","SW-COMM-2","08-Nov-20",8258
"Customer C-44281","SW-RO-40","07/05/21",58085
"Customer C-03456","SW-RES-1-W","08/22/2024",9206
"Customer C-06881","SW-COMM-4YD","02/24/2024",9700
"Customer C-43059","SW-FL-6YD","22-Aug-19",15919
"Customer C-16504","SW-FL-2YD","01/24/2023",13911
"Customer C-15804","SW-ROLLOFF-40YD","08/14/2019",55738
"Customer C-42086","SW-RES-1-W","02/20/2023",15754
"Customer C-28067","SW-RO-10YD","21-Mar-19",25619
"Customer C-28666","SW-COMM-8","01/19/2020",21471
"Customer C-31193","SW-RO-10YD","04/21/22",33743
"Customer C-07918","SW-FL-2YD","01/19/2019",5073
"Customer C-22181","SW-COMM-6","05/06/2022",15040
"Customer C-24334","SW-RO-30YD","25-Jun-22",53998
"Customer C-20752","SW-COMM-2","2020-03-15",5527
"Customer C-27831","SW-RO-30","01-May-23",47477
"Customer C-09857","SW-ROLLOFF-40YD","2022-09-28",62591
"Customer C-15286","SW-RES-1-M","2020-09-17",17235
"Customer C-28423","SW-COMM-6","18-Nov-24",14459
"Customer C-14975","SW-RO-30YD","07/22/2019",53296
"Customer C-04706","SW-COMM-4YD","2020-07-18",12870
"Customer C-17875","SW-COMM-2","04/28/2021",5419
"Customer C-36039","SW-COMM-4","04/17/2022",11147
"Customer C-35732","SW-XX-99YD","05/08/2021",17099
"Customer C-11454","SW-COMM-2YD","13-Sep-22",8450
"Customer C-13212","SW-ROLLOFF-20YD","09/07/19",43657
"Customer C-19963","SW-FL-2YD","2024-10-25",5337
"Customer C-15121","SW-ROLLOFF-20YD","11/19/2024",38149
"Customer C-10931","OLD-SVC-7","06/21/2024",37968
"Customer C-08094","SW-RO-30YD","04/22/2019",54649
"Customer C-27847","SW-ROLLOFF-10YD","2024-11-14",28543
"Customer C-21354","SW-RES-1-W","2020-03-11",36840
"Customer C-00213","SW-COMM-6YD","09/25/2023",11251
"Customer C-07479","SW-ROLLOFF-10YD","25-Jul-23",32214
"Customer C-03648","SW-RO-10","2019-04-11",25168
"Customer C-40035","SW-ROLLOFF-10YD","03/25/2021",26054
"Customer C-05431","SW-RO-20YD","02/22/2024",39978
"Customer C-13096","SW-ROLLOFF-40YD","10-Sep-19",58903
"Customer C-09262","SW-ROLLOFF-20YD","2022-09-05",43380
"Customer C-20572","SW-RO-10","03/15/19",32288
"Customer C-43299","SW-FL-8YD","04/28/21",14074
"Customer C-42327","SW-COMM-2YD","2019-03-06",13419
"Customer C-11177","NOPE-1","2023-09-02",46973
"Customer C-33881","NOPE-1","07/26/22",48970
"Customer C-06006","SW-FL-8YD","2023-05-17",15236
"Customer C-02449","SW-COMM-8","2021-05-10",14197
"Customer C-31100","SW-RO-40","04/11/2024",55956
"Customer C-24505","SW-RO-20YD","02/16/2024",44482
"Customer C-26106","SW-RO-40","22-Sep-24",60783
"Customer C-01699","SW-COMM-XX","05/11/2019",34209
"Customer C-20115","SW-RO-30YD","02/07/2024",52757
"Customer C-40305","SW-ROLLOFF-30YD","2020-03-12",50755
"Customer C-30861","SW-RO-20","04/12/22",40096
"Customer C-22538","SW-RES-1-M","02/16/23",16047
"Customer C-03075","SW-COMM-6","25-Feb-20",11405
"Customer C-04361","SW-ROLLOFF-20YD","04/03/22",42520
"Customer C-09374","SW-RO-40","09/11/20",57027
"Customer C-42567","NOPE-1","2021-04-13",47229
"Customer C-39067","SW-FL-2YD","06/17/2023",11064
"Customer C-23374","SW-RES-1-M","12/19/19",9929
"Customer C-33544","SW-COMM-8","07/22/2024",16773
"Customer C-35651","SW-ROLLOFF-40YD","09/25/19",61996
"Customer C-24016","SW-COMM-4YD","11/09/2023",12631
"Customer C-04681","SW-RES-1-M","08/23/2022",42435
"Customer C-29184","SW-FL-2YD","06/17/2024",10092
"Customer C-13176","SW-RES-1-M","05/08/2020",51781
"Customer C-38491","SW-RO-40YD","09/24/2019",58988
"Customer C-30462","SW-RO-30","2023-10-12",45498
"Customer C-44186","SW-ROLLOFF-30YD","04-Aug-22",49984
"Customer C-42532","SW-ROLLOFF-40YD","2020-05-06",55294
"Customer C-32012","SW-COMM-2YD","07/02/2022",12116
"Customer C-15274","SW-ROLLOFF-20YD","12/03/19",35177
"Customer C-05865","SW-FL-2YD","2023-04-06",13941
"Customer C-32789","SW-FL-4YD","01/04/2020",8902
"Customer C-34308","SW-COMM-8","08-Apr-23",20359
"Customer C-37345","SW-FL-6YD","02/23/2019",13536
"Customer C-14389","SW-FL-2YD","03/11/23",12751
"Customer C-11438","SW-RO-10","05-Apr-20",32352
"Customer C-07976","SW-RES-1-BW","04-Mar-20",57864
"Customer C-43784","SW-RO-40","02/01/2022",61846
"Customer C-44360","LEGACY-CODE","05/28/2020",13675
"Customer C-22906","SW-COMM-6YD","09/18/2021",11576
"Customer C-12657","SW-RO-20YD","01/13/2024",36818
"Customer C-04158","SW-RO-20","12/14/2020",40040
"Customer C-41540","SW-COMM-8","03/18/2021",14326
"Customer C-32913","SW-FL-2YD","2024-04-14",10457
"Customer C-21874","SW-ROLLOFF-10YD","02/01/2019",29584
"Customer C-11499","SW-RES-1-W","02/20/2020",15004
"Customer C-43166","LEGACY-CODE","03/18/22",56056
"Customer C-04026","SW-RO-10YD","09/07/24",26771
"Customer C-21952","SW-RES-1-M","05/10/22",11577
"Customer C-31949","SW-ROLLOFF-10YD","03/20/2022",27349
"Customer C-06070","SW-ROLLOFF-30YD","10/09/2019",48982
"Customer C-13561","SW-COMM-6","2022-03-21",10714
"Customer C-37031","SW-RES-1-M","04/12/2023",61289
"Customer C-35983","SW-RO-30YD","05-Jan-20",45733
"Customer C-14303","SW-RO-20YD","12/08/2021",39581
"Customer C-20633","SW-RO-20YD","11/16/21",44490
"Customer C-13749","SW-FL-2YD","07/01/22",7203
"Customer C-25221","SW-ROLLOFF-30YD","02/28/2022",48626
"Customer C-03947","SW-RES-1-W","04-Dec-23",54663
"Customer C-28749","SW-COMM-2","05/25/2019",7602
"Customer C-34782","SW-COMM-6","20-Nov-23",17025
"Customer C-23184","OLD-SVC-7","06/02/2022",41128
"Customer C-17546","SW-RO-10YD","09/26/2021",25625
"Customer C-41900","SW-RO-20","2020-09-15",36514
"Customer C-00615","SW-ROLLOFF-20YD","05/11/22",40728
"Customer C-41137","SW-COMM-4","01/19/2023",16292
"Customer C-32355","SW-ROLLOFF-20YD","11/28/2024",42272
"Customer C-24989","SW-COMM-6YD","02/11/2024",15453
"Customer C-18107","SW-ROLLOFF-20YD","04/11/2021",43953
"Customer C-06212","SW-ROLLOFF-30YD","2024-04-13",49273
"Customer C-09895","SW-RO-10YD","12/04/2020",33794
"Customer C-17497","SW-COMM-8","11/21/2021",17877
"Customer C-43448","SW-COMM-4YD","11/04/23",9677
"Customer C-38204","SW-COMM-6","2020-01-20",14819
"Customer C-44858","SW-COMM-8YD","2023-12-11",15438
"Customer C-38137","SW-RO-20","02/09/2022",44566
"Customer C-09655","SW-RO-40","2019-05-25",60190
"Customer C-07508","SW-RO-20","07/17/24",40553
"Customer C-12937","SW-RO-10","03/18/23",32862
"Customer C-31232","SW-RO-20","06/01/24",42285
"Customer C-34601","SW-COMM-2YD","2020-06-12",6959
"Customer C-14524","SW-COMM-2YD","08/20/22",9793
"Customer C-18330","SW-COMM-8YD","01/13/2019",21070
"Customer C-30859","SW-COMM-8YD","16-May-22",19453
"Customer C-43449","SW-RO-20","06/08/22",36316
"Customer C-39100","SW-RO-20","2021-12-09",39613
"Customer C-35274","SW-ROLLOFF-20YD","03/12/2023",41450
"Customer C-03099","SW-COMM-2","2019-03-16",6741
"Customer C-31621","NOPE-1","08/26/21",63877
"Customer C-36968","SW-COMM-XX","2021-09-01",51398
"Customer C-36040","SW-ROLLOFF-40YD","07/25/2022",55894
"Customer C-32058","SW-RO-20","25-Dec-19",37663
"Customer C-23427","SW-COMM-6YD","05/28/2023",18485
"Customer C-26854","SW-COMM-6YD","06/07/2023",15967
"Customer C-40823","SW-COMM-6YD","09/07/2023",16659
"Customer C-06643","SW-RO-10","01-Jun-19",33741
"Customer C-21855","SW-FL-2YD","04/05/20",4245
"Customer C-36960","SW-COMM-4","10/13/2019",9838
"Customer C-08900","SW-ROLLOFF-30YD","02/26/2022",53019
"Customer C-06424","SW-RO-20","06/21/2023",38515
"Customer C-12647","SW-ROLLOFF-20YD","04/18/21",38166
"Customer C-01275","SW-COMM-XX","06/10/2022",55605
"Customer C-33359","SW-RO-40","08/02/2023",64997
"Customer C-00315","SW-RO-40","01/03/2021",59457
"Customer C-41187","LEGACY-CODE","05/15/2023",54191
"Customer C-33537","SW-COMM-4","10/12/21",13511
"Customer C-29528","SW-COMM-2YD","04/21/20",10602
"Customer C-18429","SW-COMM-4YD","09/21/2019",11837
"Customer C-38242","SW-RO-20","05/23/2023",44380
"Customer C-29878","SW-FL-2YD","2023-01-09",11682
"Customer C-05212","SW-RES-1-BW","2022-05-05",51363
"Customer C-01076","SW-COMM-4YD","10/07/20",9454
"Customer C-40102","SW-RO-40","07/22/19",58094
"Customer C-43494","SW-COMM-2YD","11/14/23",7953
"Customer C-08396","SW-COMM-4","24-Nov-20",11190
"Customer C-36741","SW-COMM-8YD","05/01/2024",19605
"Customer C-23247","SW-RO-20YD","02/19/2024",42312
"Customer C-09161","SW-RO-40YD","2023-05-02",59871
"Customer C-14329","SW-RO-20YD","04/16/2023",35755
"Customer C-35344","SW-COMM-6YD","03/09/23",11383
"Customer C-32428","SW-COMM-4YD","27-Feb-22",9508
"Customer C-35527","SW-ROLLOFF-20YD","10/01/2022",41666
"Customer C-03151","OLD-SVC-7","08/20/2019",15376
"Customer C-42167","SW-RES-1-W","08/06/2021",44394
"Customer C-10487","SW-RES-1-M","11/20/2023",7465
"Customer C-25177","SW-RES-1-W","2024-09-11",61655
"Customer C-33302","SW-ROLLOFF-10YD","11-Oct-22",33920
"Customer C-39820","SW-COMM-2YD","01/07/23",6543
"Customer C-05507","SW-RES-1-W","06/13/2020",17355
"Customer C-28153","SW-RO-10YD","2020-03-08",30687
"Customer C-40155","SW-RO-10","10/02/2024",31579
"Customer C-40093","SW-RO-10YD","25-Apr-19",30487
"Customer C-01997","SW-COMM-4","2023-07-24",8336
"Customer C-29420","SW-ROLLOFF-30YD","05/06/22",53520
"Customer C-43899","SW-FL-8YD","05-Jul-24",13143
"Customer C-33356","SW-ROLLOFF-30YD","09-Apr-23",45429
"Customer C-08161","SW-RO-30","10-Jun-24",54185
"Customer C-28562","SW-FL-2YD","09/10/2023",8939
"Customer C-30047","SW-RO-40YD","2022-05-08",60533
"Customer C-15685","SW-COMM-2","05/07/2023",4546
"Customer C-27200","SW-FL-8YD","11/10/2023",15115
"Customer C-04042","SW-RO-30YD","07/28/19",45126
"Customer C-31831","SW-RO-40YD","11/16/2019",60398
"Customer C-14768","NOPE-1","05/17/2022",11627
"Customer C-04151","SW-COMM-6","11/19/2020",16991
"Customer C-08386","SW-COMM-4","2023-07-22",14899
"Customer C-07764","SW-ROLLOFF-20YD","04/12/24",38630
"Customer C-44352","SW-RO-30YD","2021-12-21",51460
"Customer C-41265","SW-ROLLOFF-10YD","2019-09-13",32116
"Customer C-24256","SW-COMM-4","12/03/2024",12007
"Customer C-11789","SW-COMM-6YD","05/27/2021",16040
"Customer C-09489","SW-RES-1-W","28-Jan-20",53645
"Customer C-24039","SW-FL-6YD","2019-02-16",12416
"Customer C-10521","SW-RO-40YD","12/06/2021",56870
"Customer C-25056","SW-COMM-8YD","04/10/21",17466
"Customer C-12827","SW-RO-10YD","09-Mar-23",34820
"Customer C-39639","SW-FL-6YD","05/06/19",10815
"Customer C-04136","SW-RO-40","04-Sep-23",58356
"Customer C-18982","SW-ROLLOFF-40YD","04/08/24",59203
"Customer C-44175","SW-RO-10YD","09/03/19",34303
"Customer C-13977","LEGACY-CODE","02/06/2019",21269
"Customer C-41527","SW-COMM-2YD","2020-11-22",11619
"Customer C-33505","SW-RO-30YD","09/23/21",49467
"Customer C-32787","SW-COMM-2","09/07/21",6753
"Customer C-18920","SW-FL-6YD","05/12/22",17989
"Customer C-25205","SW-RO-30","02/10/2020",52380
"Customer C-19258","SW-ROLLOFF-20YD","2021-05-21",36670
"Customer C-25424","SW-RO-20YD","2022-07-20",44017
"Customer C-06709","SW-FL-4YD","03/26/2021",8857
"Customer C-03190","SW-RO-30","10/01/2021",46455
"Customer C-37147","SW-RES-1-W","07/03/2021",21775
"Customer C-35169","SW-FL-8YD","2024-03-21",18618
"Customer C-30611","SW-COMM-6YD","2022-06-21",10253
"Customer C-26083","SW-RO-40","07/15/2019",60892
"Customer C-29593","SW-FL-2YD","10/09/21",5129
"Customer C-10410","SW-FL-6YD","10/26/2024",19500
"Customer C-43644","SW-COMM-4","2020-09-12",16431
"Customer C-11395","SW-FL-8YD","10-Sep-20",17557
"Customer C-09942","SW-RO-20","2020-04-24",42914
"Customer C-15597","SW-ROLLOFF-10YD","01/25/23",32666
"Customer C-38716","SW-ROLLOFF-20YD","2023-03-23",39975
"Customer C-35734","SW-FL-8YD","08/24/2020",22500
"Customer C-32810","SW-COMM-2YD","05/05/2022",6094
"Customer C-37439","SW-RO-30YD","12/25/2019",45707
"Customer C-37958","SW-RO-10YD","2019-09-09",31529
"Customer C-38249","SW-RO-30YD","03/07/2021",46634
"Customer C-36965","SW-RO-30","2021-04-08",54671
"Customer C-29265","SW-FL-2YD","19-Jun-20",4756
"Customer C-30095","SW-ROLLOFF-40YD","12-Oct-19",58957
"Customer C-08896","OLD-SVC-7","07/26/19",49644
"Customer C-35314","SW-ROLLOFF-20YD","06/01/21",44915
"Customer C-40533","SW-ROLLOFF-30YD","01/28/2022",46248
"Customer C-44579","SW-ROLLOFF-10YD","23-Nov-21",31796
"Customer C-15253","SW-XX-99YD","03/24/20",39495
"Customer C-22714","LEGACY-CODE","08/14/2021",63928
"Customer C-35722","SW-RO-20YD","08/14/2023",44208
"Customer C-26975","SW-ROLLOFF-20YD","2022-06-26",44412
"Customer C-27993","SW-RO-40","13-Nov-23",64565
"Customer C-23077","SW-RO-20YD","2019-12-23",37363
"Customer C-26509","SW-ROLLOFF-30YD","2022-06-17",48207
"Customer C-38750","SW-RES-1-M","2023-08-01",39525
"Customer C-01123","SW-RO-40YD","16-Aug-24",55947
"Customer C-24453","SW-FL-2YD","10/15/2019",4124
"Customer C-33511","SW-RO-40YD","04/17/2023",58838
"Customer C-35175","SW-COMM-8YD","25-Jun-19",16108
"Customer C-32400","SW-RO-30YD","03/03/19",46967
"Customer C-05394","SW-RO-40YD","28-Sep-21",60706
"Customer C-34705","SW-COMM-2YD","18-Oct-19",4435
"Customer C-23805","SW-RO-10YD","2019-04-09",26427
"Customer C-05043","SW-COMM-6YD","04/20/2019",16371
"Customer C-42909","SW-RES-1-BW","2024-05-27",21091
"Customer C-14216","SW-RO-10YD","06-Jun-22",34442
"Customer C-22038","SW-RO-30YD","2024-07-18",46141
"Customer C-34047","SW-COMM-8YD","26-Dec-23",13618
"Customer C-07171","SW-RES-1-BW","2024-08-11",55782
"Customer C-39643","SW-RES-1-BW","17-Sep-20",56787
"Customer C-36109","SW-COMM-2YD","14-Sep-21",10018
"Customer C-24628","SW-FL-4YD","16-Oct-20",16049
"Customer C-34692","LEGACY-CODE","12/07/19",28808
"Customer C-42480","SW-FL-4YD","2020-04-23",13854
"Customer C-03605","SW-RO-20YD","2019-02-25",38609
"Customer C-39816","SW-COMM-6","2023-03-20",13769
"Customer C-18433","SW-FL-6YD","09/17/2021",16653
"Customer C-41528","SW-RO-30YD","07/09/21",51255
"Customer C-40461","SW-ROLLOFF-40YD","2020-06-27",58111
"Customer C-15932","SW-COMM-4","2021-05-12",14811
"Customer C-08725","SW-RES-1-M","10/06/22",31528
"Customer C-33149","SW-ROLLOFF-10YD","11/20/2024",34175
"Customer C-44974","SW-RO-10YD","08/13/2024",25635
"Customer C-33664","SW-FL-8YD","2022-02-19",18930
"Customer C-08697","SW-COMM-8YD","04/12/2024",21077
"Customer C-28788","SW-XX-99YD","19-Dec-20",42838
"Customer C-09347","SW-COMM-2","2023-02-21",6313
"Customer C-19025","SW-COMM-8YD","01/19/19",19556
"Customer C-40815","SW-COMM-4YD","03/07/2023",15502
"Customer C-39286","SW-RO-20YD","05/05/2022",36080
"Customer C-12968","SW-ROLLOFF-30YD","27-Nov-24",54043
"Customer C-33956","SW-COMM-6YD","04/05/2022",13122
"Customer C-30630","SW-COMM-2YD","03/01/21",6885
"Customer C-01209","SW-COMM-4YD","09/02/2020",11354
"Customer C-34108","SW-RES-1-BW","09/10/24",14877
"Customer C-37543","SW-ROLLOFF-40YD","05/16/2021",59996
"Customer C-15202","SW-COMM-2","2019-03-16",8229
"Customer C-12574","SW-ROLLOFF-40YD","10/23/21",60642
"Customer C-28112","SW-RO-40","05/01/2019",55860
"Customer C-34590","SW-FL-4YD","02/07/21",9225
"Customer C-12415","SW-RO-10","03/20/21",29251
"Customer C-14572","SW-RO-20YD","02/24/2022",39163
"Customer C-40855","SW-ROLLOFF-20YD","12/20/2021",39505
"Customer C-18232","SW-FL-6YD","2020-02-25",13307
"Customer C-38224","SW-ROLLOFF-20YD","01-Aug-21",43219
"Customer C-02121","OLD-SVC-7","12-Apr-23",14302
"Customer C-02823","SW-COMM-4","05/19/2019",15701
"Customer C-22499","SW-RO-40","10/06/21",58125
"Customer C-43505","SW-ROLLOFF-30YD","18-May-23",46228
"Customer C-36294","SW-ROLLOFF-30YD","10-Feb-21",51704
"Customer C-09527","SW-COMM-6YD","11/09/2024",17803
"Customer C-09518","SW-FL-2YD","23-May-24",12160
"Customer C-38166","SW-ROLLOFF-30YD","01/10/2024",48943
"Customer C-06295","SW-COMM-4YD","27-Mar-22",7552
"Customer C-16048","SW-FL-6YD","02/20/20",13835
"Customer C-40002","SW-ROLLOFF-40YD","05/01/19",57813
"Customer C-31539","SW-FL-4YD","2024-04-11",9069
"Customer C-25221","SW-ROLLOFF-40YD","10-Feb-23",56708
"Customer C-41145","SW-RO-40","2019-07-28",60527
"Customer C-03140","SW-RO-40YD","11/12/22",56102
"Customer C-11876","SW-COMM-4","10/26/2024",9945
"Customer C-05825","SW-ROLLOFF-30YD","11/07/21",53615
"Customer C-42305","SW-RO-30","18-Feb-22",52372
"Customer C-03152","SW-ROLLOFF-30YD","2021-12-27",49971
"Customer C-06121","SW-COMM-4","04/17/2019",14527
"Customer C-04028","SW-RES-1-M","2019-11-23",35150
"Customer C-05903","SW-COMM-4YD","11/22/2021",16841
"Customer C-11243","SW-FL-6YD","2024-07-07",19108
"Customer C-05572","SW-RES-1-BW","2024-11-04",61699
"Customer C-37351","SW-ROLLOFF-30YD","04/16/20",50395
"Customer C-27754","SW-COMM-8YD","12/13/2020",16537
"Customer C-38917","SW-RO-40","04/21/2023",64450
"Customer C-08679","SW-ROLLOFF-20YD","12/16/20",40647
"Customer C-18362","SW-ROLLOFF-40YD","04/04/2022",58321
"Customer C-08464","SW-FL-8YD","06/20/24",21238
"Customer C-06028","SW-RO-30YD","2021-02-03",54395
"Customer C-33393","SW-ROLLOFF-30YD","05/18/2024",46794
"Customer C-15776","SW-ROLLOFF-40YD","14-Jan-21",56423
"Customer C-38361","SW-COMM-4YD","12/18/2022",13134
"Customer C-12434","SW-RO-30YD","04/21/2019",47723
"Customer C-37626","SW-COMM-6","2022-05-27",16459
"Customer C-07844","SW-COMM-2","08/18/21",7092
"Customer C-23313","SW-ROLLOFF-30YD","28-Nov-24",51624
"Customer C-06944","SW-FL-2YD","01/26/2019",8798
"Customer C-14469","SW-FL-4YD","11/28/2021",12040
"Customer C-07202","SW-RES-1-M","10/21/2022",31219
"Customer C-28071","SW-COMM-8YD","05/06/2020",15831
"Customer C-26694","SW-RO-30YD","08/08/2023",47106
"Customer C-22565","SW-ROLLOFF-30YD","08/14/19",51222
"Customer C-44266","SW-ROLLOFF-20YD","07/25/2019",43083
"Customer C-06332","SW-RO-20","01/27/2022",41953
"Customer C-20257","SW-RO-30","04/10/23",50642
"Customer C-44607","SW-RO-10","05-Feb-23",26266
"Customer C-06336","SW-RO-10","12/06/2019",34950
"Customer C-18080","SW-FL-4YD","17-Mar-24",10777
"Customer C-44579","SW-RO-20","01/24/21",35868
"Customer C-20316","SW-ROLLOFF-30YD","2022-04-28",51732
"Customer C-43939","SW-COMM-4YD","01/26/2021",13206
"Customer C-31716","SW-RO-40YD","2022-11-14",62395
"Customer C-35406","SW-RO-30YD","2024-10-22",46676
"Customer C-04241","SW-RO-20YD","11/08/22",43362
"Customer C-12562","SW-FL-4YD","12/05/2024",15849
"Customer C-16364","SW-COMM-2YD","2019-11-21",10561
"Customer C-01685","SW-FL-2YD","2021-11-15",6166
"Customer C-15660","SW-COMM-6YD","02-Dec-20",15009
"Customer C-11391","SW-COMM-4YD","06-Jan-19",12165
"Customer C-02104","NOPE-1","01/13/2021",18686
"Customer C-03775","SW-ROLLOFF-40YD","08/20/2021",57063
"Customer C-26507","SW-ROLLOFF-40YD","2020-06-19",61608
"Customer C-24781","SW-COMM-2","2022-07-16",4771
"Customer C-43604","SW-RES-1-BW","06/26/2023",7461
"Customer C-08573","SW-RO-30YD","01/20/2019",45999
"Customer C-31126","SW-ROLLOFF-10YD","2023-11-22",27614
"Customer C-39223","SW-RO-10YD","2020-10-22",28442
"Customer C-39964","SW-COMM-4","03-Oct-21",9669
"Customer C-21413","SW-COMM-8YD","2021-09-13",21585
"Customer C-10443","SW-RES-1-BW","09-Dec-19",39264
"Customer C-15001","SW-FL-2YD","01-May-22",10401
"Customer C-34935","SW-RES-1-M","14-Jun-24",13318
"Customer C-11278","SW-FL-6YD","12/26/22",19425
"Customer C-33965","SW-RO-30","05/18/2020",53740
"Customer C-19780","SW-COMM-4","09-Jul-19",13698
"Customer C-00999","SW-COMM-4","01/18/2021",13994
"Customer C-16992","SW-COMM-8YD","04/17/2022",21840
"Customer C-17420","SW-FL-8YD","27-Sep-23",15974
"Customer C-08982","SW-COMM-4YD","2019-04-05",13862
"Customer C-38518","SW-RO-10YD","03/01/23",32380
"Customer C-36668","SW-RES-1-W","10/24/2022",62065
"Customer C-15054","SW-ROLLOFF-30YD","2020-03-06",46049
"Customer C-35729","SW-RO-10","14-Jun-21",34624
"Customer C-38618","SW-RO-40","07-Apr-19",63058
"Customer C-29399","SW-RO-20","2024-06-02",44611
"Customer C-23843","SW-COMM-8YD","20-Apr-24",16472
"Customer C-26728","SW-RO-40YD","12/15/21",61904
"Customer C-01644","SW-ROLLOFF-10YD","04/10/2024",32702
"Customer C-34139","SW-ROLLOFF-10YD","10/21/23",31665
"Customer C-00886","SW-ROLLOFF-40YD","2021-04-18",64546
"Customer C-34915","SW-RO-20YD","2022-04-22",35253
"Customer C-44906","SW-RO-30","08/20/2020",45723
"Customer C-22483","SW-COMM-4YD","01/13/2022",12692
"Customer C-29794","SW-RES-1-BW","01/13/2023",57655
"Customer C-42478","SW-ROLLOFF-40YD","05/11/20",63293
"Customer C-28949","SW-RO-20","06/17/21",38011
"Customer C-41458","SW-RO-20YD","21-Mar-22",43017
"Customer C-11140","SW-COMM-2YD","05-Jun-22",9367
"Customer C-32500","SW-RO-10","07/13/22",33619
"Customer C-03758","SW-RO-20YD","11/04/2021",38087
"Customer C-26732","SW-RO-10","2024-11-15",34664
"Customer C-22705","SW-COMM-2","01/01/2024",13295
"Customer C-42091","SW-COMM-8YD","04/14/2019",20773
"Customer C-09165","SW-RO-10YD","25-Feb-22",26387
"Customer C-13268","SW-COMM-4","12-Oct-22",14550
"Customer C-14983","SW-FL-2YD","2024-06-09",12797
"Customer C-31259","SW-ROLLOFF-30YD","05/23/2020",52523
"Customer C-03677","SW-COMM-8YD","12/27/2024",17268
"Customer C-21512","SW-RO-20","2020-12-16",41221
"Customer C-37434","SW-COMM-4YD","13-Oct-22",12502
"Customer C-42640","SW-RES-1-W","06/05/2019",51383
"Customer C-13314","SW-RES-1-W","10/03/24",10127
"Customer C-14456","SW-COMM-4","2020-11-14",9572
"Customer C-01583","SW-RO-10","06/28/2022",30321
"Customer C-04931","SW-ROLLOFF-20YD","2023-12-04",35556
"Customer C-06039","SW-COMM-8YD","12/20/2019",14646
"Customer C-24146","SW-COMM-4","23-Nov-20",13559
"Customer C-41843","SW-RES-1-BW","05/25/2022",38112
"Customer C-33643","SW-ROLLOFF-20YD","20-Mar-21",36347
"Customer C-01568","SW-RO-20YD","2020-08-23",43704
"Customer C-21526","SW-COMM-4YD","02/21/23",12017
"Customer C-05325","SW-COMM-8","07/18/22",20122
"Customer C-10734","SW-RO-20","08/05/2019",42966
"Customer C-08138","SW-COMM-8","2019-12-04",22972
"Customer C-17814","SW-RO-10","04/15/2023",33420
"Customer C-20794","SW-FL-8YD","12-Jul-22",22444
"Customer C-42011","SW-RO-30","07/21/24",46073
"Customer C-06678","SW-FL-8YD","03/06/2024",16811
"Customer C-01840","SW-ROLLOFF-10YD","2024-02-22",26316
"Customer C-01343","SW-RO-10YD","09/14/19",26093
"Customer C-25533","SW-FL-4YD","19-Sep-22",12892
"Customer C-11354","SW-FL-4YD","03/08/21",12140
"Customer C-05428","NOPE-1","09/09/2023",17322
"Customer C-42431","SW-FL-8YD","2019-11-16",16133
"Customer C-37800","SW-ROLLOFF-30YD","2024-11-05",46833
"Customer C-13262","SW-FL-2YD","08-Aug-24",8824
"Customer C-21537","SW-COMM-6","10/02/2019",12640
"Customer C-31067","SW-RO-30YD","03/07/2024",49681
"Customer C-21946","SW-RO-30YD","2024-08-06",47545
"Customer C-27451","SW-XX-99YD","12/03/2023",9567
"Customer C-02701","SW-ROLLOFF-10YD","11/04/2020",25561
"Customer C-02489","SW-FL-6YD","2021-06-27",11363
"Customer C-11645","SW-RO-40YD","01/28/2024",60205
"Customer C-21656","SW-ROLLOFF-30YD","12/22/2019",52095
"Customer C-28524","SW-ROLLOFF-20YD","02/04/2021",43280
"Customer C-10094","SW-ROLLOFF-30YD","10/11/2022",49181
"Customer C-31236","SW-ROLLOFF-10YD","10/28/2021",32611
"Customer C-44757","SW-XX-99YD","04/02/22",50261
"Customer C-44705","SW-FL-8YD","22-Apr-21",16659
"Customer C-39462","LEGACY-CODE","21-Jun-19",4141
"Customer C-44253","SW-COMM-6","2020-06-28",14023
"Customer C-17059","SW-RO-30YD","20-Feb-22",54698
"Customer C-13072","SW-ROLLOFF-20YD","2020-03-02",44987
"Customer C-02289","SW-RO-30YD","03/09/2021",52181
"Customer C-39858","SW-COMM-2YD","10/19/24",7528
"Customer C-20814","SW-RO-30YD","2022-08-18",45867
"Customer C-10843","SW-RES-1-W","08/20/20",29212
"Customer C-14436","SW-ROLLOFF-20YD","2023-05-18",37643
"Customer C-06560","SW-ROLLOFF-30YD","2024-11-07",45516
"Customer C-24862","SW-COMM-6YD","12/27/2021",19523
"Customer C-37323","SW-COMM-4YD","16-Feb-21",8219
"Customer C-09848","SW-COMM-8YD","01/01/2019",21747
"Customer C-00728","SW-COMM-2","08-Jul-19",10904
"Customer C-42746","SW-RO-10YD","01/04/24",27713
"Customer C-21361","SW-RO-30YD","01/19/20",49950
"Customer C-01128","SW-COMM-8","03/16/2023",14296
"Customer C-18777","SW-RES-1-M","12/19/2020",26830
"Customer C-02791","SW-FL-6YD","09/24/2019",10588
"Customer C-01136","SW-RO-10","16-Dec-19",34305
"Customer C-27904","SW-RES-1-M","2023-05-19",11223
"Customer C-19767","SW-RO-30","07/21/24",50236
"Customer C-22542","SW-RO-40YD","11/06/2022",61550
"Customer C-05412","SW-FL-8YD","03/25/2022",17317
"Customer C-25551","SW-COMM-8YD","04/08/2021",13065
"Customer C-36638","SW-FL-2YD","10/23/19",4664
"Customer C-07058","SW-COMM-2","09/27/2020",11713
"Customer C-06419","SW-RO-40","2020-05-06",60181
"Customer C-18942","SW-COMM-2","02/13/2020",12003
"Customer C-13399","SW-RO-10","13-Dec-23",33712
"Customer C-29352","SW-ROLLOFF-30YD","10/17/24",49162
"Customer C-27007","SW-COMM-2YD","27-Nov-23",9753
"Customer C-00949","SW-RO-40YD","02/02/2019",60056
"Customer C-27283","SW-RO-30YD","06/24/2020",45954
"Customer C-05966","SW-RES-1-BW","01/19/19",25696
"Customer C-42710","SW-ROLLOFF-40YD","2021-03-05",59660
"Customer C-33517","SW-ROLLOFF-10YD","14-Oct-23",28758
"Customer C-18747","SW-ROLLOFF-20YD","06/04/2020",42186
"Customer C-31681","SW-COMM-2","2022-01-10",8489
"Customer C-24268","SW-RO-10","2020-03-03",30506
"Customer C-40534","SW-ROLLOFF-40YD","04/23/2024",62021
"Customer C-26806","SW-COMM-4","03/04/2019",9468
"Customer C-36349","SW-COMM-6YD","2019-08-12",14207
"Customer C-21244","SW-RO-30YD","09/06/2022",45969
"Customer C-21618","SW-COMM-6","09/12/2023",17254
"Customer C-43886","SW-RES-1-BW","12/14/21",46920
"Customer C-36333","SW-ROLLOFF-20YD","03/14/22",44668
"Customer C-21926","SW-COMM-8","01/10/20",19831
"Customer C-30598","SW-RO-10","17-Apr-24",31185
"Customer C-42087","SW-COMM-8","04/12/2023",21436
"Customer C-25342","SW-FL-2YD","04/03/2024",11065
"Customer C-16989","SW-COMM-8","03-Nov-24",18119
"Customer C-43166","SW-FL-6YD","12/13/2021",18253
"Customer C-42852","SW-RO-10","19-Sep-20",33335
"Customer C-38607","SW-RO-10YD","12-Apr-20",26462
"Customer C-40264","SW-COMM-8","10/20/2024",21859
"Customer C-29598","SW-RO-40","10/15/2024",63044
"Customer C-22703","SW-XX-99YD","27-Jan-23",22623
"Customer C-09090","SW-FL-8YD","03/04/2023",18161
"Customer C-22043","SW-COMM-4YD","2024-08-15",15727
"Customer C-02695","SW-RO-40","08/14/23",55007
"Customer C-13785","SW-FL-6YD","08/02/2023",10236
"Customer C-17738","SW-FL-2YD","2019-09-07",4451
"Customer C-00919","SW-RO-30YD","2022-08-17",50736
"Customer C-15757","SW-COMM-6","2019-01-16",13220
"Customer C-08821","SW-COMM-6YD","2022-01-13",13570
"Customer C-26227","SW-ROLLOFF-30YD","27-Jan-19",47221
"Customer C-42940","SW-RO-30YD","04/23/2020",52563
"Customer C-03343","SW-FL-6YD","06-Nov-21",11406
"Customer C-42897","SW-RO-30YD","11/06/2022",45631
"Customer C-27794","SW-FL-6YD","2023-07-08",15848
"Customer C-43019","SW-COMM-2YD","2020-10-13",10952
"Customer C-23194","SW-COMM-8YD","09/02/21",19929
"Customer C-09227","SW-RO-40YD","11/26/2019",63119
"Customer C-38605","SW-COMM-XX","05/02/21",7213
"Customer C-18460","SW-FL-2YD","02/24/2024",11203
"Customer C-17277","SW-FL-4YD","01/11/2019",16973
"Customer C-38126","SW-RES-1-BW","11/11/2024",55548
"Customer C-44731","SW-FL-6YD","06/16/2020",13674
"Customer C-29964","SW-ROLLOFF-30YD","2022-02-05",50573
"Customer C-03904","SW-COMM-4YD","15-Jun-22",14915
"Customer C-14163","SW-RO-10YD","03/03/2024",33138
"Customer C-21376","SW-COMM-4YD","2023-07-18",14647
"Customer C-39807","SW-RO-10YD","25-Aug-21",27374
"Customer C-18019","SW-COMM-4YD","09/20/2022",11002
"Customer C-09294","SW-RES-1-W","2023-04-05",7400
"Customer C-29375","SW-ROLLOFF-20YD","2023-04-06",43818
"Customer C-05244","SW-COMM-4YD","12-Dec-21",13409
"Customer C-27533","SW-ROLLOFF-40YD","12/18/2022",59657
"Customer C-41051","SW-RO-40","12/04/19",57229
"Customer C-12272","SW-RES-1-BW","11/13/2020",35693
"Customer C-44256","SW-COMM-2","10/18/2024",9340
"Customer C-13488","SW-FL-2YD","03-Jan-20",12484
"Customer C-31543","SW-RO-20","28-Aug-20",44565
"Customer C-17874","SW-RO-20YD","07/12/2021",42574
"Customer C-06268","SW-RO-40","10-Sep-20",59770
"Customer C-12982","SW-ROLLOFF-30YD","01/10/22",54836
"Customer C-06166","NOPE-1","11/12/2022",12183
"Customer C-22513","SW-RO-20","09/21/20",35326
"Customer C-12714","NOPE-1","04/03/22",12219
"Customer C-29341","SW-ROLLOFF-20YD","26-Sep-19",37567
"Customer C-20043","SW-COMM-8","02/03/22",14908
"Customer C-23893","SW-XX-99YD","03/21/2023",45599
"Customer C-03363","SW-RO-20YD","09/03/20",39717
"Customer C-37673","SW-ROLLOFF-20YD","10-Mar-23",42474
"Customer C-32360","SW-RO-20","04-Apr-23",37214
"Customer C-02633","SW-RO-40","11/26/2021",61286
"Customer C-39150","SW-FL-8YD","10/16/2022",19146
"Customer C-32989","NOPE-1","09/11/2022",31742
"Customer C-06378","SW-COMM-8","07/01/24",18155
"Customer C-23706","SW-RO-10YD","08/09/2024",27170
"Customer C-24351","SW-ROLLOFF-10YD","02-Dec-24",27210
"Customer C-39959","SW-COMM-XX","2021-04-18",18394
"Customer C-37854","SW-COMM-8YD","10/02/2019",20747
"Customer C-44624","SW-COMM-6YD","27-Oct-22",19863
"Customer C-19778","SW-RO-30YD","12/11/2024",53312
"Customer C-07240","SW-COMM-8","11/01/20",14390
"Customer C-11200","SW-RO-20YD","05/13/2023",36185
"Customer C-44813","SW-COMM-4","2021-01-07",8312
"Customer C-40389","SW-RO-40YD","03/12/22",58233
"Customer C-36549","SW-COMM-2YD","2024-03-13",13194
"Customer C-12529","SW-RO-30YD","2020-04-16",45538
"Customer C-36036","SW-RO-20","02-Jun-20",37947
"Customer C-07047","SW-XX-99YD","11/19/19",10220
"Customer C-06327","SW-COMM-4","03/03/2022",14631
"Customer C-12047","SW-COMM-XX","13-Mar-20",42007
"Customer C-13887","SW-COMM-4YD","06/22/23",11252
"Customer C-13883","SW-FL-6YD","2024-09-16",13793
"Customer C-12754","SW-FL-6YD","10/11/2021",19984
"Customer C-06228","SW-FL-8YD","2023-12-04",14722
"Customer C-08309","SW-RO-20","23-Dec-21",37367
"Customer C-42389","SW-FL-8YD","2020-12-16",14253
"Customer C-32727","SW-COMM-6YD","22-Jan-22",10514
"Customer C-33417","SW-COMM-8","2020-02-12",22675
"Customer C-20988","NOPE-1","2019-08-23",22273
"Customer C-04573","SW-COMM-6YD","10/06/2023",15755
"Customer C-04913","SW-RO-30YD","02/28/2022",51224
"Customer C-11984","SW-ROLLOFF-40YD","09/19/2024",63982
"Customer C-03551","SW-RO-30YD","25-Mar-22",46550
"Customer C-19104","SW-RO-40YD","12-Sep-21",58600
"Customer C-17978","SW-RO-20","02/19/2021",41110
"Customer C-25127","SW-COMM-4","02/09/19",12280
"Customer C-09495","SW-RO-40","09/04/22",64460
"Customer C-30178","SW-RO-40","08-Apr-19",60706
"Customer C-09920","SW-RO-10YD","2023-04-06",30281
"Customer C-43810","SW-ROLLOFF-40YD","12/19/2021",61897
"Customer C-07967","SW-RO-10","07/24/20",26111
"Customer C-05387","SW-COMM-4YD","13-May-23",11601
"Customer C-36723","SW-COMM-8YD","17-Aug-19",22752
"Customer C-32036","SW-RO-40YD","09/01/2021",61767
"Customer C-32783","SW-FL-6YD","2023-11-14",19716
"Customer C-26830","SW-RO-30","2019-03-03",45526
"Customer C-16416","SW-COMM-2YD","11/14/23",11040
"Customer C-37599","SW-FL-2YD","12/26/2019",5496
"Customer C-41100","SW-RO-20YD","05/16/2019",43828
"Customer C-00938","SW-RO-10YD","17-Oct-21",32309
"Customer C-18828","SW-RO-10YD","14-Mar-24",33955
"Customer C-30462","SW-RES-1-BW","09/06/22",16324
"Customer C-06159","SW-RO-10","02/27/20",33395
"Customer C-25505","SW-RO-10YD","07/21/2020",29969
"Customer C-11815","SW-RO-40","2024-02-04",60933
"Customer C-06049","SW-ROLLOFF-20YD","2022-10-18",43287
"Customer C-35438","SW-RO-20YD","05/03/2019",36831
"Customer C-40504","SW-RO-30","09/11/19",51251
"Customer C-32806","SW-RO-20","2023-04-13",37588
"Customer C-23550","SW-RES-1-M","10/17/2019",22758
"Customer C-27151","SW-COMM-4","07/28/2021",16945
"Customer C-00816","SW-COMM-2YD","09/08/23",6747
"Customer C-25794","SW-XX-99YD","06/06/2024",44608
"Customer C-03647","SW-COMM-6","10/27/2019",17272
"Customer C-00920","SW-RO-30YD","2022-12-18",50876
"Customer C-01017","SW-FL-8YD","2022-06-26",20277
"Customer C-13585","NOPE-1","2021-06-15",50646
"Customer C-33065","SW-RES-1-M","05/16/2022",27374
"Customer C-11235","SW-RO-40YD","08/03/19",62880
"Customer C-11544","SW-FL-6YD","20-Sep-22",15725
"Customer C-10886","SW-RO-30YD","11-Dec-22",51421
"Customer C-20488","SW-COMM-4","25-Apr-22",11472
"Customer C-42795","SW-ROLLOFF-20YD","06/17/2021",39349
"Customer C-01441","SW-RO-10","13-Sep-23",29581
"Customer C-36928","SW-FL-8YD","2023-06-20",13728
"Customer C-12958","SW-RO-10YD","12/01/23",32187
"Customer C-00125","SW-COMM-XX","2024-12-14",12945
"Customer C-18791","SW-RO-30","03/27/2024",50409
"Customer C-13097","SW-FL-8YD","06/08/2021",18825
"Customer C-29629","SW-FL-6YD","09/22/20",15029
"Customer C-33664","SW-FL-4YD","06/15/2024",12402
"Customer C-04808","LEGACY-CODE","11/01/20",61566
"Customer C-06550","SW-FL-4YD","2023-08-26",13328
"Customer C-02282","SW-ROLLOFF-40YD","06/13/23",57284
"Customer C-14843","SW-ROLLOFF-10YD","2021-10-08",30870
"Customer C-02315","SW-RO-20","01-Feb-20",42870
"Customer C-18179","SW-COMM-2","2023-01-26",8142
"Customer C-40163","SW-RO-10YD","07/10/21",27101
"Customer C-00350","SW-FL-4YD","09/24/2022",11535
"Customer C-13397","SW-FL-6YD","18-Jul-22",15936
"Customer C-28277","SW-RO-30","04-Oct-20",51921
"Customer C-07569","SW-COMM-XX","10/26/19",39680
"Customer C-42047","SW-COMM-4YD","03/26/2019",11518
"Customer C-42862","SW-RO-40YD","2022-06-01",56982
"Customer C-31719","SW-RES-1-BW","07/11/2022",10863
"Customer C-37043","SW-ROLLOFF-20YD","07/14/24",39606
"Customer C-08437","SW-COMM-8","03/05/22",16743
"Customer C-11549","SW-RO-20YD","20-Oct-22",43735
"Customer C-07178","SW-COMM-8YD","12/21/23",21144
"Customer C-01441","SW-ROLLOFF-10YD","10/09/2022",25641
"Customer C-37875","SW-RO-20","2024-05-07",35985
"Customer C-22851","SW-RO-40","04-Apr-19",60965
"Customer C-10370","SW-RO-10","03/21/22",32641
"Customer C-41893","SW-XX-99YD","28-Aug-23",47180
"Customer C-30987","SW-RO-40","04/09/2024",59071
"Customer C-23906","NOPE-1","07/07/24",28354
"Customer C-39652","SW-COMM-4YD","25-Jan-21",7095
"Customer C-35501","SW-RO-30YD","15-Jan-23",52212
"Customer C-28862","SW-ROLLOFF-20YD","2023-06-17",38681
"Customer C-21223","SW-FL-4YD","08/24/2023",10702
"Customer C-43922","SW-COMM-8","09/14/2021",16494
"Customer C-23407","SW-COMM-2YD","03/07/22",12412
"Customer C-11123","SW-COMM-6","11-Aug-22",10424
"Customer C-27427","SW-RO-30YD","07/06/2019",46584
"Customer C-29965","SW-FL-4YD","12/05/2024",11026
"Customer C-30176","SW-COMM-2YD","09/03/21",13466
"Customer C-00010","SW-ROLLOFF-10YD","05-Jan-21",34108
"Customer C-38981","SW-RO-10YD","2020-07-26",27797
"Customer C-37287","SW-ROLLOFF-20YD","06/26/20",39211
"Customer C-41426","SW-COMM-2","2022-11-27",5223
"Customer C-02533","SW-FL-2YD","07/06/2019",13325
"Customer C-34012","SW-RO-30YD","2019-06-23",53738
"Customer C-06572","SW-COMM-2","05/13/2019",10701
"Customer C-07546","SW-RO-20YD","01/18/23",35123
"Customer C-42123","SW-FL-6YD","12/07/2023",13344
"Customer C-03589","SW-ROLLOFF-20YD","2024-08-27",41950
"Customer C-05149","SW-RO-40","11/14/2021",56740
"Customer C-26557","SW-ROLLOFF-10YD","2024-06-04",27641
"Customer C-32469","SW-RES-1-W","07/13/23",8206
"Customer C-25981","SW-RO-30YD","02/12/2022",53070
"Customer C-08173","SW-COMM-4YD","16-Feb-21",11345
"Customer C-17770","SW-RO-40","06/01/2021",55627
"Customer C-14581","OLD-SVC-7","07/04/2021",17474
"Customer C-27315","SW-RO-20YD","09/06/2021",43705
"Customer C-22739","SW-RO-40YD","2022-09-12",57743
"Customer C-27419","SW-RO-40YD","13-Feb-23",59623
"Customer C-14030","SW-RO-40","11/19/2024",55973
"Customer C-38708","SW-COMM-4YD","03-Aug-19",15821
"Customer C-14463","SW-FL-6YD","09/16/2023",11344
"Customer C-16854","SW-COMM-4","07-Jan-23",13571
"Customer C-34309","SW-RO-40","03-Nov-19",56154
"Customer C-41125","SW-FL-4YD","08/25/2022",13721
"Customer C-25257","SW-COMM-6","03/01/22",18223
"Customer C-18479","SW-RES-1-M","2020-08-02",44751
"Customer C-11161","SW-RO-30","06/09/22",50468
"Customer C-13316","SW-RES-1-W","07/16/2022",43967
"Customer C-35180","SW-ROLLOFF-30YD","12/23/2024",53022
"Customer C-04871","SW-COMM-8YD","05/14/23",21851
"Customer C-23892","SW-RO-20YD","23-Dec-21",36073
"Customer C-13458","SW-COMM-6YD","05/05/2023",11584
"Customer C-14988","SW-ROLLOFF-20YD","05/08/19",37460
"Customer C-35645","SW-RO-10","26-Jul-21",28134
"Customer C-13799","SW-FL-6YD","04/08/21",17879
"Customer C-08086","SW-RO-20","01/02/2021",38223
"Customer C-00072","SW-RES-1-M","02/12/2024",26189
"Customer C-05863","SW-COMM-8","04-Sep-24",19419
"Customer C-06663","SW-RO-30YD","18-Dec-19",48891
"Customer C-12152","SW-COMM-6","25-Aug-20",11312
"Customer C-17060","SW-ROLLOFF-30YD","08/08/2019",46211
"Customer C-31078","SW-FL-2YD","01/13/2022",10371
"Customer C-34408","SW-ROLLOFF-30YD","09/23/2024",50964
"Customer C-01637","SW-RES-1-W","01/25/2022",15540
"Customer C-04716","SW-RO-40YD","2023-12-18",61062
"Customer C-07962","SW-COMM-8YD","23-Apr-20",15474
"Customer C-25577","SW-COMM-6","2022-07-24",14254
"Customer C-31662","SW-COMM-8","2019-07-12",16958
"Customer C-17059","SW-ROLLOFF-10YD","12/18/23",32248
"Customer C-27837","SW-RO-20YD","06/13/19",39992
"Customer C-08110","SW-FL-8YD","04/03/2023",16010
"Customer C-44403","SW-RO-40YD","10/17/24",61172
"Customer C-27603","SW-COMM-8YD","04/03/19",18699
"Customer C-18979","SW-ROLLOFF-10YD","01/17/21",34027
"Customer C-07209","SW-FL-2YD","11-Aug-20",6427
"Customer C-27432","SW-FL-6YD","06/24/2022",10830
"Customer C-21507","SW-COMM-8","06/25/2022",13284
"Customer C-15439","SW-RO-10YD","05/08/20",27822
"Customer C-33034","SW-ROLLOFF-10YD","07/08/2019",25738
"Customer C-20824","SW-COMM-6","08/01/2022",12043
"Customer C-18311","SW-COMM-4YD","03/07/20",9853
"Customer C-26273","SW-FL-4YD","11-Jan-19",7099
"Customer C-28156","SW-COMM-XX","10/04/2023",14227
"Customer C-04588","SW-RO-10","03/10/2019",26593
"Customer C-07105","SW-RO-20YD","07-Jan-20",36244
"Customer C-12979","SW-FL-4YD","15-Nov-21",11895
"Customer C-31135","SW-ROLLOFF-30YD","03/18/2022",51822
"Customer C-39335","SW-RES-1-W","08/20/2022",45097
"Customer C-02224","SW-RES-1-M","03/01/21",18249
"Customer C-06013","SW-ROLLOFF-30YD","2023-09-22",47532
"Customer C-21540","SW-ROLLOFF-40YD","2021-07-04",64084
"Customer C-06457","SW-ROLLOFF-40YD","05/17/20",58233
"Customer C-08059","SW-COMM-6YD","15-Mar-21",17128
"Customer C-43843","SW-FL-4YD","02/16/2024",15054
"Customer C-19009","SW-FL-8YD","2024-01-12",18853
"Customer C-42339","SW-RO-30YD","2021-12-02",52293
"Customer C-04961","SW-RO-40","17-Feb-20",63975
"Customer C-27434","SW-COMM-XX","21-Aug-19",6292
"Customer C-43804","SW-RO-10YD","2021-12-15",30879
"Customer C-03888","SW-RO-10","2020-10-06",30194
"Customer C-25404","SW-RO-10YD","04/14/21",32979
"Customer C-04816","SW-RO-40","09/21/24",59168
"Customer C-01512","SW-RO-10","11/27/2020",25741
"Customer C-16359","SW-FL-4YD","2024-03-23",12439
"Customer C-19853","SW-RO-40YD","2024-07-25",60471
"Customer C-13487","SW-COMM-6","03/14/2022",18663
"Customer C-23001","SW-RO-20","11/06/21",36040
"Customer C-04938","SW-RES-1-M","2023-12-13",13555
"Customer C-40030","SW-ROLLOFF-20YD","04/06/2019",41147
"Customer C-07649","SW-FL-8YD","05/13/2022",21576
"Customer C-17310","SW-RO-10YD","16-Aug-21",30432
"Customer C-18190","SW-RO-20YD","07/24/2020",37580
"Customer C-16001","SW-ROLLOFF-10YD","2019-02-05",27984
"Customer C-16578","SW-FL-4YD","04/22/22",13598
"Customer C-26001","SW-RES-1-BW","03/12/24",61021
"Customer C-42155","SW-FL-2YD","11/02/20",4572
"Customer C-31250","SW-COMM-4","07/15/23",13164
"Customer C-30987","LEGACY-CODE","11-Jul-20",30777
"Customer C-34829","SW-RO-40YD","04/24/2023",60942
"Customer C-43291","SW-COMM-2YD","2022-01-11",4528
"Customer C-01522","SW-ROLLOFF-20YD","06-Apr-24",41121
"Customer C-09130","SW-COMM-8YD","10/06/2020",20710
"Customer C-30577","SW-FL-2YD","2024-08-09",6276
"Customer C-42893","SW-ROLLOFF-30YD","07-May-19",50447
"Customer C-36274","SW-COMM-6YD","11/11/2020",15666
"Customer C-08686","SW-RO-10YD","07/12/2019",34540
"Customer C-19730","SW-RES-1-BW","11/23/2023",13827
"Customer C-44086","SW-COMM-6","02/15/2019",16152
"Customer C-33512","SW-RO-40","05/20/2019",61912
"Customer C-31730","SW-ROLLOFF-30YD","05/14/22",47984
"Customer C-26737","SW-RO-10YD","05/05/2022",30932
"Customer C-29239","SW-RO-10","01/01/2024",28548
"Customer C-42382","SW-ROLLOFF-40YD","2023-08-03",61425
"Customer C-40544","SW-RO-40YD","2019-08-01",62873
"Customer C-35007","SW-RES-1-W","10/15/2021",55135
"Customer C-31391","SW-RO-40YD","04/28/22",62073
"Customer C-27439","SW-RO-30","01/05/2023",46067
"Customer C-07127","SW-FL-8YD","01-Jul-24",20092
"Customer C-07474","SW-RO-40","07/22/2020",63123
"Customer C-03162","SW-RO-10YD","04/06/2022",34474
"Customer C-10670","SW-COMM-8YD","2021-08-04",17731
"Customer C-43021","SW-FL-6YD","2021-06-19",15803
"Customer C-05434","SW-RES-1-BW","13-Oct-19",62559
"Customer C-06677","SW-ROLLOFF-10YD","24-Oct-19",32578
"Customer C-02354","SW-RO-40YD","2024-06-02",57809
"Customer C-06149","SW-FL-8YD","2020-07-06",19858
"Customer C-44510","SW-FL-4YD","07/21/2024",16838
"Customer C-33733","SW-FL-8YD","12/26/2020",19865
"Customer C-14664","SW-COMM-XX","2024-03-06",18750
"Customer C-32304","SW-ROLLOFF-40YD","11/22/2021",57123
"Customer C-14021","SW-RO-40","2023-01-23",61162
"Customer C-36269","SW-RES-1-BW","21-Nov-22",42545
"Customer C-42607","SW-RO-40","06-Aug-19",59481
"Customer C-28142","SW-COMM-4YD","02/26/24",15097
"Customer C-41252","SW-FL-8YD","10/12/2023",22109
"Customer C-03165","SW-RO-10YD","01/23/2023",26578
"Customer C-23591","SW-FL-4YD","04/11/2022",13095
"Customer C-18933","SW-COMM-4YD","07/28/2020",8196
"Customer C-00546","SW-FL-6YD","09-Dec-21",18150
"Customer C-35538","SW-FL-8YD","26-Jan-20",21573
"Customer C-01492","SW-COMM-6","09/26/2021",19275
"Customer C-32876","SW-FL-4YD","12/10/2022",13824
"Customer C-20117","SW-COMM-8YD","09/21/2021",16557
"Customer C-41258","SW-RO-10YD","2022-11-14",29483
"Customer C-23540","SW-RO-20","06/27/2019",41417
"Customer C-03938","SW-RO-40YD","2024-02-09",58894
"Customer C-07786","SW-COMM-4YD","10/19/23",7590
"Customer C-34139","SW-RO-10YD","2023-03-12",31034
"Customer C-21299","SW-FL-4YD","02/02/2024",11203
"Customer C-03360","SW-COMM-2","06/26/19",7363
"Customer C-27938","SW-ROLLOFF-10YD","22-Aug-23",33583
"Customer C-13433","SW-FL-2YD","2024-04-17",5036
"Customer C-24059","SW-FL-6YD","2019-04-03",15188
"Customer C-01742","SW-COMM-6YD","17-Jul-23",11068
"Customer C-19095","SW-FL-4YD","02/13/2021",7787
"Customer C-25087","SW-RO-10YD","2024-03-12",32199
"Customer C-20189","SW-RES-1-M","2023-08-07",50065
"Customer C-05325","SW-COMM-8YD","02/11/19",19760
"Customer C-36320","SW-RES-1-W","01/02/2023",17924
"Customer C-42908","SW-RES-1-M","2023-03-24",62797
"Customer C-37231","SW-COMM-4YD","03/17/2019",8824
"Customer C-43262","SW-COMM-2YD","2022-03-14",7509
"Customer C-17244","SW-COMM-8YD","02/21/2024",19791
"Customer C-10704","SW-ROLLOFF-40YD","01/17/2020",56611
"Customer C-16089","SW-COMM-6","12-Apr-20",13974
"Customer C-42218","SW-COMM-8","04/02/2024",18561
"Customer C-19344","SW-FL-4YD","03/10/2022",13298
"Customer C-29049","SW-RO-10","2022-07-17",30021
"Customer C-06478","SW-COMM-2","2019-03-18",7349
"Customer C-44971","LEGACY-CODE","01/09/2020",11573
"Customer C-32977","SW-RO-10","2022-10-20",30142
"Customer C-41655","SW-ROLLOFF-20YD","02/22/2020",41208
"Customer C-40920","SW-RO-10YD","07/18/20",29580
"Customer C-09979","SW-FL-6YD","08/18/2023",19527
"Customer C-28511","SW-FL-6YD","07/12/2023",18620
"Customer C-01318","SW-ROLLOFF-10YD","03/19/24",33665
"Customer C-08530","SW-RES-1-M","05/27/2023",10440
"Customer C-21675","SW-ROLLOFF-10YD","12-Apr-21",34091
"Customer C-37448","SW-COMM-4YD","06-Mar-23",12617
"Customer C-40476","SW-RO-10","2024-03-15",30142
"Customer C-22463","SW-FL-4YD","11/05/21",10835
"Customer C-38455","OLD-SVC-7","06/09/2022",60009
"Customer C-40654","SW-ROLLOFF-10YD","09/03/2022",30351
"Customer C-15907","SW-COMM-8YD","14-Oct-20",17809
"Customer C-10612","SW-COMM-2YD","10/10/24",12945
"Customer C-27231","LEGACY-CODE","23-Mar-20",14032
"Customer C-32554","SW-ROLLOFF-30YD","09/24/2022",49653
"Customer C-24528","SW-RO-40YD","09/09/2022",55671
"Customer C-43733","SW-COMM-XX","01/12/2020",20908
"Customer C-03750","SW-XX-99YD","2024-04-02",33608
"Customer C-05434","OLD-SVC-7","10/15/2019",30396
"Customer C-15168","SW-FL-8YD","20-Jun-19",19545
"Customer C-43164","SW-FL-6YD","04/01/2019",19457
"Customer C-06091","SW-RES-1-W","08/09/2020",16398
"Customer C-20758","SW-RO-20","07/05/2021",42366
"Customer C-42918","SW-RO-30","04/26/20",52667
"Customer C-20172","SW-FL-2YD","10/12/2023",12571
"Customer C-22830","SW-RES-1-BW","24-Oct-21",38213
"Customer C-31630","SW-RES-1-M","12/22/2021",32937
"Customer C-43485","SW-FL-4YD","27-Apr-20",9283
"Customer C-44145","SW-COMM-4","11/03/19",8373
"Customer C-27923","NOPE-1","2019-07-02",19584
"Customer C-37519","SW-COMM-XX","11/11/2022",31709
"Customer C-11834","SW-RO-30YD","04/27/24",45537
"Customer C-25575","SW-RO-20YD","2020-08-19",42238
"Customer C-34341","SW-RO-10YD","01/21/21",33832
"Customer C-13926","SW-FL-6YD","04/04/2024",18151
"Customer C-24068","SW-RO-40YD","2024-06-05",57445
"Customer C-09310","SW-RO-10YD","07/03/2022",31704
"Customer C-00239","SW-RO-20YD","07/17/23",38190
"Customer C-07908","SW-RO-40","2021-05-19",61586
"Customer C-19010","SW-FL-8YD","2023-07-22",21790
"Customer C-30405","SW-RO-20","2019-11-07",36995
"Customer C-32721","SW-COMM-8YD","2019-08-06",14225
"Customer C-00952","SW-COMM-6","11/12/2019",19360
"Customer C-02162","SW-FL-8YD","05/12/2020",21262
"Customer C-14898","SW-RO-10","07/01/2022",29725
"Customer C-41493","SW-FL-2YD","22-Feb-23",4673
"Customer C-41944","SW-RO-40","2019-04-24",63700
"Customer C-28398","SW-COMM-2","02/02/19",4658
"Customer C-41709","SW-COMM-2YD","28-Jul-22",13023
"Customer C-37559","SW-COMM-8","05/04/2024",18720
"Customer C-08362","SW-RO-30YD","14-Nov-23",53604
"Customer C-23875","SW-COMM-4YD","04/04/2021",11978
"Customer C-31120","SW-ROLLOFF-20YD","07/25/2021",42055
"Customer C-16848","SW-RO-40YD","2019-12-12",62196
"Customer C-33498","SW-RO-20YD","18-Jun-20",41189
"Customer C-29482","SW-RO-40","10/20/2019",57495
"Customer C-04969","SW-COMM-4YD","22-Jun-21",11044
"Customer C-12216","SW-RES-1-M","2021-04-11",53811
"Customer C-09090","SW-RO-10YD","05/07/2019",34772
"Customer C-17588","SW-RO-10","2022-01-08",32014
"Customer C-10211","SW-RO-10","02/10/20",27446
"Customer C-20135","SW-COMM-4","08/17/23",12830
"Customer C-43586","SW-FL-4YD","2020-10-17",16994
"Customer C-11882","SW-RO-30YD","10/01/2021",45598
"Customer C-15709","SW-RO-30","2019-01-06",54255
"Customer C-37757","SW-RES-1-M","11-May-20",49452
"Customer C-18541","SW-RO-30","03/04/2022",45735
"Customer C-11153","SW-RES-1-M","05/11/2020",14980
"Customer C-40786","SW-RO-10YD","04/15/2021",29989
"Customer C-33661","SW-RO-20","11/27/2022",37329
"Customer C-28108","SW-ROLLOFF-40YD","05/02/23",55570
"Customer C-13606","SW-RO-10YD","2021-02-16",31431
"Customer C-07692","SW-RO-10YD","2019-06-25",26939
"Customer C-26188","SW-RO-40YD","08/26/20",56068
"Customer C-17143","SW-RO-20","2020-07-07",41381
"Customer C-14843","SW-RO-20YD","2022-10-26",44446
"Customer C-10218","SW-COMM-6YD","02/07/2022",12988
"Customer C-15911","SW-RO-40","2023-02-03",56427
"Customer C-01893","SW-RO-10YD","2020-06-08",31948
"Customer C-16278","SW-FL-2YD","04/03/20",4720
"Customer C-05498","SW-COMM-4","2021-04-05",7211
"Customer C-27571","OLD-SVC-7","2023-08-17",13633
"Customer C-30117","SW-RO-30YD","12/26/2024",48069
"Customer C-03897","SW-RO-40","10/24/2024",59712
"Customer C-12056","SW-FL-2YD","10/10/2020",12414
"Customer C-08776","SW-ROLLOFF-40YD","2024-08-08",59038
"Customer C-13946","SW-RES-1-W","03/12/2020",12504
"Customer C-00108","SW-ROLLOFF-10YD","2019-03-01",25079
"Customer C-18078","SW-COMM-4","17-Dec-22",12457
"Customer C-10841","SW-ROLLOFF-10YD","2024-11-05",27621
"Customer C-03489","SW-ROLLOFF-10YD","09/24/19",28704
"Customer C-12561","SW-FL-2YD","05/14/19",7360
"Customer C-18371","SW-COMM-8","2022-10-18",16777
"Customer C-13472","SW-RO-30YD","22-Nov-19",50038
"Customer C-08383","SW-FL-6YD","10-Jan-24",15154
"Customer C-20367","SW-RO-40YD","06/09/2021",63512
"Customer C-02031","SW-RO-40YD","2019-06-04",64419
"Customer C-00763","SW-RES-1-BW","2020-02-06",13454
"Customer C-03142","SW-ROLLOFF-10YD","22-Nov-23",30024
"Customer C-23781","SW-FL-2YD","03/14/2023",6905
"Customer C-20476","SW-ROLLOFF-20YD","02/28/2021",42980
"Customer C-08671","SW-COMM-2YD","2022-01-18",7796
"Customer C-04225","SW-COMM-4","05/25/2024",12283
"Customer C-26626","SW-RO-30YD","03-Nov-22",53319
"Customer C-27656","SW-ROLLOFF-40YD","2020-01-07",55490
"Customer C-23119","SW-COMM-2YD","2019-12-06",7551
"Customer C-27632","SW-COMM-4","03/03/2021",13215
"Customer C-23967","SW-RO-10","26-Apr-21",27499
"Customer C-34141","SW-COMM-2","03-Sep-22",9859
"Customer C-03093","SW-RO-40YD","10/19/2021",61953
"Customer C-19015","SW-RO-30","08/25/2023",45381
"Customer C-26633","SW-ROLLOFF-30YD","14-Jun-24",54981
"Customer C-37663","SW-COMM-6","01/09/2024",12736
"Customer C-22700","SW-COMM-8","12/07/2024",13244
"Customer C-38193","SW-FL-6YD","09-Apr-19",19396
"Customer C-37701","SW-FL-2YD","12/16/2022",4455
"Customer C-16874","SW-RO-10","22-Aug-24",25430
"Customer C-12457","SW-COMM-2YD","05/14/2022",6675
"Customer C-16429","SW-ROLLOFF-20YD","08/20/2023",37554
"Customer C-30843","SW-COMM-6","2021-04-07",12458
"Customer C-13951","SW-RO-40","10/20/2023",55022
"Customer C-40087","SW-RES-1-BW","11/02/23",50775
"Customer C-30504","SW-COMM-2","01/21/2019",6407
"Customer C-32678","SW-ROLLOFF-10YD","15-May-19",34986
"Customer C-14408","SW-RO-20YD","09/21/2023",39907
"Customer C-13788","SW-RO-10","03/15/2022",31537
"Customer C-18407","SW-FL-4YD","2021-08-13",8798
"Customer C-31121","SW-RO-30YD","2022-06-09",49247
"Customer C-42839","SW-RO-40","13-Jun-20",56666
"Customer C-06215","SW-RO-10","09/05/2020",30115
"Customer C-04894","SW-FL-6YD","01/10/21",13446
"Customer C-28597","SW-RO-40YD","10/17/24",60409
"Customer C-02102","SW-COMM-4YD","07/25/2019",14168
"Customer C-30765","SW-COMM-8YD","2024-07-13",17784
"Customer C-30061","SW-COMM-6YD","07/19/19",19150
"Customer C-21626","SW-FL-2YD","17-Nov-24",5935
"Customer C-01357","SW-RES-1-W","2019-08-21",38877
"Customer C-06119","SW-COMM-6","13-Jan-21",15430
"Customer C-12096","SW-RO-30YD","04/16/2020",50697
"Customer C-35201","SW-COMM-4","11/11/23",10279
"Customer C-25921","SW-RO-10YD","04/09/2024",26785
"Customer C-07904","SW-ROLLOFF-40YD","10-Nov-21",55059
"Customer C-28439","SW-COMM-XX","2022-04-18",33466
"Customer C-22734","OLD-SVC-7","12/15/19",16473
"Customer C-23826","SW-COMM-8","11/09/2020",14735
"Customer C-12943","SW-COMM-2","11/10/22",8779
"Customer C-36728","SW-ROLLOFF-40YD","02/16/2023",60590
"Customer C-17260","SW-COMM-6YD","10/06/2022",16654
"Customer C-14711","SW-COMM-8","2021-09-01",16133
"Customer C-44305","SW-RO-40YD","01/10/22",56624
"Customer C-20438","SW-COMM-2YD","02/07/2021",9220
"Customer C-30555","SW-RES-1-M","2023-12-14",25987
"Customer C-06251","SW-RES-1-W","01/20/2023",12837
"Customer C-10060","SW-RO-30YD","2023-02-16",47318
"Customer C-28607","SW-FL-2YD","2020-10-11",9158
"Customer C-35401","SW-COMM-4YD","21-Sep-24",13267
"Customer C-03459","SW-RO-40YD","2020-10-16",56376
"Customer C-32643","SW-FL-8YD","12/09/2021",16626
"Customer C-24395","SW-ROLLOFF-40YD","07/04/2024",62240
"Customer C-10892","SW-RES-1-W","09/10/2020",17229
"Customer C-36529","SW-RES-1-W","04/23/2024",45579
"Customer C-42608","SW-ROLLOFF-10YD","24-Sep-22",28587
"Customer C-07165","SW-FL-2YD","2020-09-03",13165
"Customer C-23981","SW-RO-30","2021-03-04",50202
"Customer C-19513","SW-ROLLOFF-40YD","2022-12-01",64325
"Customer C-35926","SW-RO-40","2024-06-26",63819
"Customer C-25406","SW-RO-10YD","03/22/2023",31746
"Customer C-16242","SW-RO-30","10-Jun-19",53059
"Customer C-38283","SW-RO-20","09/26/22",39153
"Customer C-11983","SW-COMM-4","2019-12-21",15008
"Customer C-05325","SW-COMM-2","10-Sep-20",12262
"Customer C-11680","SW-FL-6YD","10/28/2020",13854
"Customer C-21554","SW-RES-1-BW","10/12/2021",62086
"Customer C-02167","SW-ROLLOFF-40YD","2020-12-17",63357
"Customer C-32061","SW-ROLLOFF-20YD","08/16/2022",35069
"Customer C-00642","SW-FL-2YD","10/05/19",11281
"Customer C-17748","OLD-SVC-7","01/25/2019",27873
"Customer C-41709","SW-RO-30YD","10/15/2020",50986
"Customer C-06806","SW-ROLLOFF-40YD","2021-04-14",59856
"Customer C-30580","SW-ROLLOFF-10YD","03/11/2022",30484
"Customer C-14664","SW-COMM-4YD","2023-05-10",11039
"Customer C-19190","SW-COMM-2YD","02/23/2022",8534
"Customer C-25214","SW-RO-10","04/02/19",33216
"Customer C-44478","SW-COMM-6","20-Jan-24",11814
"Customer C-10746","SW-COMM-6YD","2024-01-15",15227
"Customer C-37342","SW-RO-30","04/28/2021",52477
"Customer C-34897","SW-FL-2YD","12/14/2024",12501
"Customer C-19699","SW-FL-6YD","2022-12-13",12955
"Customer C-18589","SW-RES-1-W","2019-10-08",43613
"Customer C-05557","SW-ROLLOFF-30YD","04/14/19",49604
"Customer C-16247","SW-RES-1-W","11/28/2023",14898
"Customer C-43868","SW-RO-30YD","03/22/2021",49459
"Customer C-07825","SW-ROLLOFF-10YD","08/28/24",27993
"Customer C-39132","SW-COMM-8YD","2024-07-15",17496
"Customer C-17536","SW-RO-30","02/22/2019",47591
"Customer C-04327","SW-COMM-8","04/01/2024",21529
"Customer C-35201","SW-ROLLOFF-10YD","27-Oct-21",25012
"Customer C-29154","SW-FL-4YD","10/23/2021",11477
"Customer C-36375","SW-COMM-2","21-May-23",9699
"Customer C-10309","SW-RES-1-M","03-Sep-20",16994
"Customer C-15062","SW-COMM-6","2021-04-03",14190
"Customer C-05952","SW-COMM-8YD","03/10/19",19210
"Customer C-40049","SW-COMM-2YD","12/10/2023",4744
"Customer C-16345","SW-RO-40YD","2020-11-14",57341
"Customer C-42330","SW-RES-1-M","05/05/19",18870
"Customer C-05481","SW-COMM-2YD","06/21/19",8393
"Customer C-37115","SW-ROLLOFF-40YD","02/20/2021",55622
"Customer C-01954","LEGACY-CODE","05/05/21",14008
"Customer C-05262","SW-RES-1-M","02/16/20",11959
"Customer C-31509","SW-COMM-2YD","03/26/2022",6274
"Customer C-26442","SW-COMM-6","18-Jun-24",15855
"Customer C-10541","SW-FL-4YD","06/05/2020",10699
"Customer C-21095","SW-ROLLOFF-20YD","09/01/19",42696
"Customer C-01354","SW-COMM-2","01/05/2022",10297
"Customer C-28080","SW-ROLLOFF-20YD","05/23/2022",37967
"Customer C-15030","SW-FL-2YD","2019-03-01",9610
"Customer C-32049","SW-COMM-2YD","2023-05-17",6724
"Customer C-16176","SW-RO-40YD","2022-09-01",64389
"Customer C-03026","SW-FL-8YD","2022-01-21",13423
"Customer C-22387","SW-RO-10","02-Nov-21",30370
"Customer C-14696","SW-FL-2YD","08/09/22",5588
"Customer C-06506","SW-RO-40YD","04/20/19",63074
"Customer C-13654","SW-FL-6YD","04/06/2024",16782
"Customer C-25881","SW-RO-10","24-Oct-22",33630
"Customer C-42491","SW-COMM-4YD","26-Mar-22",9422
"Customer C-44064","SW-RO-40","2022-10-12",61195
"Customer C-12501","SW-FL-4YD","07-Dec-21",14237
"Customer C-18362","LEGACY-CODE","09/16/2021",14392
"Customer C-06647","SW-FL-6YD","2022-02-21",15413
"Customer C-06637","SW-ROLLOFF-20YD","10/13/24",40233
"Customer C-41914","SW-ROLLOFF-20YD","08/17/2024",35370
"Customer C-39598","SW-COMM-8YD","12/16/2020",17306
"Customer C-37995","SW-ROLLOFF-10YD","04/12/2024",30145
"Customer C-08389","SW-XX-99YD","2022-11-28",58652
"Customer C-16266","SW-RO-10","2024-11-21",28718
"Customer C-42087","SW-RO-40","2022-03-11",60077
"Customer C-16458","SW-RO-10","02/08/23",25953
"Customer C-36229","SW-ROLLOFF-10YD","03/16/2024",30356
"Customer C-40545","SW-RO-10YD","24-Nov-20",32799
"Customer C-43856","SW-FL-8YD","2023-09-02",17779
"Customer C-37985","SW-RO-10","06-Feb-23",29484
"Customer C-44253","SW-RO-10","03/26/2021",30060
"Customer C-06674","SW-COMM-2YD","05-Sep-21",10386
"Customer C-28338","SW-COMM-4","2023-03-27",10674
"Customer C-15028","SW-RO-20","05-Jun-20",36319
"Customer C-28079","SW-ROLLOFF-30YD","2020-01-11",48312
"Customer C-35395","SW-COMM-6YD","2021-04-13",15783
"Customer C-04118","SW-ROLLOFF-10YD","09-Nov-24",26314
"Customer C-35708","SW-FL-4YD","10/27/2021",9920
"Customer C-07614","SW-RO-10YD","20-Mar-20",26863
"Customer C-38844","SW-RO-10YD","28-Apr-20",27168
"Customer C-03440","SW-RO-10","2022-11-26",31232
"Customer C-32302","SW-RO-30YD","07/15/23",45356
"Customer C-02069","SW-ROLLOFF-20YD","2020-01-16",44928
"Customer C-13764","SW-COMM-6","2020-02-07",13909
"Customer C-42547","SW-ROLLOFF-40YD","07/23/24",56275
"Customer C-26914","SW-RES-1-W","08-Jul-21",6605
"Customer C-26196","SW-COMM-2YD","05/23/22",8560
"Customer C-09469","SW-ROLLOFF-10YD","02/27/2023",34473
"Customer C-09683","SW-COMM-8","08/26/20",19203
"Customer C-41246","SW-FL-8YD","2019-11-16",16851
"Customer C-22119","OLD-SVC-7","07/27/21",35847
"Customer C-13429","SW-COMM-6","14-Dec-19",10869
"Customer C-33530","SW-COMM-6YD","09/03/2024",13280
"Customer C-02518","SW-RO-30","14-Dec-23",52062
"Customer C-37734","SW-RO-20YD","2019-06-11",38453
"Customer C-15229","SW-RES-1-M","07/10/2024",59268
"Customer C-40353","SW-COMM-6YD","11/17/2019",12192
"Customer C-31498","SW-ROLLOFF-10YD","04-Sep-23",28734
"Customer C-04059","SW-ROLLOFF-40YD","02/12/19",57466
"Customer C-12059","SW-RES-1-BW","2024-01-06",52799
"Customer C-43953","SW-RO-20YD","2020-01-12",42892
"Customer C-14259","SW-ROLLOFF-10YD","2020-06-20",32192
"Customer C-24578","SW-RO-40","25-Dec-22",57340
"Customer C-00190","SW-COMM-8YD","15-Jun-24",19586
"Customer C-40090","SW-COMM-4","20-Aug-21",8686
"Customer C-31450","SW-COMM-2YD","12/20/2023",4018
"Customer C-11627","SW-COMM-6YD","11/07/2020",10596
"Customer C-42516","SW-ROLLOFF-10YD","03/15/22",33577
"Customer C-11168","SW-COMM-2YD","04/15/21",4264
"Customer C-10755","SW-RO-40YD","2020-12-23",55793
"Customer C-05199","SW-COMM-6YD","2024-07-25",13378
"Customer C-40064","SW-ROLLOFF-10YD","2020-10-03",30930
"Customer C-01264","SW-RO-40","05-Jan-20",61486
"Customer C-42315","SW-RO-20","2024-01-19",37484
"Customer C-22011","SW-ROLLOFF-40YD","24-Jun-22",62440
"Customer C-29832","SW-ROLLOFF-40YD","2022-12-04",62455
"Customer C-38480","SW-COMM-8YD","12/20/2019",13131
"Customer C-39739","SW-RO-40","2019-06-07",64169
"Customer C-25633","SW-ROLLOFF-40YD","22-Oct-21",61929
"Customer C-06520","SW-COMM-8YD","07/09/19",15861
"Customer C-13510","SW-FL-6YD","21-Dec-20",12541
"Customer C-42647","SW-RO-40YD","2019-06-12",64995
"Customer C-05300","SW-RO-10YD","14-Nov-23",33760
"Customer C-30007","SW-RO-10","2019-12-07",26380
"Customer C-39600","SW-ROLLOFF-20YD","2022-01-02",38395
"Customer C-08920","SW-ROLLOFF-10YD","09/15/24",29600
"Customer C-22179","SW-FL-4YD","12/24/2021",7408
"Customer C-36072","SW-ROLLOFF-20YD","2020-10-09",38418
"Customer C-29261","SW-ROLLOFF-30YD","2022-09-01",51040
"Customer C-32132","SW-FL-4YD","15-Apr-20",8454
"Customer C-02994","SW-RES-1-W","12/11/2022",15049
"Customer C-10460","SW-COMM-8","08/04/2022",15610
"Customer C-16319","SW-ROLLOFF-30YD","02/02/2020",45418
"Customer C-30015","SW-COMM-8","08/27/20",22066
"Customer C-08386","SW-COMM-4","03/08/2019",8858
"Customer C-15052","SW-FL-2YD","25-Jun-22",5170
"Customer C-39790","SW-RO-30","2023-08-12",46444
"Customer C-23203","SW-RES-1-BW","14-Feb-22",62982
"Customer C-43099","SW-RO-40","05/26/2019",64493
"Customer C-18132","SW-RO-20","11/12/24",37679
"Customer C-38623","SW-RO-10","08/21/2024",32115
"Customer C-26759","SW-RO-30","2021-03-02",51288
"Customer C-39627","SW-RO-40YD","06/19/2022",63478
"Customer C-41886","SW-COMM-6YD","24-Mar-20",12147
"Customer C-42780","SW-COMM-2YD","06/28/2023",11779
"Customer C-42306","SW-RO-30","2021-02-18",54274
"Customer C-19414","SW-RO-40","06/05/20",56261
"Customer C-05451","SW-COMM-8YD","2020-06-01",19879
"Customer C-12823","NOPE-1","2022-11-02",61342
"Customer C-29915","SW-RO-30YD","05/20/2023",50134
"Customer C-21983","SW-RO-40YD","2023-08-16",62832
"Customer C-33294","SW-ROLLOFF-20YD","10/01/2024",39263
"Customer C-02515","SW-RO-10YD","04-Sep-19",26377
"Customer C-26574","SW-RO-20","02/01/2019",44753
"Customer C-31411","SW-COMM-6","26-Mar-21",18616
"Customer C-13448","SW-RO-10YD","11/16/2024",30596
"Customer C-31181","SW-ROLLOFF-30YD","2021-05-23",54126
"Customer C-10204","SW-COMM-8","07/09/2022",19736
"Customer C-17833","SW-ROLLOFF-20YD","09/25/2020",40197
"Customer C-00826","SW-FL-8YD","09/11/20",18459
"Customer C-15295","SW-RO-30YD","06/12/2024",48303
"Customer C-20541","SW-ROLLOFF-40YD","18-Nov-21",60191
"Customer C-27910","NOPE-1","09/12/19",40313
"Customer C-11463","SW-RES-1-M","11/28/2023",40780
"Customer C-25650","SW-ROLLOFF-10YD","05/05/23",32951
"Customer C-30683","SW-RES-1-W","11/24/21",29938
"Customer C-43626","SW-FL-8YD","05/08/2022",21548
"Customer C-12019","SW-RO-30","10/04/2024",54288
"Customer C-40542","SW-ROLLOFF-10YD","05/18/22",30279
"Customer C-03601","SW-FL-4YD","01/07/2021",13537
"Customer C-19750","SW-FL-8YD","2024-02-11",19284
"Customer C-00947","SW-COMM-4","01/26/2022",7677
"Customer C-31310","SW-COMM-2","04/16/2020",5430
"Customer C-08093","SW-FL-6YD","03/19/23",11632
"Customer C-26538","SW-RO-30","02/21/22",53568
"Customer C-29594","SW-RO-40YD","2020-02-14",58737
"Customer C-31862","SW-RO-40","03-Jul-22",60997
"Customer C-09209","SW-RES-1-M","10/22/2023",27437
"Customer C-05783","SW-RES-1-M","07/14/23",62512
"Customer C-28159","SW-RO-20","02/14/2020",36936
"Customer C-35205","SW-ROLLOFF-30YD","08/08/2024",48148
"Customer C-24548","SW-ROLLOFF-40YD","07-Feb-22",55349
"Customer C-17000","SW-RO-20YD","09/18/22",43305
"Customer C-08896","SW-ROLLOFF-40YD","12/04/2021",57156
"Customer C-18673","SW-COMM-8YD","04/01/2023",14886
"Customer C-05440","SW-ROLLOFF-30YD","09/23/20",45659
"Customer C-37697","SW-RES-1-M","05/12/22",13996
"Customer C-25778","SW-FL-4YD","2022-04-21",15369
"Customer C-43125","SW-ROLLOFF-30YD","2021-03-21",47287
"Customer C-25017","SW-COMM-6YD","17-Aug-22",17851
"Customer C-17439","SW-FL-8YD","05/11/2020",13536
"Customer C-43699","SW-RO-10YD","10/09/22",34145
"Customer C-07759","SW-RO-10YD","16-Aug-20",26933
"Customer C-41563","SW-RO-30","2024-09-11",48735
"Customer C-38426","SW-COMM-2YD","02/12/2024",6122
"Customer C-16408","SW-ROLLOFF-10YD","08/22/24",31392
"Customer C-12265","SW-FL-8YD","2019-01-05",13367
"Customer C-19057","SW-RES-1-W","2022-11-18",10298
"Customer C-04940","SW-XX-99YD","09/18/2024",11973
"Customer C-29162","SW-ROLLOFF-20YD","04-Apr-19",35460
"Customer C-33595","SW-RO-20","02/20/2022",43034
"Customer C-08760","SW-COMM-8YD","03/22/2019",19017
"Customer C-08572","SW-ROLLOFF-20YD","2020-07-13",36493
"Customer C-23745","SW-RES-1-W","2023-12-22",7087
"Customer C-13184","SW-RO-40","12/23/2024",63284
"Customer C-29950","SW-COMM-8","07/24/2022",13604
"Customer C-43500","SW-COMM-4YD","09-Jul-20",15716
"Customer C-24681","SW-RO-40YD","03/19/24",59463
"Customer C-23368","SW-RO-30","2019-03-18",53569
"Customer C-27802","SW-COMM-2YD","2020-09-20",13154
"Customer C-35370","SW-COMM-2","07/05/2022",8647
"Customer C-03506","SW-RES-1-M","05/26/19",40838
"Customer C-29497","SW-COMM-2YD","10/15/21",5519
"Customer C-40974","SW-RO-20YD","06/19/2024",44136
"Customer C-37216","SW-FL-8YD","2023-01-16",15366
"Customer C-14815","SW-RO-20YD","03/04/23",35498
"Customer C-00922","NOPE-1","03/25/24",13600
"Customer C-15343","SW-ROLLOFF-10YD","06-Aug-20",25165
"Customer C-39665","SW-ROLLOFF-40YD","12-Dec-23",57109
"Customer C-18628","SW-ROLLOFF-20YD","11/19/2022",38311
"Customer C-43313","SW-RO-40YD","06-Feb-22",57399
"Customer C-21688","SW-RO-20YD","19-Aug-21",41549
"Customer C-23439","SW-FL-2YD","02/28/2023",11281
"Customer C-07432","SW-FL-4YD","11/18/2020",15029
"Customer C-37085","SW-ROLLOFF-10YD","2020-09-06",34656
"Customer C-09735","SW-ROLLOFF-20YD","18-Jul-23",40019
"Customer C-31323","SW-COMM-4","24-Mar-19",13411
"Customer C-21113","SW-FL-6YD","19-May-19",12405
"Customer C-39190","SW-RO-40YD","02-Mar-22",59372
"Customer C-12301","SW-FL-6YD","08/13/2019",19093
"Customer C-43960","SW-ROLLOFF-20YD","04/24/2023",38672
"Customer C-00261","SW-XX-99YD","05-Sep-23",57973
"Customer C-06957","SW-COMM-4","09/11/2023",8017
"Customer C-03132","SW-ROLLOFF-40YD","03/28/2023",57596
"Customer C-35448","SW-COMM-2YD","04-Apr-22",7490
"Customer C-26746","SW-RO-40","2021-02-03",58265
"Customer C-20220","SW-ROLLOFF-40YD","2024-05-23",57158
"Customer C-33239","SW-ROLLOFF-40YD","06/12/2020",62567
"Customer C-08670","SW-FL-8YD","10/28/2020",13666
"Customer C-33835","SW-RO-20YD","2020-11-11",39497
"Customer C-44099","SW-RO-40YD","2024-08-08",58030
"Customer C-21947","SW-RO-10","01/10/23",25238
"Customer C-18329","SW-ROLLOFF-40YD","09/18/2022",63762
"Customer C-40938","SW-FL-8YD","02/24/2021",15067
"Customer C-37898","SW-RES-1-M","11/12/2019",10693
"Customer C-15148","SW-RO-10YD","12/08/20",26924
"Customer C-22865","SW-RO-40","09/16/20",61869
"Customer C-12337","SW-RO-40","2021-07-14",57041
"Customer C-35969","SW-RO-40","09/06/2021",64078
"Customer C-34143","SW-COMM-8","04/05/2023",17686
"Customer C-31849","SW-RO-20YD","2022-04-19",37903
"Customer C-00835","SW-RO-20YD","05/01/2019",41187
"Customer C-39772","SW-RO-40YD","05/20/20",57400
"Customer C-35713","SW-RO-40YD","2019-08-21",61355
"Customer C-20591","SW-FL-4YD","06/26/2019",16943
"Customer C-04711","SW-ROLLOFF-20YD","2023-09-19",38252
"Customer C-37784","SW-ROLLOFF-10YD","2021-12-19",32967
"Customer C-32997","SW-COMM-8YD","2019-12-24",22090
"Customer C-38944","SW-COMM-XX","10/24/2020",64665
"Customer C-44213","SW-COMM-2","10/12/2023",12776
"Customer C-36457","SW-COMM-4","2021-11-28",11182
"Customer C-25665","SW-RO-20YD","19-Jul-24",41930
"Customer C-07543","SW-RO-40","08/02/2021",61445
"Customer C-18539","SW-COMM-6YD","06/19/19",11995
"Customer C-29074","SW-COMM-6","2022-06-01",18175
"Customer C-15420","SW-RO-40YD","05/01/2020",63310
"Customer C-26228","SW-ROLLOFF-30YD","08/20/2023",53944
"Customer C-23083","SW-RO-20YD","05-Sep-22",43671
"Customer C-22256","SW-RO-20YD","09/09/2022",39857
"Customer C-32144","SW-RES-1-W","06-Apr-20",13547
"Customer C-30867","SW-ROLLOFF-40YD","2022-11-12",60670
"Customer C-11841","SW-ROLLOFF-40YD","09/22/2024",60474
"Customer C-19423","SW-RO-20","02/19/19",44307
"Customer C-19841","SW-COMM-2YD","2024-05-09",9680
"Customer C-37750","SW-ROLLOFF-20YD","07/07/21",44044
"Customer C-28475","SW-RO-10YD","25-May-21",31398
"Customer C-25571","SW-RES-1-M","2020-04-01",39690
"Customer C-34610","SW-COMM-8YD","05/06/2023",13351
"Customer C-05248","SW-COMM-2YD","04-Jan-24",5422
"Customer C-07155","SW-RES-1-BW","03/28/2024",27320
"Customer C-40358","SW-COMM-4","03/06/23",11549
"Customer C-30840","SW-RO-20YD","25-Jan-19",42961
"Customer C-01429","SW-RO-20","05-Mar-24",38653
"Customer C-23544","SW-ROLLOFF-20YD","07/03/20",40721
"Customer C-03979","SW-ROLLOFF-10YD","10/22/2024",31440
"Customer C-20199","SW-RO-20","03-Jan-20",44510
"Customer C-23042","SW-COMM-8YD","07/16/2020",13982
"Customer C-11432","SW-FL-2YD","14-Jun-22",8622
"Customer C-31919","SW-RO-20YD","08/22/2024",41240
"Customer C-08958","SW-FL-6YD","18-Mar-20",13031
"Customer C-32104","SW-COMM-2YD","09/25/2022",9220
"Customer C-27198","SW-FL-8YD","2020-06-10",13130
"Customer C-12642","SW-COMM-8","12/21/2021",19089
"Customer C-43329","SW-RO-30YD","09/28/2024",47631
"Customer C-41430","SW-FL-2YD","09-Sep-20",10516
"Customer C-04209","SW-RO-30","02/22/2019",48939
"Customer C-10667","SW-FL-8YD","03/16/21",18079
"Customer C-38997","SW-RES-1-M","05-Dec-19",50704
"Customer C-33185","SW-RO-20","06/25/2023",41891
"Customer C-15560","SW-ROLLOFF-40YD","27-Jun-22",63406
"Customer C-24962","SW-FL-2YD","04/03/2024",5215
"Customer C-30778","SW-COMM-2YD","2024-04-21",4843
"Customer C-06553","SW-RO-30YD","08/01/19",48028
"Customer C-44026","SW-ROLLOFF-10YD","04/12/19",27203
"Customer C-16855","SW-RES-1-BW","2019-10-10",38764
"Customer C-33385","SW-RES-1-M","10/26/2020",62833
"Customer C-06908","SW-COMM-8YD","2019-05-17",20320
"Customer C-33077","SW-COMM-4","05/06/2020",11651
"Customer C-25300","SW-COMM-XX","2024-06-22",28411
"Customer C-36366","SW-RES-1-M","2019-05-26",11459
"Customer C-23262","SW-ROLLOFF-40YD","23-Jun-24",63057
"Customer C-22988","SW-RO-20YD","03/01/2024",35217
"Customer C-03304","SW-RO-20","2024-06-10",40621
"Customer C-31201","SW-FL-6YD","2019-08-13",16978
"Customer C-11825","SW-RES-1-W","09/28/2022",15724
"Customer C-22072","SW-RO-20YD","16-Dec-23",40663
"Customer C-02874","SW-RES-1-W","02-Aug-21",28434
"Customer C-13876","SW-COMM-XX","07/16/2021",43062
"Customer C-12136","NOPE-1","02/09/2023",12231
"Customer C-30626","SW-RO-20YD","25-Dec-20",35842
"Customer C-06208","SW-ROLLOFF-30YD","10/02/2021",54109
"Customer C-22831","SW-COMM-XX","10/27/2023",15829
"Customer C-04014","SW-RES-1-M","02/03/23",12856
"Customer C-15640","OLD-SVC-7","2023-07-12",21688
"Customer C-34903","SW-FL-2YD","2019-07-22",8943
"Customer C-11583","SW-RES-1-M","08/02/2022",7781
"Customer C-24240","SW-ROLLOFF-10YD","01/19/23",32570
"Customer C-41044","SW-COMM-2YD","2020-04-13",12948
"Customer C-22491","SW-RES-1-BW","06/16/19",15579
"Customer C-41506","SW-FL-8YD","2020-08-11",16893
"Customer C-41197","SW-RO-30YD","11-Oct-22",54551
"Customer C-35970","SW-XX-99YD","16-Sep-21",13994
"Customer C-02481","SW-FL-4YD","02/07/24",11572
"Customer C-24948","SW-COMM-6","09/05/2023",18764
"Customer C-13738","SW-COMM-6YD","07/24/2020",12785
"Customer C-34527","SW-COMM-XX","12-Jun-23",28355
"Customer C-29105","SW-RO-10YD","04-Mar-23",25373
"Customer C-25092","SW-FL-2YD","09-Oct-20",8118
"Customer C-28510","SW-RES-1-BW","05/15/2020",17434
"Customer C-12087","SW-COMM-6","01/24/2019",14991
"Customer C-35876","SW-RO-40YD","10/21/22",55579
"Customer C-06481","SW-RES-1-M","2020-02-12",10172
"Customer C-15227","SW-COMM-2YD","2019-06-23",9864
"Customer C-16588","SW-RO-20YD","22-Mar-23",42083
"Customer C-39604","SW-RES-1-BW","12/22/24",58540
"Customer C-17568","SW-RO-20YD","18-Jul-20",37253
"Customer C-16505","SW-ROLLOFF-20YD","12/05/2020",44934
"Customer C-35315","SW-RO-20YD","08/27/23",43600
"Customer C-08177","SW-COMM-2YD","08/11/2023",5943
"Customer C-07254","NOPE-1","18-Nov-23",13030
"Customer C-32876","SW-COMM-4","02/10/2021",8265
"Customer C-42904","SW-RES-1-M","2020-05-05",12924
"Customer C-43301","SW-COMM-8","08/07/2019",21510
"Customer C-42219","SW-RO-40YD","23-Jan-23",58942
"Customer C-20876","SW-ROLLOFF-10YD","2023-03-15",28083
"Customer C-24738","SW-ROLLOFF-20YD","2019-02-19",41069
"Customer C-10063","SW-COMM-6YD","07-Feb-22",19616
"Customer C-35875","SW-RO-30YD","09/02/2022",52706
"Customer C-30522","SW-COMM-4","07/20/23",11921
"Customer C-42908","SW-COMM-2","15-Feb-19",11309
"Customer C-05856","SW-RO-20","25-Sep-20",39041
"Customer C-41037","SW-ROLLOFF-40YD","06/15/2019",56291
"Customer C-06542","SW-RO-30YD","21-Feb-24",50830
"Customer C-19935","SW-RO-20","11/18/20",41304
"Customer C-30555","SW-RO-30","24-Jun-23",50267
"Customer C-07367","SW-COMM-4YD","04/19/2019",8996
"Customer C-43300","NOPE-1","03/26/23",18183
"Customer C-05241","SW-RO-40YD","2021-01-06",57273
"Customer C-05486","SW-RO-30","23-Oct-20",51197
"Customer C-37029","SW-RO-40YD","17-Apr-21",64729
"Customer C-04578","SW-RO-40YD","2021-12-21",59932
"Customer C-18450","SW-FL-2YD","2021-09-10",12655
"Customer C-28682","SW-FL-2YD","11-Apr-19",5192
"Customer C-11408","SW-COMM-6YD","11/04/2023",14736
"Customer C-30267","SW-ROLLOFF-30YD","03/14/2022",46147
"Customer C-30660","SW-ROLLOFF-20YD","06-May-20",37508
"Customer C-42848","SW-ROLLOFF-30YD","2023-04-19",51440
"Customer C-13296","SW-COMM-6","2019-04-17",16326
"Customer C-22853","SW-FL-8YD","23-Mar-22",14211
"Customer C-13485","SW-RO-10","04/08/2020",30805
"Customer C-39659","SW-RES-1-M","2021-12-18",12611
"Customer C-04058","SW-ROLLOFF-10YD","2019-01-13",26980
"Customer C-38988","SW-FL-2YD","15-Oct-21",7005
"Customer C-36793","SW-COMM-6YD","2021-09-01",12068
"Customer C-16693","SW-COMM-8","2019-06-24",19797
"Customer C-02811","SW-COMM-8YD","04/21/19",17913
"Customer C-43856","SW-FL-4YD","06/16/2019",11315
"Customer C-23117","SW-RES-1-W","24-Jan-21",56904
"Customer C-06728","SW-ROLLOFF-20YD","07-Nov-19",41839
"Customer C-09439","SW-RO-10","09/02/2019",34668
"Customer C-13909","SW-RO-40","02-Feb-22",56013
"Customer C-16149","SW-COMM-8","03-Mar-23",20421
"Customer C-41230","SW-FL-8YD","25-Nov-21",13874
"Customer C-10675","SW-RES-1-BW","06-Nov-20",11622
"Customer C-15306","SW-ROLLOFF-10YD","06/04/2021",26139
"Customer C-37848","SW-COMM-4","09/03/20",16693
"Customer C-27729","LEGACY-CODE","10/24/19",63152
"Customer C-06399","SW-FL-2YD","2022-02-07",11816
"Customer C-15134","SW-COMM-2","03/03/2019",12447
"Customer C-39140","SW-COMM-8","01/11/2022",18873
"Customer C-06226","SW-FL-8YD","03-Mar-20",17142
"Customer C-31782","SW-ROLLOFF-30YD","04-Aug-22",50498
"Customer C-15919","SW-COMM-8YD","03/15/19",19787
"Customer C-18650","SW-RO-20YD","23-Nov-20",42524
"Customer C-37365","SW-COMM-4","07-Nov-19",12664
"Customer C-10550","SW-ROLLOFF-10YD","2019-06-01",29029
"Customer C-22575","SW-COMM-8YD","03/17/2024",22509
"Customer C-40940","SW-RO-30YD","12/27/23",46475
"Customer C-29838","SW-COMM-2","05/16/19",9461
"Customer C-25561","SW-COMM-4","04/19/2019",11239
"Customer C-19759","SW-RES-1-M","06/19/22",52020
"Customer C-35194","NOPE-1","2022-07-13",19444
"Customer C-30669","SW-COMM-8","12/26/2019",16102
"Customer C-06840","SW-FL-2YD","05/27/22",8150
"Customer C-37739","SW-FL-4YD","18-Feb-22",13854
"Customer C-07671","LEGACY-CODE","2020-05-21",37347
"Customer C-20330","SW-RO-30YD","2021-01-04",53716
"Customer C-31591","SW-ROLLOFF-10YD","2021-08-17",27800
"Customer C-15310","SW-RES-1-BW","2019-06-11",15321
"Customer C-01420","SW-FL-8YD","02/26/2019",15351
"Customer C-41510","SW-COMM-2YD","04/24/19",12964
"Customer C-21282","SW-FL-4YD","10/09/24",16020
"Customer C-31241","SW-FL-8YD","03/09/2024",16223
"Customer C-02779","SW-ROLLOFF-20YD","09/04/22",42030
"Customer C-08705","SW-COMM-2YD","06/27/2021",5580
"Customer C-15381","SW-ROLLOFF-40YD","2021-04-14",56182
"Customer C-25374","SW-COMM-2","2024-09-27",7398
"Customer C-17558","SW-ROLLOFF-10YD","14-Sep-21",25601
"Customer C-01258","SW-FL-8YD","01/20/2024",21508
"Customer C-08250","SW-COMM-2","2019-05-18",10514
"Customer C-44737","SW-FL-6YD","01/10/19",11667
"Customer C-26326","SW-COMM-2","02/20/2020",8971
"Customer C-02048","SW-COMM-2YD","04/23/2024",13179
"Customer C-30264","SW-RO-40YD","02/06/24",57600
"Customer C-25218","SW-RO-30YD","05/17/21",48495
"Customer C-08419","SW-RES-1-W","13-Nov-24",14339
"Customer C-13458","SW-ROLLOFF-30YD","05/06/2020",46106
"Customer C-21171","OLD-SVC-7","01/26/21",30270
"Customer C-19926","SW-COMM-2YD","06/28/2023",11027
"Customer C-38223","SW-RO-20","2019-06-19",41782
"Customer C-03495","SW-ROLLOFF-10YD","08/10/20",26628
"Customer C-20230","SW-RO-20","02/15/22",35501
"Customer C-19708","SW-RO-10YD","10/16/2019",27004
"Customer C-13176","SW-RO-40","07/01/2023",56512
"Customer C-28914","SW-RO-20","09/04/23",40659
"Customer C-04613","SW-RO-20YD","03/06/21",44285
"Customer C-39617","SW-RO-20YD","2019-04-03",37244
"Customer C-44682","SW-COMM-4YD","2024-03-04",10637
"Customer C-05880","SW-RO-10","11/04/2024",30980
"Customer C-15721","SW-RO-10","02/26/2021",28269
"Customer C-29909","SW-RO-30YD","05/28/2024",54258
"Customer C-02969","SW-RO-30YD","01/09/2022",54730
"Customer C-05656","SW-ROLLOFF-40YD","2020-01-11",61212
"Customer C-26160","SW-COMM-6YD","05/07/2024",10584
"Customer C-24724","SW-RO-30","10/20/2023",48524
"Customer C-44051","SW-ROLLOFF-30YD","10-Oct-24",46468
"Customer C-10886","SW-COMM-8","07/15/2019",22144
"Customer C-41295","SW-COMM-4YD","06/26/21",16737
"Customer C-40829","SW-RO-20YD","2022-07-05",37194
"Customer C-33436","SW-RO-40","04/06/2024",63579
"Customer C-26407","SW-ROLLOFF-10YD","09/08/21",29308
"Customer C-44911","SW-ROLLOFF-10YD","06-Jan-24",33103
"Customer C-00033","SW-COMM-8","2023-01-16",20331
"Customer C-37524","SW-COMM-6","2020-07-10",11693
"Customer C-02732","SW-RES-1-M","28-May-24",16551
"Customer C-12104","SW-FL-4YD","12-Apr-23",10984
"Customer C-35808","SW-RES-1-M","10/03/2022",64964
"Customer C-34971","SW-COMM-2YD","16-May-20",13335
"Customer C-27356","SW-RO-30","16-Jun-19",45153
"Customer C-43347","SW-RO-20YD","22-Dec-19",38007
"Customer C-21988","SW-RO-20YD","07/10/2020",37142
"Customer C-06520","SW-COMM-4","05/03/2024",14479
"Customer C-29706","SW-COMM-4","02/06/2024",14859
"Customer C-30973","SW-RES-1-M","03/27/2022",39481
"Customer C-10351","SW-COMM-8YD","05/17/2024",17992
"Customer C-12173","SW-COMM-4","10/11/2024",9838
"Customer C-16901","SW-RO-10","01/07/20",31975
"Customer C-35582","SW-RO-20","01/04/23",39452
"Customer C-35987","SW-COMM-6","2023-07-27",17155
"Customer C-12309","SW-COMM-2","13-Jun-23",4496
"Customer C-28707","SW-FL-2YD","04-Nov-21",7140
"Customer C-31362","SW-COMM-4YD","12/06/2019",12467
"Customer C-11239","SW-RO-20","2024-05-02",35029
"Customer C-13463","SW-COMM-8","2020-09-25",19184
"Customer C-16829","SW-RO-40YD","21-Mar-22",64639
"Customer C-14337","SW-COMM-4YD","07/18/2021",11883
"Customer C-31324","SW-FL-8YD","2020-02-28",20731
"Customer C-12325","SW-RES-1-W","2021-02-09",11980
"Customer C-04063","SW-RO-10","2021-01-11",27161
"Customer C-26068","SW-COMM-6YD","10/18/21",11260
"Customer C-00420","SW-RES-1-W","07/01/19",17635
"Customer C-09495","SW-RO-20","04/19/2022",37647
"Customer C-41853","SW-COMM-6","2023-02-09",19752
"Customer C-31865","SW-COMM-6YD","01/16/2024",16736
"Customer C-38229","SW-RO-10","15-Sep-23",25178
"Customer C-19247","SW-COMM-2","2019-09-02",7330
"Customer C-06997","SW-ROLLOFF-10YD","27-Aug-20",29216
"Customer C-02896","SW-ROLLOFF-10YD","2021-02-03",26770
"Customer C-39103","SW-FL-4YD","2022-08-24",13543
"Customer C-26532","SW-ROLLOFF-20YD","2024-07-02",41274
"Customer C-17786","SW-RO-30YD","08/15/2021",46088
"Customer C-02505","SW-RO-30","08/10/20",49493
"Customer C-03205","SW-COMM-8YD","2020-12-15",16272
"Customer C-11629","SW-RO-40","07-Jan-24",58554
"Customer C-33072","SW-ROLLOFF-10YD","09/20/20",34488
"Customer C-06868","SW-COMM-8","09/01/2020",15363
"Customer C-42570","SW-ROLLOFF-20YD","05-Oct-20",38388
"Customer C-44907","SW-ROLLOFF-40YD","09/20/2022",56525
"Customer C-44248","SW-ROLLOFF-30YD","2022-10-12",46897
"Customer C-30518","SW-ROLLOFF-40YD","2020-12-14",64166
"Customer C-03733","SW-RES-1-M","12/03/2024",29561
"Customer C-10589","SW-ROLLOFF-30YD","2019-10-08",53900
"Customer C-01785","SW-RO-20","04/08/23",37214
"Customer C-36772","SW-COMM-8","12/25/24",13285
"Customer C-19117","SW-FL-6YD","07/11/2022",11232
"Customer C-11487","SW-COMM-4YD","2021-12-23",14952
"Customer C-21486","SW-ROLLOFF-30YD","02/04/24",51539
"Customer C-19526","SW-RES-1-M","08/23/2022",12314
"Customer C-34842","SW-FL-8YD","26-Aug-19",15068
"Customer C-09720","SW-COMM-6","10/04/22",11758
"Customer C-31167","SW-ROLLOFF-10YD","24-Apr-19",30296
"Customer C-18188","SW-ROLLOFF-20YD","10-Sep-24",43905
"Customer C-27174","SW-RO-30YD","2019-09-20",45448
"Customer C-38496","SW-ROLLOFF-10YD","12/08/23",27401
"Customer C-39478","SW-COMM-8YD","09-Aug-23",17037
"Customer C-36127","SW-RES-1-BW","11/12/2021",61096
"Customer C-02178","SW-FL-6YD","03/12/2022",15804
"Customer C-07793","SW-COMM-2","2024-01-23",7444
"Customer C-42839","SW-ROLLOFF-30YD","07/11/22",50839
"Customer C-35057","SW-ROLLOFF-30YD","28-Jun-20",49566
"Customer C-35246","SW-ROLLOFF-40YD","2022-12-24",61067
"Customer C-27565","SW-RO-40YD","08-Jun-19",56206
"Customer C-09570","SW-ROLLOFF-10YD","2023-09-03",33006
"Customer C-00164","SW-XX-99YD","04/26/2020",42255
"Customer C-03321","SW-ROLLOFF-30YD","09/11/2022",50309
"Customer C-11281","SW-RO-10","2020-03-08",25410
"Customer C-08025","SW-COMM-6YD","2023-03-16",17323
"Customer C-17885","SW-XX-99YD","2023-01-09",54063
"Customer C-00307","SW-ROLLOFF-10YD","06/22/2021",33412
"Customer C-07126","SW-COMM-4","01/01/20",8287
"Customer C-04468","SW-COMM-6","09/19/2019",13461
"Customer C-14585","SW-COMM-8","07/06/23",15119
"Customer C-04467","SW-ROLLOFF-20YD","08/04/2021",36462
"Customer C-41843","SW-COMM-6","06/05/2023",14435
"Customer C-21274","SW-RES-1-M","2023-01-05",13771
"Customer C-04763","SW-COMM-4","24-Dec-23",8362
"Customer C-38598","SW-RES-1-M","05/26/2020",15609
"Customer C-40241","SW-ROLLOFF-10YD","12/04/2024",27476
"Customer C-26422","NOPE-1","05/14/2019",50403
"Customer C-12975","SW-COMM-4YD","02/06/2020",10875
"Customer C-20660","SW-ROLLOFF-20YD","2023-03-08",36733
"Customer C-33123","SW-ROLLOFF-20YD","02/18/2019",37864
"Customer C-07937","SW-RES-1-W","2021-06-19",10778
"Customer C-32019","SW-RES-1-M","2019-05-25",44402
"Customer C-04533","SW-COMM-6","2024-01-01",14042
"Customer C-28987","SW-ROLLOFF-30YD","05/23/2020",49709
"Customer C-27257","SW-COMM-2YD","02-Sep-20",13947
"Customer C-00505","SW-COMM-4YD","02/17/2020",10703
"Customer C-00065","SW-RO-10","2022-11-06",25786
"Customer C-26791","SW-RO-30YD","2021-01-04",54760
"Customer C-30246","SW-FL-8YD","09/18/2022",17770
"Customer C-16928","SW-COMM-6YD","07/14/2022",16359
"Customer C-03483","SW-COMM-8YD","05-Dec-19",14130
"Customer C-41002","SW-RO-30","2024-09-18",54698
"Customer C-28634","SW-ROLLOFF-30YD","08/16/2023",47020
"Customer C-29180","SW-RES-1-M","22-May-23",5427
"Customer C-27880","SW-ROLLOFF-40YD","07/13/24",62378
"Customer C-43944","SW-FL-2YD","09-Oct-23",12325
"Customer C-01314","SW-FL-8YD","04/22/2024",21065
"Customer C-26507","SW-RO-30","09/28/2019",53650
"Customer C-38562","SW-ROLLOFF-40YD","08/26/20",60208
"Customer C-28233","SW-FL-2YD","2023-03-09",5291
"Customer C-26349","SW-COMM-6YD","05/17/2021",13583
"Customer C-13807","SW-COMM-4YD","02/20/2024",11619
"Customer C-01910","SW-RO-20","10/08/2021",36557
"Customer C-44097","SW-RES-1-W","06/02/2022",37108
"Customer C-38819","SW-ROLLOFF-10YD","06/25/2024",34938
"Customer C-23470","SW-COMM-8","05/11/2019",21194
"Customer C-39290","SW-ROLLOFF-30YD","14-Jan-23",53921
"Customer C-10766","SW-FL-2YD","17-Oct-19",4367
"Customer C-12300","SW-COMM-8","09/03/2021",20957
"Customer C-41339","SW-RO-20","12/04/20",40360
"Customer C-09509","SW-RO-10YD","13-May-21",28504
"Customer C-44596","SW-COMM-XX","2019-12-24",27483
"Customer C-11777","SW-RES-1-BW","2020-12-05",39537
"Customer C-26243","SW-COMM-2YD","26-Sep-19",7385
"Customer C-22119","SW-RES-1-M","09/13/2023",37598
"Customer C-37881","SW-RO-10","09/27/2022",34477
"Customer C-32795","SW-RES-1-BW","09/27/19",9397
"Customer C-30095","SW-COMM-2YD","09/10/23",4283
"Customer C-44668","SW-RO-40","09/23/2024",64228
"Customer C-10402","SW-RO-40","13-Oct-23",57111
"Customer C-08414","SW-ROLLOFF-10YD","12/09/2021",27151
"Customer C-42377","SW-ROLLOFF-10YD","10/11/19",25190
"Customer C-36437","SW-ROLLOFF-20YD","04/20/2024",44003
"Customer C-25366","SW-RO-10YD","03-Mar-22",34728
"Customer C-00466","SW-RO-40","2023-11-19",64558
"Customer C-26344","SW-FL-8YD","2022-12-03",22863
"Customer C-04064","SW-ROLLOFF-10YD","20-Nov-24",25994
"Customer C-39964","SW-ROLLOFF-30YD","27-Jul-22",51082
"Customer C-17541","SW-ROLLOFF-10YD","04/26/2021",30085
"Customer C-24666","SW-FL-6YD","01/01/20",11219
"Customer C-28317","SW-RO-30YD","08/10/19",47741
"Customer C-02340","SW-RO-30YD","2023-05-23",45283
"Customer C-26924","SW-COMM-4YD","2021-11-22",11609
"Customer C-31010","SW-RES-1-W","17-Oct-20",30874
"Customer C-25176","SW-RO-10","2023-08-07",33873
"Customer C-43855","SW-ROLLOFF-40YD","04/14/2024",61133
"Customer C-32325","SW-ROLLOFF-10YD","28-Apr-24",29618
"Customer C-18514","SW-ROLLOFF-40YD","12/12/2020",57985
"Customer C-40507","SW-COMM-2YD","09/01/22",12785
"Customer C-26903","SW-ROLLOFF-40YD","2023-05-17",62285
"Customer C-08266","SW-FL-2YD","2020-10-12",7734
"Customer C-20695","SW-RO-10YD","06/28/2023",25390
"Customer C-10740","SW-FL-8YD","20-Feb-24",16234
"Customer C-25714","SW-ROLLOFF-40YD","01/22/2020",63298
"Customer C-34185","SW-COMM-6YD","11/22/2021",14283
"Customer C-14399","SW-ROLLOFF-30YD","2020-03-15",51259
"Customer C-38283","SW-COMM-4YD","11/10/2020",12333
"Customer C-21559","SW-XX-99YD","17-Nov-22",6321
"Customer C-06161","SW-FL-8YD","03-Jun-20",15024
"Customer C-09477","SW-COMM-4YD","01/19/21",16955
"Customer C-27096","SW-RO-10","01/01/2022",33875
"Customer C-12592","SW-RES-1-M","04/14/2019",63328
"Customer C-03752","SW-FL-8YD","21-Apr-21",16722
"Customer C-03470","SW-COMM-6YD","05/14/2019",14376
"Customer C-05730","LEGACY-CODE","07/26/2021",10871
"Customer C-19766","SW-RO-40YD","08/19/2020",63038
"Customer C-32593","SW-XX-99YD","2020-09-07",20304
"Customer C-14994","SW-COMM-6YD","11/21/2020",12209
"Customer C-38889","SW-RES-1-M","10/06/2020",58268
"Customer C-44653","SW-COMM-6","04-Jan-21",12457
"Customer C-40670","SW-RO-40YD","2020-04-25",56048
"Customer C-04537","SW-COMM-2YD","10/12/20",12033
"Customer C-35721","SW-ROLLOFF-20YD","06-Dec-23",39461
"Customer C-40109","SW-RO-30YD","06-Feb-21",46305
"Customer C-05879","SW-COMM-4","2019-09-11",14085
"Customer C-33088","SW-RO-20","04/25/24",37537
"Customer C-23246","SW-COMM-6","2019-07-21",11995
"Customer C-38038","NOPE-1","2021-10-17",21995
"Customer C-17226","SW-COMM-2","12-Jan-22",8070
"Customer C-24527","SW-RO-20","2019-12-25",38977
"Customer C-35307","SW-RO-20YD","10/28/2024",37658
"Customer C-15115","SW-RO-20YD","05/07/24",41649
"Customer C-01039","SW-COMM-6","07-Aug-22",19982
"Customer C-36457","SW-FL-6YD","02/04/2022",18941
"Customer C-22848","SW-FL-8YD","10-Mar-20",15830
"Customer C-12129","SW-RO-20YD","08/20/24",40146
"Customer C-44222","SW-ROLLOFF-40YD","02/06/20",58106
"Customer C-39070","SW-RO-30YD","09/24/2022",51125
"Customer C-03399","SW-FL-2YD","10-Aug-23",8930
"Customer C-43029","SW-FL-2YD","2020-06-25",9702
"Customer C-20324","SW-FL-2YD","2023-02-08",13095
"Customer C-42661","SW-COMM-8","03/25/2022",17825
"Customer C-41392","SW-RO-40YD","23-Sep-23",63924
"Customer C-21051","SW-COMM-6","01-Jun-20",16183
"Customer C-34100","SW-COMM-2","2019-11-16",7057
"Customer C-00753","SW-RO-30YD","20-Jul-22",52365
"Customer C-41858","SW-FL-6YD","08/12/21",18213
"Customer C-11776","SW-COMM-2","12/15/2020",10652
"Customer C-19087","SW-COMM-2","07/28/23",11225
"Customer C-37984","SW-RO-30","2019-03-06",49797
"Customer C-39018","SW-RO-40YD","2019-10-18",55418
"Customer C-10362","SW-COMM-4","03/11/2019",14130
"Customer C-38248","SW-RO-10","2021-11-26",34509
"Customer C-01347","SW-ROLLOFF-10YD","2020-01-05",25008
"Customer C-16045","SW-RO-40YD","04/22/21",62559
"Customer C-14871","SW-ROLLOFF-40YD","12/14/2020",60194
"Customer C-26187","SW-FL-8YD","03/16/21",14200
"Customer C-40097","SW-COMM-4","27-Oct-24",12123
"Customer C-13563","SW-FL-8YD","26-Dec-24",17475
"Customer C-25291","SW-ROLLOFF-40YD","01-May-22",62560
"Customer C-26789","SW-COMM-4YD","06/03/2023",14532
"Customer C-28159","SW-ROLLOFF-30YD","06-May-24",46986
"Customer C-15322","SW-RO-20YD","2023-05-28",42541
"Customer C-24191","SW-RES-1-W","08/24/2021",48928
"Customer C-29049","SW-RO-20","03/23/22",43546
"Customer C-30882","SW-FL-6YD","2021-10-22",18804
"Customer C-07573","SW-COMM-8YD","11-Aug-21",20672
"Customer C-18315","SW-COMM-6","06/25/2023",12271
"Customer C-44578","SW-COMM-6","07/21/2023",14531
"Customer C-10398","SW-ROLLOFF-20YD","28-Feb-19",43463
"Customer C-13773","SW-FL-2YD","11/20/2022",13677
"Customer C-10406","SW-ROLLOFF-20YD","2023-04-09",37037
"Customer C-08345","SW-RO-20","07-Jun-19",41608
"Customer C-00727","SW-FL-6YD","2024-11-08",19609
"Customer C-34450","SW-RO-20","09-Aug-20",42705
"Customer C-26297","SW-ROLLOFF-40YD","08/13/2021",64674
"Customer C-44684","SW-RES-1-BW","18-May-19",13639
"Customer C-16106","SW-RO-10","03/03/2019",32404
"Customer C-01180","SW-RO-10YD","07/14/2021",28931
"Customer C-14893","SW-ROLLOFF-30YD","12/18/2023",48395
"Customer C-07220","SW-COMM-2YD","09/25/2023",11387
"Customer C-13982","SW-RO-20","05/22/2021",35267
"Customer C-23746","SW-COMM-4YD","01/12/2021",9665
"Customer C-30592","SW-FL-6YD","11/23/2019",18834
"Customer C-11117","SW-COMM-2","02/28/2024",13480
"Customer C-05957","SW-COMM-6YD","18-May-20",18841
"Customer C-16942","SW-RO-20YD","05/19/2024",37930
"Customer C-03894","SW-COMM-8YD","23-Oct-24",15219
"Customer C-13351","SW-FL-4YD","06/22/21",8560
"Customer C-41997","SW-RES-1-BW","11/23/2019",51479
"Customer C-16494","SW-FL-2YD","2019-07-10",6813
"Customer C-07421","SW-RES-1-BW","2019-02-21",11311
"Customer C-31419","SW-COMM-4","03/01/2023",8886
"Customer C-38082","SW-RO-30YD","21-Jan-24",45490
"Customer C-26128","SW-COMM-4","11/11/2021",15402
"Customer C-13762","SW-RO-20YD","2019-01-27",35694
"Customer C-10945","SW-RO-20YD","2024-11-16",39139
"Customer C-17447","SW-RO-10","05/14/24",32155
"Customer C-29788","SW-RES-1-M","2021-09-13",47398
"Customer C-00810","SW-FL-6YD","02/24/2022",18742
"Customer C-24530","SW-FL-2YD","2020-05-08",13900
"Customer C-17551","SW-RO-30YD","24-Oct-24",50602
"Customer C-21658","SW-XX-99YD","06/12/21",60515
"Customer C-34085","SW-ROLLOFF-10YD","01/01/19",29261
"Customer C-00142","SW-RES-1-BW","03/08/2023",48408
"Customer C-18477","SW-ROLLOFF-10YD","01/27/24",34542
"Customer C-44373","SW-ROLLOFF-30YD","05/02/2020",53337
"Customer C-39138","SW-RO-20YD","03/20/2022",39356
"Customer C-31953","SW-RO-40YD","04/04/2022",57825
"Customer C-15009","SW-ROLLOFF-30YD","12/26/2019",47441
"Customer C-03224","SW-ROLLOFF-10YD","2020-02-09",28691
"Customer C-36576","SW-RO-10YD","12/12/22",31423
"Customer C-31309","SW-COMM-8","11/03/2023",16899
"Customer C-10908","SW-COMM-4YD","2021-02-20",14288
"Customer C-04912","SW-RO-20YD","10/25/2021",43104
"Customer C-13992","SW-RO-40YD","08/21/2024",61484
"Customer C-37775","SW-RO-40YD","09-Sep-23",59420
"Customer C-20979","SW-COMM-6","14-May-23",18664
"Customer C-20088","SW-RO-40YD","11/12/2020",60514
"Customer C-15072","SW-RO-30YD","08/18/22",48360
"Customer C-00006","SW-RO-30","05/23/2019",54092
"Customer C-04548","SW-ROLLOFF-30YD","02/24/24",51327
"Customer C-33108","SW-RO-20","11/11/2019",37910
"Customer C-44224","OLD-SVC-7","12/05/2019",64875
"Customer C-42366","SW-ROLLOFF-20YD","06-Sep-20",39123
"Customer C-43285","SW-COMM-4YD","18-Dec-22",13648
"Customer C-23719","SW-ROLLOFF-40YD","2020-12-25",59869
"Customer C-37117","SW-FL-6YD","2021-03-22",17138
"Customer C-11902","SW-FL-6YD","12/05/2021",12721
"Customer C-30589","SW-FL-4YD","03/17/2023",9846
"Customer C-20832","SW-RO-30YD","2019-07-10",52233
"Customer C-05059","SW-COMM-6","18-Jan-22",13217
"Customer C-44832","SW-COMM-2","10/24/2024",7384
"Customer C-41674","SW-ROLLOFF-30YD","04/13/20",45128
"Customer C-03176","SW-RO-10","11/22/2024",32491
"Customer C-06446","LEGACY-CODE","05/17/2019",47605
"Customer C-14086","SW-RO-40YD","2020-11-04",60060
"Customer C-25629","SW-RO-30","2022-11-09",48466
"Customer C-03807","SW-RO-30YD","17-Apr-22",45635
"Customer C-44871","SW-ROLLOFF-40YD","06/11/2019",56623
"Customer C-18401","SW-ROLLOFF-30YD","09/10/20",54996
"Customer C-32317","SW-RO-20YD","2022-02-18",38816
"Customer C-36618","SW-ROLLOFF-20YD","08/23/2019",35525
"Customer C-11854","SW-ROLLOFF-40YD","11/09/2024",57852
"Customer C-12439","SW-RO-30","02/13/23",46415
"Customer C-07801","SW-FL-8YD","05/02/21",22935
"Customer C-11203","SW-RO-40YD","03/01/21",62351
"Customer C-05752","SW-COMM-6YD","04/01/24",18720
"Customer C-20269","SW-ROLLOFF-30YD","2024-02-24",49837
"Customer C-02609","SW-COMM-2YD","07/17/2024",12959
"Customer C-22014","SW-RO-30","12/06/2023",45661
"Customer C-41436","SW-RO-40YD","26-Apr-22",56401
"Customer C-04143","SW-RO-10YD","02/05/2021",33868
"Customer C-39092","SW-ROLLOFF-10YD","04/09/2023",30665
"Customer C-27066","SW-RO-10YD","03/14/23",33422
"Customer C-24511","SW-ROLLOFF-10YD","2024-01-06",28946
"Customer C-04882","SW-COMM-4","2019-08-04",9976
"Customer C-19001","SW-ROLLOFF-10YD","02/08/2023",31983
"Customer C-18766","SW-COMM-6YD","2021-12-14",16550
"Customer C-11144","SW-RO-10YD","01/26/2019",34603
"Customer C-19395","SW-RO-40YD","12/17/2022",60084
"Customer C-16505","SW-RO-30","2022-03-09",49805
"Customer C-08035","SW-COMM-4YD","2021-11-21",15629
"Customer C-11236","SW-RO-20","01/24/2024",44081
"Customer C-28783","SW-COMM-2YD","02/02/2023",9076
"Customer C-18320","SW-RO-30","2020-10-05",49028
"Customer C-04180","SW-ROLLOFF-40YD","02/10/23",63497
"Customer C-26997","SW-COMM-2YD","03/13/24",6422
"Customer C-37342","SW-FL-6YD","2023-08-13",16789
"Customer C-31510","SW-ROLLOFF-30YD","12/10/2024",53213
"Customer C-44088","SW-RO-10","12/04/20",33697
"Customer C-40981","SW-RO-30YD","2021-04-21",54479
"Customer C-19346","SW-RES-1-BW","2019-06-27",4612
"Customer C-44725","SW-FL-4YD","19-Jun-23",14222
"Customer C-42967","SW-RO-10","26-Aug-23",33843
"Customer C-34959","SW-FL-6YD","03-Dec-23",13988
"Customer C-04584","LEGACY-CODE","2020-11-25",40435
"Customer C-03973","SW-COMM-4YD","2021-04-06",13878
"Customer C-05016","SW-RO-20YD","2023-03-13",44725
"Customer C-30614","SW-RO-10","06/25/2019",32470
"Customer C-26582","SW-FL-6YD","2019-09-21",11839
"Customer C-35402","SW-COMM-6","08/27/2023",17224
"Customer C-21396","SW-RO-10","2020-06-03",33504
"Customer C-43690","SW-RO-10","11-Feb-20",32891
"Customer C-23467","SW-RO-40","07/13/2019",57461
"Customer C-32322","SW-RO-10","06/26/2024",28670
"Customer C-34914","SW-ROLLOFF-30YD","10/22/2021",50964
"Customer C-28186","SW-FL-8YD","21-Aug-23",22382
"Customer C-25568","SW-FL-6YD","2019-01-11",14647
"Customer C-17320","SW-FL-6YD","16-Jun-23",15282
"Customer C-27891","SW-COMM-8","01-Mar-22",16838
"Customer C-36633","SW-COMM-8YD","2019-05-16",15892
"Customer C-15540","SW-COMM-8","2024-08-23",21494
"Customer C-01155","SW-ROLLOFF-10YD","01-Jun-22",26872
"Customer C-04188","SW-COMM-6","19-Aug-24",17682
"Customer C-23813","SW-RO-30YD","2024-05-06",49804
"Customer C-16982","SW-RO-20YD","01/25/2021",38721
"Customer C-43608","SW-FL-8YD","06/20/22",20960
"Customer C-21629","SW-RO-20YD","03/18/2021",42015
"Customer C-22987","SW-FL-4YD","2023-03-18",10372
"Customer C-21222","SW-COMM-4","12/15/2020",16640
"Customer C-24472","SW-RO-40","10/17/2021",57540
"Customer C-44187","LEGACY-CODE","03/06/23",54807
"Customer C-10586","SW-COMM-8YD","06/06/23",16889
"Customer C-18774","SW-COMM-2","2022-03-14",9432
"Customer C-04292","SW-RES-1-M","07/19/2024",44268
"Customer C-35315","SW-RO-10","07/09/2021",34899
"Customer C-24093","SW-COMM-8YD","09/11/2022",13199
"Customer C-20387","SW-ROLLOFF-30YD","01/09/2020",53268
"Customer C-26908","SW-COMM-4YD","2021-09-03",15664
"Customer C-19147","SW-RO-20","12/17/22",38744
"Customer C-02930","SW-RO-40YD","12-Sep-23",61698
"Customer C-22458","SW-RES-1-BW","17-Jan-23",18959
"Customer C-21446","SW-FL-8YD","01/20/22",22246
"Customer C-38927","SW-RO-20","07/13/19",39542
"Customer C-13766","SW-RO-10YD","04/18/2024",30208
"Customer C-15425","SW-RO-10YD","2023-06-15",27855
"Customer C-03807","SW-RO-20YD","09-Nov-21",41721
"Customer C-43565","SW-RO-40","22-Dec-22",63792
"Customer C-38081","SW-RO-20YD","15-Dec-23",36550
"Customer C-14315","SW-COMM-2YD","14-Apr-23",12621
"Customer C-10854","SW-RO-30","12-Apr-24",52156
"Customer C-07981","SW-FL-6YD","27-Mar-24",15398
"Customer C-13981","SW-RO-40","03/20/22",57848
"Customer C-36550","NOPE-1","22-Aug-22",31510
"Customer C-37889","SW-COMM-6","23-Jan-24",18315
"Customer C-09677","SW-FL-4YD","20-May-22",13638
"Customer C-14683","SW-RO-20","05/02/2022",38053
"Customer C-19602","SW-COMM-6","2023-05-09",16875
"Customer C-38769","SW-RO-40","2023-01-02",59843
"Customer C-22284","SW-COMM-4YD","11-Feb-21",13189
"Customer C-09697","SW-COMM-8","2020-12-08",16459
"Customer C-23716","SW-FL-6YD","04/06/2019",13879
"Customer C-14153","SW-COMM-2YD","07/15/2024",4274
"Customer C-25695","SW-COMM-8YD","19-Dec-19",20592
"Customer C-05963","SW-RO-30YD","07/18/2024",47104
"Customer C-17738","SW-XX-99YD","05-Mar-19",43016
"Customer C-27706","SW-RO-30YD","07/20/2020",46040
"Customer C-29945","SW-RO-40YD","10/24/20",58229
"Customer C-32567","SW-RO-20","15-Mar-22",37671
"Customer C-32402","SW-ROLLOFF-20YD","2024-09-25",43459
"Customer C-08598","SW-RO-20YD","11/04/2022",40031
"Customer C-31874","SW-RO-10","08/09/2020",34949
"Customer C-26299","SW-ROLLOFF-30YD","26-Jan-19",45933
"Customer C-24463","SW-RO-40YD","01/22/24",63562
"Customer C-05437","SW-COMM-2","04/03/2020",4302
"Customer C-41960","SW-RO-30YD","2022-12-07",52389
"Customer C-03081","SW-RO-30","09/15/2021",54724
"Customer C-31131","SW-RO-40YD","28-Dec-19",57339
"Customer C-30826","SW-ROLLOFF-20YD","07/07/2022",42585
"Customer C-11395","SW-RO-30","2022-05-10",48788
"Customer C-44243","OLD-SVC-7","09/02/2023",13067
"Customer C-25843","LEGACY-CODE","08/06/2023",38202
"Customer C-28321","SW-RES-1-M","07-Mar-23",16663
"Customer C-24508","SW-RO-30YD","03/21/2020",50106
"Customer C-24051","LEGACY-CODE","06/16/23",15101
"Customer C-19530","SW-RO-40","01/07/19",64948
"Customer C-04548","SW-RO-30","2022-08-27",46418
"Customer C-05345","SW-COMM-8","25-Sep-20",13608
"Customer C-10987","SW-RES-1-M","2019-07-10",14800
"Customer C-29593","SW-RO-40YD","01-Sep-21",58816
"Customer C-10000","SW-XX-99YD","2022-01-18",13681
"Customer C-32702","SW-ROLLOFF-30YD","2024-02-21",47839
"Customer C-30216","SW-RO-40YD","09/12/2023",57329
"Customer C-12042","SW-RO-10","07/02/20",27881
"Customer C-25190","SW-RES-1-BW","08/26/2021",11550
"Customer C-21868","SW-ROLLOFF-10YD","2021-10-04",25084
"Customer C-41821","SW-RES-1-W","2020-06-04",47873
"Customer C-43235","SW-ROLLOFF-10YD","06/03/2019",26284
"Customer C-14970","SW-FL-4YD","2023-02-10",16996
"Customer C-13797","SW-FL-8YD","11-Nov-24",13224
"Customer C-03624","SW-COMM-2YD","2024-01-07",5568
"Customer C-21731","SW-COMM-8","11/22/2022",18737
"Customer C-36006","SW-RO-40YD","17-Oct-20",58766
"Customer C-15236","SW-FL-8YD","08/04/2022",21059
"Customer C-00487","SW-ROLLOFF-20YD","19-Jan-22",35312
"Customer C-23142","SW-COMM-4YD","19-Dec-23",14209
"Customer C-03474","SW-COMM-6YD","04/16/2022",18739
"Customer C-36514","SW-ROLLOFF-10YD","26-Apr-20",33543
"Customer C-26735","SW-RO-30","08/27/2020",47860
"Customer C-34446","SW-RO-20","02/19/21",36047
"Customer C-05745","SW-ROLLOFF-30YD","2022-10-10",48092
"Customer C-42376","SW-RO-20YD","10/27/2021",38480
"Customer C-13341","SW-RO-10","12/26/2019",33999
"Customer C-16559","SW-COMM-XX","05-Jan-24",43419
"Customer C-05168","SW-COMM-6","02/06/23",15571
"Customer C-35708","OLD-SVC-7","10/28/2022",56609
"Customer C-04870","SW-ROLLOFF-40YD","06/17/2019",61013
"Customer C-33378","SW-RO-10","12/25/2020",33171
"Customer C-19627","SW-RO-10","03/18/2022",26059
"Customer C-34342","SW-COMM-2","09/06/2019",9513
"Customer C-19331","SW-RO-40","2021-03-07",62735
"Customer C-41294","SW-RO-30YD","19-Sep-20",45255
"Customer C-28804","SW-ROLLOFF-10YD","2023-01-07",34990
"Customer C-16694","SW-RO-20","10/20/24",43890
"Customer C-29665","SW-COMM-6","26-Dec-20",12100
"Customer C-34935","SW-RO-10","2021-05-15",34624
"Customer C-26901","SW-FL-4YD","2021-06-01",14527
"Customer C-06250","SW-COMM-2","12-Jan-20",7320
"Customer C-29083","SW-COMM-4","16-Nov-23",9307
"Customer C-39418","SW-COMM-2YD","10/25/2023",10858
"Customer C-38127","SW-COMM-2YD","27-Jan-19",4390
"Customer C-16003","SW-RO-30YD","12/07/20",47066
"Customer C-34447","SW-FL-4YD","2019-05-06",13851
"Customer C-35496","SW-RO-30","02/24/20",52375
"Customer C-26404","SW-ROLLOFF-30YD","03/24/2024",54271
"Customer C-07272","SW-RO-10YD","11/23/2019",26401
"Customer C-32216","SW-RO-10YD","2021-05-22",31233
"Customer C-29622","SW-ROLLOFF-40YD","03/13/21",62013
"Customer C-20935","NOPE-1","06/26/2024",7088
"Customer C-26132","SW-FL-2YD","28-May-23",6120
"Customer C-23496","SW-FL-8YD","2023-03-28",22942
"Customer C-20504","LEGACY-CODE","2022-11-26",8967
"Customer C-01933","SW-COMM-2YD","26-Mar-22",12304
"Customer C-27391","SW-COMM-8YD","2024-12-18",13584
"Customer C-17286","SW-RO-20","06/01/19",44920
"Customer C-02312","SW-RO-20","2019-02-20",35063
"Customer C-32169","SW-COMM-8","2022-04-18",14509
"Customer C-34947","SW-RO-20","04-Mar-23",44153
"Customer C-17776","SW-ROLLOFF-30YD","02/17/2019",50444
"Customer C-26027","SW-RO-30YD","06/10/21",52413
"Customer C-29114","SW-COMM-6YD","04/09/2019",11535
"Customer C-20149","SW-RO-10","2024-05-20",30263
"Customer C-31635","SW-RO-30YD","04/02/2022",52824
"Customer C-32380","SW-FL-2YD","2023-05-23",13585
"Customer C-05671","SW-RO-20","2021-05-17",36659
"Customer C-37414","SW-RO-30YD","03/02/2022",49683
"Customer C-09907","SW-RO-20","2020-12-02",35849
"Customer C-13415","SW-COMM-4YD","14-May-20",7123
"Customer C-39372","SW-FL-8YD","07/25/2024",21691
"Customer C-28381","SW-COMM-4","08/24/19",15379
"Customer C-25771","SW-COMM-8","18-Feb-19",14491
"Customer C-29170","SW-RO-40YD","26-Oct-22",55457
"Customer C-06889","SW-ROLLOFF-10YD","04/05/21",31263
"Customer C-34316","SW-RO-20","02/25/2023",37534
"Customer C-35437","SW-COMM-6YD","08/20/2024",10799
"Customer C-41113","SW-COMM-4YD","16-Oct-22",16383
"Customer C-26514","SW-COMM-4YD","2020-03-20",8956
"Customer C-02354","SW-RES-1-W","12/06/20",52617
"Customer C-11332","SW-COMM-8YD","2019-03-21",19477
"Customer C-31954","SW-ROLLOFF-10YD","2022-04-02",28433
"Customer C-44050","SW-COMM-4YD","08/19/2021",9326
"Customer C-12375","SW-RO-10YD","14-Nov-23",29605
"Customer C-29755","SW-RO-40","12/12/2020",64004
"Customer C-17098","SW-COMM-XX","07/09/2020",19555
"Customer C-17809","SW-ROLLOFF-20YD","09/16/2023",37804
"Customer C-17656","SW-COMM-4","12/02/23",9538
"Customer C-33444","NOPE-1","2023-04-22",31012
"Customer C-24261","SW-ROLLOFF-20YD","2022-05-18",42578
"Customer C-19692","SW-RO-40YD","03/08/19",63995
"Customer C-00687","SW-ROLLOFF-10YD","2020-10-05",29167
"Customer C-25027","SW-RES-1-W","06/26/20",47506
"Customer C-05794","SW-COMM-6YD","2021-08-25",15340
"Customer C-26286","SW-COMM-2","06/09/2021",10320
"Customer C-33880","SW-RO-10YD","02/21/2020",29532
"Customer C-11748","SW-COMM-4YD","2023-02-12",15884
"Customer C-37790","SW-ROLLOFF-20YD","04/01/23",37853
"Customer C-34343","SW-RO-10","03/16/2023",28038
"Customer C-08788","SW-COMM-2YD","2020-01-25",4295
"Customer C-28349","SW-ROLLOFF-30YD","08/23/24",50370
"Customer C-04333","SW-ROLLOFF-10YD","12/23/2021",26291
"Customer C-40085","SW-FL-8YD","10/17/23",13901
"Customer C-38240","SW-COMM-8YD","2019-08-03",17727
"Customer C-00160","SW-ROLLOFF-40YD","2020-04-06",64010
"Customer C-38675","SW-RO-10YD","25-Dec-19",26918
"Customer C-30319","SW-FL-8YD","04/06/19",15651
"Customer C-29259","SW-ROLLOFF-20YD","10-Oct-24",37747
"Customer C-08266","SW-ROLLOFF-20YD","24-Mar-23",35313
"Customer C-20952","SW-ROLLOFF-10YD","2023-02-21",32069
"Customer C-12751","SW-RO-10","09-Jan-21",26493
"Customer C-17379","SW-FL-6YD","01/26/2019",17538
"Customer C-21600","SW-RES-1-BW","09/11/2021",13473
"Customer C-07333","SW-COMM-6","2022-11-24",19411
"Customer C-26453","SW-COMM-8YD","04/06/2021",21368
"Customer C-10624","SW-ROLLOFF-20YD","06/09/23",36386
"Customer C-29526","SW-RO-40","03/01/2023",56885
"Customer C-15545","SW-COMM-2YD","01/11/24",9533
"Customer C-22822","SW-RO-40","01/10/2022",61082
"Customer C-36105","SW-COMM-6YD","04/01/2024",17225
"Customer C-37372","SW-RO-40","11/26/2020",57629
"Customer C-07636","SW-RO-10","12/28/2024",30035
"Customer C-16905","SW-FL-6YD","10/27/2023",12059
"Customer C-22471","SW-RO-30","06/18/2024",52251
"Customer C-32504","SW-RO-30YD","17-Jan-21",50621
"Customer C-11180","SW-XX-99YD","08/21/2022",11423
"Customer C-34853","SW-FL-6YD","03/06/2021",11097
"Customer C-32704","SW-ROLLOFF-20YD","12/11/2020",38296
"Customer C-02207","SW-COMM-6","01/01/22",11328
"Customer C-44437","OLD-SVC-7","08/08/2023",45849
"Customer C-19987","SW-RO-40","08/24/2024",56970
"Customer C-33545","SW-RO-40YD","13-May-21",62621
"Customer C-15185","NOPE-1","12/19/2022",14026
"Customer C-22025","LEGACY-CODE","2024-11-05",15516
"Customer C-00003","SW-FL-4YD","04/01/24",7397
"Customer C-24567","SW-RES-1-W","06/14/2022",44226
"Customer C-30724","SW-ROLLOFF-20YD","06-Jun-20",40256
"Customer C-21374","SW-RO-20","2024-11-12",38624
"Customer C-15898","SW-RO-30YD","10/21/2020",51562
"Customer C-36750","SW-COMM-8YD","05/24/24",20577
"Customer C-40148","SW-ROLLOFF-40YD","10/14/24",61047
"Customer C-14854","SW-ROLLOFF-30YD","2021-02-17",49583
"Customer C-29272","SW-COMM-8YD","05/01/22",16140
"Customer C-19561","SW-ROLLOFF-20YD","2024-07-07",40931
"Customer C-25739","SW-FL-8YD","05/08/2023",21652
"Customer C-17583","SW-RO-30","08/21/2023",49555
"Customer C-35410","SW-RO-40","2022-08-21",56977
"Customer C-07373","SW-COMM-8","02/14/2024",16894
"Customer C-42093","SW-RO-40","04-Apr-21",57188
"Customer C-35156","SW-COMM-8","03/16/2019",15354
"Customer C-27445","SW-ROLLOFF-30YD","12/19/23",51798
"Customer C-19734","SW-RO-10YD","02/27/19",33785
"Customer C-25857","SW-RO-20YD","08/19/2022",39737
"Customer C-32129","SW-RO-20","03/28/24",35248
"Customer C-28249","SW-ROLLOFF-30YD","08/06/2021",48611
"Customer C-36481","SW-RO-40","01/02/2019",57673
"Customer C-08691","SW-RO-30YD","03/09/22",47396
"Customer C-09494","LEGACY-CODE","02/17/24",29015
"Customer C-36645","SW-RO-10","06/05/23",25060
"Customer C-24218","SW-COMM-8YD","02/02/2020",20395
"Customer C-04939","SW-RO-10","11/02/21",34806
"Customer C-12171","SW-ROLLOFF-20YD","12/22/22",39993
"Customer C-35907","SW-ROLLOFF-20YD","01-Oct-24",44624
"Customer C-01433","SW-RO-10","27-Oct-19",31168
"Customer C-14402","SW-FL-4YD","2023-10-22",10278
"Customer C-11351","SW-RO-20","12/04/22",39268
"Customer C-29183","SW-RES-1-M","05/05/23",9365
"Customer C-03028","SW-RO-40","27-Jun-19",62639
"Customer C-25566","SW-RES-1-W","09/13/2021",17301
"Customer C-14480","LEGACY-CODE","2020-06-25",12193
"Customer C-03181","SW-RO-10","27-Mar-23",25645
"Customer C-42601","SW-COMM-6","2023-06-23",14399
"Customer C-27130","SW-ROLLOFF-40YD","21-Apr-22",61692
"Customer C-13289","SW-ROLLOFF-30YD","03/10/2023",45654
"Customer C-16386","SW-RO-40","02/21/22",59411
"Customer C-12600","SW-RO-40YD","06-Feb-21",59921
"Customer C-06417","SW-COMM-8YD","09-Feb-19",17753
"Customer C-40382","SW-RES-1-W","01-Aug-24",50372
"Customer C-07149","SW-RES-1-M","2024-12-15",39223
"Customer C-44416","SW-ROLLOFF-10YD","01/17/2022",31939
"Customer C-14509","SW-COMM-8YD","09/02/2020",13190
"Customer C-15175","SW-COMM-4YD","09/17/2023",9831
"Customer C-05509","SW-FL-8YD","24-Oct-22",21357
"Customer C-08839","SW-ROLLOFF-40YD","2021-09-11",55181
"Customer C-07743","SW-COMM-4YD","09/10/2023",15804
"Customer C-00085","SW-FL-8YD","08/08/23",17751
"Customer C-21802","SW-COMM-2YD","2022-03-08",6866
"Customer C-33592","SW-RO-20YD","07/06/2019",44837
"Customer C-03596","SW-FL-6YD","2023-01-07",16407
"Customer C-38429","SW-COMM-4","02/05/2022",10178
"Customer C-28317","SW-ROLLOFF-40YD","16-May-19",58969
"Customer C-43874","SW-ROLLOFF-40YD","08/10/2019",55451
"Customer C-16084","SW-FL-6YD","12-Feb-24",15635
"Customer C-29472","SW-COMM-4","2022-05-27",11935
"Customer C-22524","SW-RES-1-BW","2022-06-28",11969
"Customer C-38994","SW-ROLLOFF-10YD","07/11/2023",25193
"Customer C-14584","SW-COMM-4YD","06/05/2019",9975
"Customer C-08718","SW-RO-10YD","27-Aug-24",25781
"Customer C-44163","SW-COMM-4YD","06/04/2019",8398
"Customer C-24662","SW-ROLLOFF-30YD","09/09/20",50395
"Customer C-20678","SW-ROLLOFF-10YD","2024-07-28",30111
"Customer C-39777","SW-COMM-2YD","05-Oct-19",8415
"Customer C-40147","SW-ROLLOFF-40YD","04/17/24",56562
"Customer C-06946","SW-COMM-2","2022-02-27",9893
"Customer C-17891","SW-FL-4YD","24-Oct-22",16790
"Customer C-35867","SW-RO-40","2023-03-15",57721
"Customer C-25002","SW-RO-30","06/02/2021",50197
"Customer C-15515","SW-COMM-8","2024-04-03",20689
"Customer C-20451","SW-ROLLOFF-20YD","07/08/2020",41846
"Customer C-32843","SW-RO-10YD","01/17/22",25493
"Customer C-11453","OLD-SVC-7","04/03/2020",11708
"Customer C-23385","SW-RO-20YD","01/18/2020",44792
"Customer C-24572","SW-XX-99YD","07/18/2024",50347
"Customer C-14909","SW-RO-30","23-Dec-19",54755
"Customer C-32220","SW-COMM-2","06/19/2021",10087
"Customer C-10288","SW-COMM-2","2019-09-23",10350
"Customer C-01498","SW-RO-30YD","12/16/2021",47203
"Customer C-35321","SW-ROLLOFF-30YD","08/13/2023",48703
"Customer C-26909","SW-FL-2YD","02/22/2021",13646
"Customer C-35865","SW-ROLLOFF-10YD","05/10/2024",25813
"Customer C-40689","SW-COMM-4YD","11/04/2019",14513
"Customer C-16846","SW-COMM-4","09/13/2021",10286
"Customer C-19921","SW-RO-30YD","2024-06-17",54895
"Customer C-19018","SW-FL-6YD","04/21/21",13874
"Customer C-02376","SW-FL-2YD","12-Mar-19",9703
"Customer C-33176","SW-ROLLOFF-10YD","26-Jun-19",34700
"Customer C-19594","SW-COMM-4YD","06-Sep-24",10804
"Customer C-26892","SW-COMM-2","2024-03-12",11448
"Customer C-27763","SW-COMM-2YD","05/26/2024",7767
"Customer C-17214","SW-RO-40","2024-03-14",57522
"Customer C-10225","SW-COMM-8YD","06/16/2021",21954
"Customer C-30169","SW-FL-4YD","12/21/2021",9610
"Customer C-18217","SW-RO-10","2022-09-10",29518
"Customer C-11480","SW-RO-30YD","09/20/2022",51071
"Customer C-17336","SW-COMM-XX","01/20/23",19516
"Customer C-26075","LEGACY-CODE","06/03/22",26123
"Customer C-03122","SW-RO-20YD","02-Jul-23",35170
"Customer C-14454","SW-RES-1-BW","2019-04-11",10108
"Customer C-19409","SW-FL-4YD","03-Jun-19",14895
"Customer C-25332","SW-RO-30","2023-03-08",47342
"Customer C-37425","SW-RO-30","2020-12-11",45974
"Customer C-01625","SW-FL-8YD","01-Sep-21",15313
"Customer C-35543","SW-COMM-2YD","2024-10-06",5871
"Customer C-31512","SW-RES-1-W","20-Sep-21",55238
"Customer C-32114","SW-RO-20YD","10/19/2023",40325
"Customer C-10251","SW-ROLLOFF-20YD","06/08/21",44275
"Customer C-23950","SW-FL-8YD","06/21/23",22719
"Customer C-03602","SW-FL-2YD","17-Apr-23",8906
"Customer C-25659","SW-ROLLOFF-10YD","11/17/2024",27945
"Customer C-26739","SW-RES-1-M","06/17/22",7168
"Customer C-16396","SW-RO-40YD","09/02/2023",57937
"Customer C-35063","SW-RO-10","12/07/2024",26418
"Customer C-17825","SW-COMM-8YD","20-Jun-22",16933
"Customer C-09261","SW-COMM-6YD","10-Dec-22",19127
"Customer C-24074","SW-RO-40","2024-09-17",61902
"Customer C-30743","SW-RO-40YD","04/28/24",60772
"Customer C-40741","SW-RO-10YD","08/18/2023",34952
"Customer C-38762","SW-RO-30","07/26/2023",54334
"Customer C-37415","SW-ROLLOFF-30YD","02/04/2022",45411
"Customer C-16151","SW-FL-8YD","2019-02-13",19607
"Customer C-26415","SW-RES-1-BW","22-Mar-22",26205
"Customer C-44452","SW-COMM-8YD","03/16/2023",17514
"Customer C-19283","SW-RO-30","15-Jun-20",52049
"Customer C-04618","SW-ROLLOFF-10YD","06/11/21",33192
"Customer C-33855","SW-COMM-4YD","01/03/2024",13173
"Customer C-06240","SW-COMM-6YD","02-Aug-19",19167
"Customer C-29257","SW-COMM-8","02/22/2019",18697
"Customer C-11676","SW-ROLLOFF-40YD","01-Jan-23",61092
"Customer C-23698","SW-RO-40YD","25-Jun-21",59222
"Customer C-13217","SW-COMM-6YD","09/02/2023",12171
"Customer C-12172","SW-RO-30","09/14/20",51195
"Customer C-11150","SW-RO-40","09/09/2022",59569
"Customer C-42296","SW-COMM-XX","10/03/2022",11699
"Customer C-39881","SW-COMM-8YD","09/15/2022",18518
"Customer C-32026","SW-FL-4YD","02/24/2022",7778
"Customer C-38485","SW-RO-10YD","17-Nov-22",30066
"Customer C-43492","SW-ROLLOFF-20YD","12/25/23",36029
"Customer C-32993","SW-FL-4YD","08-Apr-19",8413
"Customer C-16827","SW-RES-1-BW","21-Feb-23",17552
"Customer C-11400","SW-COMM-6YD","02/20/2023",19341
"Customer C-14407","SW-COMM-4YD","03/14/2024",15124
"Customer C-13951","SW-FL-8YD","07/02/24",15074
"Customer C-20148","SW-FL-4YD","15-Jan-22",7072
"Customer C-12238","SW-ROLLOFF-40YD","03/27/2021",57696
"Customer C-30105","SW-ROLLOFF-40YD","08/10/2024",59818
"Customer C-28481","LEGACY-CODE","08/01/2021",14261
"Customer C-21844","SW-COMM-4","2024-01-18",12780
"Customer C-18723","SW-RO-30","06/06/24",45344
"Customer C-42951","SW-FL-2YD","02-Mar-22",9536
"Customer C-13339","SW-RES-1-W","2024-08-04",54779
"Customer C-19313","SW-RO-20YD","26-Jun-20",42157
"Customer C-14289","SW-ROLLOFF-40YD","02/22/19",59623
"Customer C-18026","SW-COMM-8","14-Apr-19",21236
"Customer C-32650","SW-RO-40","2023-05-14",61311
"Customer C-40748","NOPE-1","06/17/2022",22381
"Customer C-07987","SW-COMM-4","23-Mar-23",13760
"Customer C-25660","SW-RO-30YD","09/19/2024",53150
"Customer C-39927","SW-COMM-4","19-Nov-22",12638
"Customer C-08454","SW-XX-99YD","17-Jul-19",10152
"Customer C-09537","SW-FL-2YD","2020-06-06",5341
"Customer C-38431","SW-RO-20YD","2019-05-05",37277
"Customer C-04368","SW-ROLLOFF-10YD","07/17/2020",28570
"Customer C-01537","SW-ROLLOFF-30YD","02/10/2022",49719
"Customer C-23913","SW-COMM-2","25-Sep-24",6612
"Customer C-09819","SW-COMM-8YD","2020-08-22",16607
"Customer C-27668","SW-RO-30","13-May-21",47652
"Customer C-15804","SW-COMM-8","01/18/23",16827
"Customer C-12596","SW-ROLLOFF-10YD","2019-08-27",30976
"Customer C-10008","SW-COMM-2YD","04-Dec-21",13451
"Customer C-40899","SW-RO-20","12/23/2019",38747
"Customer C-22389","SW-RO-30YD","2022-04-20",47774
"Customer C-22392","SW-ROLLOFF-40YD","10/10/2019",64256
"Customer C-15195","SW-FL-2YD","05/28/20",8045
"Customer C-14243","SW-XX-99YD","2021-05-07",30095
"Customer C-01527","SW-RO-30YD","2023-12-01",54797
"Customer C-13720","SW-RO-10YD","26-Dec-24",28014
"Customer C-06164","SW-RO-40","2022-10-22",59875
"Customer C-08638","SW-FL-4YD","11/07/2024",7293
"Customer C-04817","SW-ROLLOFF-40YD","03-Jan-19",59458
"Customer C-09958","SW-COMM-4","12-Feb-23",9275
"Customer C-28669","SW-COMM-4YD","2022-04-13",12292
"Customer C-41194","SW-ROLLOFF-40YD","01/28/2019",62930
"Customer C-08744","SW-RO-40YD","06/12/2021",62722
"Customer C-22529","SW-RO-10","12/27/22",34107
"Customer C-21166","SW-COMM-XX","2022-02-08",21523
"Customer C-07756","SW-ROLLOFF-10YD","2021-02-05",26886
"Customer C-00409","SW-RO-10","05/16/22",28176
"Customer C-26035","SW-RES-1-M","08/19/22",18192
"Customer C-15619","SW-COMM-8YD","08/24/2021",13719
"Customer C-30046","SW-COMM-6","05/23/23",15484
"Customer C-17783","SW-RES-1-M","16-Sep-24",61140
"Customer C-30195","SW-FL-4YD","03-May-19",14961
"Customer C-05683","SW-RO-40","10/14/22",55385
"Customer C-33649","SW-RO-20YD","10/25/2024",40938
"Customer C-22759","SW-RO-10YD","04-Sep-23",27581
"Customer C-23750","SW-RO-20","03/07/21",35658
"Customer C-13267","SW-COMM-4","09/10/23",13410
"Customer C-21998","SW-FL-8YD","07/22/2024",22500
"Customer C-41521","SW-RO-20YD","2019-04-15",35773
"Customer C-37119","SW-RES-1-BW","2024-01-17",14353
"Customer C-10707","SW-RO-30YD","04-Dec-21",51390
"Customer C-14790","SW-FL-8YD","2023-03-12",15415
"Customer C-23075","SW-ROLLOFF-30YD","08/12/2024",51352
"Customer C-31966","SW-RO-10","06/14/24",31317
"Customer C-04513","SW-RO-20","09/27/2019",42195
"Customer C-18353","SW-COMM-2YD","09/09/2019",12493
"Customer C-16051","SW-RO-30YD","02-Nov-20",48143
"Customer C-12415","SW-RO-30YD","27-Jun-19",49285
"Customer C-29073","SW-COMM-8YD","09-Feb-20",19388
"Customer C-03765","SW-COMM-2YD","09/23/2019",4421
"Customer C-31721","SW-FL-8YD","2020-04-10",16054
"Customer C-36898","SW-XX-99YD","01/25/2023",13863
"Customer C-10328","SW-RO-10","01/19/22",33996
"Customer C-20985","OLD-SVC-7","06/19/2022",52082
"Customer C-06654","SW-RES-1-M","11/12/23",33406
"Customer C-33321","SW-ROLLOFF-20YD","2024-08-01",41611
"Customer C-32179","SW-RO-40YD","02/23/24",63831
"Customer C-06038","SW-COMM-6","02-May-24",12791
"Customer C-28194","SW-ROLLOFF-20YD","01-Jan-23",42394
"Customer C-29577","SW-RO-20","03/14/2024",41680
"Customer C-06384","SW-FL-4YD","2023-05-18",11018
"Customer C-10233","SW-RO-30","2022-12-25",47215
"Customer C-35676","SW-RES-1-BW","12/24/2019",15614
"Customer C-39780","SW-COMM-2YD","2022-09-02",4021
"Customer C-13393","SW-RES-1-W","03/12/23",16746
"Customer C-40223","SW-RES-1-W","2020-08-27",9891
"Customer C-44263","SW-RO-30YD","03/14/2021",45303
"Customer C-23034","SW-COMM-2","04/19/2023",10735
"Customer C-02545","SW-ROLLOFF-20YD","03/03/2020",35292
"Customer C-44387","SW-COMM-6","05/01/2023",11752
"Customer C-36256","SW-RO-40","2024-08-13",56538
"Customer C-36408","SW-RO-20","02/04/20",41326
"Customer C-00825","SW-FL-4YD","08/01/2022",7689
"Customer C-09202","SW-COMM-8YD","2022-02-07",18457
"Customer C-21945","SW-RO-20YD","10/10/20",35345
"Customer C-14821","SW-FL-4YD","2020-05-05",15590
"Customer C-02655","SW-COMM-4YD","2021-11-16",8721
"Customer C-42572","SW-FL-6YD","07-Oct-23",14561
"Customer C-18615","SW-RO-40","12/12/23",57028
"Customer C-17837","SW-COMM-2YD","07-Feb-20",10197
"Customer C-05385","SW-COMM-6","07-Dec-19",16227
"Customer C-33587","SW-RO-40YD","2019-11-24",61719
"Customer C-15194","SW-ROLLOFF-10YD","15-Aug-19",31290
"Customer C-42119","SW-RO-10YD","10/01/2023",25854
"Customer C-32538","SW-RO-10","11/12/22",28114
"Customer C-08960","SW-RO-40","03/23/20",60311
"Customer C-07418","SW-RES-1-W","04/25/2019",30883
"Customer C-32701","SW-RES-1-M","2024-06-24",47515
"Customer C-08748","SW-RO-20","2022-04-08",44998
"Customer C-06380","SW-FL-6YD","09/27/2022",15473
"Customer C-23529","SW-RO-20","07/10/2019",37041
"Customer C-39546","SW-FL-4YD","09/18/2019",10707
"Customer C-11824","SW-RO-10YD","12/09/19",31612
"Customer C-26276","SW-ROLLOFF-30YD","20-Aug-22",45436
"Customer C-02412","SW-COMM-2YD","2023-09-23",9988
"Customer C-27965","SW-ROLLOFF-40YD","13-Aug-20",60739
"Customer C-19505","SW-ROLLOFF-20YD","2021-09-17",36777
"Customer C-03697","SW-COMM-4YD","04/21/2020",9952
"Customer C-25046","SW-ROLLOFF-30YD","2019-09-06",47207
"Customer C-26004","SW-RO-10YD","2020-03-25",27974
"Customer C-00488","SW-RO-30YD","2020-11-16",51340
"Customer C-18170","SW-ROLLOFF-20YD","2023-02-24",36200
"Customer C-33422","SW-RO-40YD","04/05/2024",64791
"Customer C-43374","SW-RES-1-BW","08-Apr-22",9712
"Customer C-39963","SW-FL-4YD","01/12/2019",15558
"Customer C-11717","SW-RES-1-W","16-Dec-21",6640
"Customer C-03669","SW-RES-1-BW","09-Jun-19",5018
"Customer C-25267","SW-FL-6YD","07/22/24",13083
"Customer C-10235","SW-RO-30","18-Jul-22",49096
"Customer C-17794","SW-COMM-2YD","07/18/2023",8121
"Customer C-44036","SW-COMM-2YD","20-Apr-22",6114
"Customer C-32641","SW-COMM-6","28-Mar-22",14071
"Customer C-08366","SW-RO-10YD","03/03/2023",27282
"Customer C-40371","SW-ROLLOFF-10YD","12/18/2020",31097
"Customer C-29889","SW-RO-30YD","11/14/2022",45223
"Customer C-17668","SW-ROLLOFF-20YD","10/16/2020",35155
"Customer C-15956","SW-ROLLOFF-40YD","2024-06-08",55095
"Customer C-27912","SW-FL-4YD","02/15/2023",15606
"Customer C-10811","SW-COMM-6","05-Nov-24",11203
"Customer C-34099","SW-RO-20YD","17-Aug-20",42013
"Customer C-29489","SW-RO-20YD","06/10/2020",39916
"Customer C-27998","SW-ROLLOFF-10YD","06-Feb-22",29163
"Customer C-00209","SW-FL-2YD","11/04/2024",4580
"Customer C-08009","OLD-SVC-7","08/16/2020",21863
"Customer C-43147","SW-COMM-4YD","03/12/2020",9264
"Customer C-19450","SW-RO-10YD","10-Jul-21",30793
"Customer C-18472","NOPE-1","07/15/2024",18804
"Customer C-40660","SW-RO-10","23-Feb-24",34887
"Customer C-44200","LEGACY-CODE","2022-12-02",18133
"Customer C-05530","SW-FL-2YD","2019-08-05",11659
"Customer C-10333","SW-RO-20","09/10/23",36207
"Customer C-27754","SW-FL-8YD","03/24/20",16493
"Customer C-32018","SW-RO-20YD","2020-07-25",35743
"Customer C-27521","SW-RO-40","11/16/22",61116
"Customer C-07779","SW-ROLLOFF-40YD","11-Mar-20",55780
"Customer C-04577","SW-RO-20","03/02/2024",36846
"Customer C-23400","SW-COMM-4","09/15/2022",11516
"Customer C-37664","SW-FL-4YD","10/16/2021",13697
"Customer C-37646","SW-RO-20YD","06/09/22",36573
"Customer C-32183","SW-RO-30YD","11/20/2019",54471
"Customer C-43656","SW-RES-1-BW","04/10/24",13072
"Customer C-33549","SW-RO-20","03/16/2020",35432
"Customer C-16341","SW-RO-30","04-Sep-21",52239
"Customer C-01083","SW-RO-10YD","02/12/24",28283
"Customer C-04976","SW-RO-10","11/12/2022",29502
"Customer C-18193","SW-RO-10","12-Nov-19",26320
"Customer C-18633","LEGACY-CODE","12-Mar-22",17781
"Customer C-20942","SW-ROLLOFF-10YD","07/07/2021",26897
"Customer C-05264","SW-RO-10YD","06/04/2020",26825
"Customer C-14242","SW-RO-20","22-Aug-24",40903
"Customer C-24016","SW-RO-10YD","2019-12-27",27194
"Customer C-33517","SW-RO-40","07/13/2024",55063
"Customer C-13225","SW-FL-6YD","2020-02-13",10755
"Customer C-06838","SW-COMM-4YD","09/15/2019",14229
"Customer C-06927","SW-COMM-6YD","01/18/2022",16811
"Customer C-03691","SW-COMM-4","09/01/2023",7673
"Customer C-38185","SW-COMM-6YD","06/02/2021",13773
"Customer C-19527","SW-RO-10YD","07/25/2024",32928
"Customer C-06259","SW-FL-2YD","2024-05-27",6923
"Customer C-01912","SW-RES-1-M","03/03/2020",14254
"Customer C-33345","SW-ROLLOFF-20YD","2022-04-25",41506
"Customer C-31659","SW-RO-40","07/23/2022",59525
"Customer C-35037","SW-FL-2YD","2020-08-14",7536
"Customer C-21760","SW-RO-20YD","2023-04-13",39572
"Customer C-32652","SW-COMM-8YD","09/15/24",18441
"Customer C-22326","SW-FL-2YD","28-May-19",4522
"Customer C-01968","SW-RO-10YD","04/18/2020",28398
"Customer C-09357","SW-RO-10YD","11/01/2024",29337
"Customer C-28315","SW-RES-1-M","22-Sep-19",56741
"Customer C-25861","SW-RES-1-M","26-Jan-21",18131
"Customer C-21241","SW-XX-99YD","07-Jul-24",13621
"Customer C-27018","SW-FL-2YD","12/13/21",8186
"Customer C-25429","SW-COMM-6YD","2022-02-22",10651
"Customer C-36537","SW-COMM-2YD","2024-10-26",8716
"Customer C-42030","SW-RES-1-BW","19-Nov-20",52619
"Customer C-36043","SW-FL-4YD","12/17/2019",15785
"Customer C-17340","SW-RO-40","16-Oct-22",56180
"Customer C-43287","SW-RO-20","06/08/2021",44112
"Customer C-16909","SW-RES-1-M","09/10/2022",12774
"Customer C-08134","SW-ROLLOFF-30YD","02/25/21",48000
"Customer C-14817","SW-RO-20","2022-02-26",40523
"Customer C-39113","SW-RO-20YD","2024-09-01",41184
"Customer C-44641","SW-RES-1-BW","09-May-20",7933
"Customer C-16308","SW-RO-40YD","02-Oct-19",56759
"Customer C-27062","SW-RES-1-M","10/16/22",8555
"Customer C-29002","SW-COMM-4","10/15/22",12203
"Customer C-35533","SW-RO-30","06/27/19",51032
"Customer C-21919","SW-RO-10","06/11/21",28882
"Customer C-11140","SW-ROLLOFF-30YD","08/15/24",54582
"Customer C-20846","SW-FL-6YD","01/26/21",18503
"Customer C-03011","SW-FL-8YD","07/24/19",18890
"Customer C-39921","SW-ROLLOFF-10YD","2021-12-04",28241
"Customer C-20947","SW-RES-1-BW","05/09/2024",22923
"Customer C-07159","SW-COMM-6","01/27/2022",10072
"Customer C-08431","SW-ROLLOFF-30YD","12/14/2023",54687
"Customer C-00857","SW-FL-8YD","2019-11-04",22721
"Customer C-35485","SW-RO-20YD","08/19/19",36424
"Customer C-31438","SW-COMM-4","04-Jul-22",16854
"Customer C-26639","SW-COMM-2","05-Jul-20",12063
"Customer C-34332","SW-RO-10YD","09/27/2019",34836
"Customer C-11120","SW-RO-40YD","09/22/2023",57297
"Customer C-19597","SW-ROLLOFF-40YD","10/15/2021",61789
"Customer C-21949","SW-COMM-6YD","05/28/2021",10578
"Customer C-01784","SW-FL-8YD","10/28/20",19184
"Customer C-07253","SW-ROLLOFF-10YD","2021-08-06",31335
"Customer C-40903","SW-COMM-4YD","12/02/2021",11754
"Customer C-39454","SW-RO-10YD","05/13/20",26129
"Customer C-23900","SW-ROLLOFF-30YD","2020-06-03",45987
"Customer C-29000","SW-FL-6YD","07-Jan-20",13426
"Customer C-42809","SW-COMM-8","01/06/2022",18860
"Customer C-12419","SW-RO-10YD","2023-09-20",31893
"Customer C-09538","SW-RO-10YD","12/22/2023",25545
"Customer C-34735","SW-FL-8YD","16-Oct-22",18225
"Customer C-20311","SW-COMM-8","11-Dec-20",20713
"Customer C-20661","SW-RO-20YD","09/01/2024",39782
"Customer C-33842","SW-RES-1-M","01/11/24",27881
"Customer C-26657","SW-RES-1-M","01/06/2024",10813
"Customer C-27974","SW-COMM-2YD","06/16/2023",13597
"Customer C-20849","SW-COMM-8","02/26/2024",17995
"Customer C-31348","SW-RO-20","2023-11-16",37678
"Customer C-18800","SW-RES-1-W","01/02/2023",20608
"Customer C-22527","SW-RO-10YD","2023-02-27",32899
"Customer C-39764","NOPE-1","04-Aug-22",9476
"Customer C-42480","SW-RO-20","07/26/2020",37890
"Customer C-06417","SW-RES-1-M","08/15/2023",62628
"Customer C-08434","SW-FL-4YD","2024-05-06",13190
"Customer C-11871","SW-ROLLOFF-30YD","2020-04-16",52828
"Customer C-16151","SW-COMM-2YD","01/19/2021",9576
"Customer C-39535","SW-RO-40","2024-08-06",60411
"Customer C-29750","SW-RO-10YD","01-Jun-20",27577
"Customer C-34166","SW-COMM-6YD","02/16/20",14892
"Customer C-12460","SW-RO-10YD","11/09/2022",29615
"Customer C-09721","SW-RO-10YD","24-Apr-23",27830
"Customer C-34831","SW-ROLLOFF-20YD","12/14/2021",36750
"Customer C-31018","SW-ROLLOFF-30YD","15-Oct-20",52609
"Customer C-08494","SW-RO-10YD","12/07/2020",34560
"Customer C-34276","SW-ROLLOFF-30YD","12/18/2019",48172
"Customer C-17706","SW-ROLLOFF-40YD","10/19/2024",60022
"Customer C-12947","SW-COMM-2","08/01/2019",9198
"Customer C-36640","SW-COMM-4","28-Apr-23",13409
"Customer C-14210","SW-RO-10YD","14-Apr-19",34671
"Customer C-35260","SW-RO-40","12/09/24",56160
"Customer C-43795","LEGACY-CODE","12/14/23",19911
"Customer C-26007","SW-COMM-8YD","05/08/2024",19714
"Customer C-19541","SW-RO-40YD","04/26/2019",57591
"Customer C-31048","SW-COMM-2","11/15/23",7836
"Customer C-19658","SW-ROLLOFF-10YD","09/28/2019",28373
"Customer C-35030","SW-XX-99YD","09-Sep-20",13547
"Customer C-03164","SW-ROLLOFF-10YD","12/04/2019",33242
"Customer C-00111","SW-COMM-8YD","03/23/19",21683
"Customer C-34137","SW-RO-30YD","10-Mar-22",45642
"Customer C-22999","SW-FL-6YD","02/13/2024",19054
"Customer C-10651","SW-COMM-4YD","2019-12-26",14088
"Customer C-04202","SW-RO-10YD","04/10/2024",27463
"Customer C-10744","SW-RO-10YD","21-Oct-19",34917
"Customer C-23672","SW-RO-10YD","2020-01-07",26265
"Customer C-38494","SW-ROLLOFF-30YD","11/26/2022",52804
"Customer C-44639","SW-COMM-2","13-Dec-23",7757
"Customer C-11760","SW-RO-20","02/19/2019",41564
"Customer C-40536","SW-RES-1-W","04/14/19",11083
"Customer C-44179","SW-ROLLOFF-30YD","06/03/2021",51310
"Customer C-11017","SW-FL-2YD","06/12/2021",11515
"Customer C-37570","SW-FL-6YD","09/26/2021",12836
"Customer C-26881","SW-FL-4YD","06/07/2024",12987
"Customer C-35256","SW-FL-6YD","03/07/2019",10097
"Customer C-34013","SW-RO-30YD","12/01/24",50126
"Customer C-06363","SW-COMM-6","16-Jul-24",13333
"Customer C-31834","SW-RO-10YD","01/04/24",26798
"Customer C-07450","NOPE-1","2020-08-27",35901
"Customer C-15356","SW-COMM-6","03/15/21",19627
"Customer C-44130","SW-RO-20YD","12/16/2021",44940
"Customer C-23065","SW-COMM-8","28-Mar-22",19797
"Customer C-16770","SW-RES-1-W","2023-03-19",42806
"Customer C-04509","SW-RO-20YD","2022-11-08",39414
"Customer C-41496","SW-RO-40","09/28/23",58156
"Customer C-35654","SW-RES-1-BW","02/23/2021",15424
"Customer C-19834","SW-RO-20YD","01/03/2020",38830
"Customer C-11536","SW-COMM-6YD","2022-05-04",14757
"Customer C-11769","SW-ROLLOFF-30YD","2022-04-25",48577
"Customer C-44282","SW-RO-20","2020-03-05",40524
"Customer C-36737","SW-RO-30","04/14/22",46169
"Customer C-35783","SW-COMM-8YD","09/04/2023",19568
"Customer C-16040","SW-RO-30YD","2024-09-09",50016
"Customer C-32309","SW-RO-10","2022-09-07",30866
"Customer C-27154","SW-COMM-8","05/04/2024",17646
"Customer C-08320","SW-RO-40","09/13/2021",56611
"Customer C-32832","SW-COMM-2","2023-08-18",10958
"Customer C-13342","LEGACY-CODE","2019-06-26",22443
"Customer C-02613","SW-COMM-4","2019-09-04",15287
"Customer C-16932","SW-FL-8YD","19-Apr-20",21191
"Customer C-16884","SW-RO-30YD","2021-06-04",52885
"Customer C-24034","SW-COMM-4","09/18/2020",7258
"Customer C-12422","SW-COMM-4","04/07/23",10831
"Customer C-27014","SW-RO-40YD","10/17/2020",62686
"Customer C-20083","SW-FL-4YD","04/06/24",9874
"Customer C-28479","SW-RO-10","11/19/2022",31695
"Customer C-27675","SW-COMM-8YD","05-Apr-20",14640
"Customer C-25994","SW-ROLLOFF-20YD","20-Jun-21",43243
"Customer C-34602","SW-RES-1-BW","03/26/2019",54385
"Customer C-36494","SW-ROLLOFF-10YD","12/01/24",29220
"Customer C-02109","SW-COMM-2","2019-11-02",10831
"Customer C-13283","SW-RO-10","09/08/2020",32917
"Customer C-23977","SW-FL-4YD","11/04/24",14098
"Customer C-15374","SW-ROLLOFF-40YD","2023-04-02",59409
"Customer C-27394","SW-RES-1-W","2021-12-21",40284
"Customer C-40105","SW-COMM-2YD","03/09/2023",13248
"Customer C-37540","SW-FL-6YD","10/12/2022",15333
"Customer C-23136","SW-RO-20","11/01/2021",39995
"Customer C-38261","SW-RES-1-BW","12/03/2020",35864
"Customer C-26827","SW-ROLLOFF-40YD","08/02/2019",58851
"Customer C-06276","SW-FL-8YD","08/27/2024",22660
"Customer C-00816","SW-COMM-6YD","09/02/23",11330
"Customer C-37960","SW-RO-20YD","03/04/2024",36530
"Customer C-21303","SW-RO-10","02-Sep-22",26088
"Customer C-18623","SW-ROLLOFF-40YD","07/24/23",55799
"Customer C-16721","SW-COMM-8","2020-06-14",18694
"Customer C-13370","SW-ROLLOFF-10YD","21-Dec-23",32075
"Customer C-06967","SW-ROLLOFF-40YD","2020-11-26",60216
"Customer C-39130","SW-COMM-8","07/19/2019",21951
"Customer C-23408","SW-RES-1-W","2023-05-06",33599
"Customer C-28426","SW-RO-40YD","02/05/23",60805
"Customer C-14936","SW-RO-20","06/21/2022",36554
"Customer C-23741","SW-FL-6YD","08/11/2022",16485
"Customer C-44981","SW-RO-30YD","02/22/2020",53420
"Customer C-44681","SW-COMM-2YD","2024-02-01",5950
"Customer C-03220","SW-COMM-6","2019-07-09",17915
"Customer C-16147","SW-FL-2YD","05/17/20",9100
"Customer C-15596","SW-ROLLOFF-20YD","12/25/2024",39888
"Customer C-24471","SW-ROLLOFF-30YD","04/17/22",45670
"Customer C-10224","SW-RO-40YD","01/15/20",63888
"Customer C-39634","SW-COMM-6","23-Mar-19",16981
"Customer C-14545","SW-COMM-6","12/21/2020",11225
"Customer C-43983","SW-COMM-4","08/19/2020",9622
"Customer C-32250","SW-FL-6YD","12/27/20",11465
"Customer C-16054","SW-ROLLOFF-30YD","03/17/2020",49659
"Customer C-32649","SW-COMM-2","12/13/2019",8194
"Customer C-10131","SW-RO-20YD","01/20/23",35684
"Customer C-02408","SW-ROLLOFF-10YD","07/18/2023",31315
"Customer C-20457","SW-RES-1-W","04/08/19",13250
"Customer C-41930","SW-FL-6YD","01/03/2024",17769
"Customer C-33836","SW-RES-1-W","07/21/2024",12007
"Customer C-14047","SW-RO-20YD","10/18/2024",40351
"Customer C-39041","SW-ROLLOFF-10YD","03/13/21",30389
"Customer C-16613","SW-COMM-6","12/01/24",16993
"Customer C-12571","SW-COMM-4","04/05/19",9564
"Customer C-11343","SW-ROLLOFF-10YD","19-Jun-22",34456
"Customer C-21648","SW-FL-2YD","05/24/20",5759
"Customer C-07775","SW-RO-30","2020-05-12",54691
"Customer C-11760","SW-FL-8YD","12/09/21",15678
"Customer C-00358","SW-ROLLOFF-20YD","03/14/21",35458
"Customer C-15712","SW-ROLLOFF-20YD","14-Nov-21",36765
"Customer C-41789","SW-RO-40YD","02/06/19",62898
"Customer C-03880","SW-COMM-8","2024-11-08",17852
"Customer C-32207","SW-COMM-6YD","08/15/2021",13745
"Customer C-39794","SW-RO-10YD","01-Sep-24",25265
"Customer C-30076","SW-ROLLOFF-10YD","09/17/2022",32223
"Customer C-03402","SW-ROLLOFF-20YD","12-May-21",44547
"Customer C-07053","SW-RO-20","12-May-19",39447
"Customer C-17330","SW-FL-6YD","07/08/21",12237
"Customer C-35127","SW-FL-8YD","05-Sep-19",17425
"Customer C-27886","SW-RO-10","2024-09-05",28442
"Customer C-29229","SW-RO-30","2023-06-12",54327
"Customer C-18383","SW-FL-8YD","01/26/20",19919
"Customer C-18966","SW-ROLLOFF-30YD","04/14/2021",48248
"Customer C-07755","SW-RES-1-W","06/14/19",33135
"Customer C-30548","SW-COMM-4","07/12/19",11958
"Customer C-21814","SW-FL-4YD","01-Jun-20",14383
"Customer C-19144","SW-RO-30YD","04/19/2019",51286
"Customer C-16028","SW-COMM-4","07/02/2021",9288
"Customer C-12566","SW-COMM-4YD","09/14/21",11908
"Customer C-17662","SW-COMM-2","01/23/24",4541
"Customer C-38546","SW-COMM-2YD","02-Aug-24",6410
"Customer C-06045","LEGACY-CODE","2023-10-10",38562
"Customer C-19658","SW-RES-1-M","02/01/19",17391
"Customer C-00511","SW-COMM-8YD","03/08/2022",13394
"Customer C-21005","SW-RES-1-BW","12/23/19",19121
"Customer C-36366","SW-COMM-4","07/05/23",16014
"Customer C-39540","SW-COMM-4","13-Nov-21",7994
"Customer C-26914","SW-FL-8YD","05/07/21",18652
"Customer C-09863","SW-COMM-8YD","09/08/2022",18368
"Customer C-02778","SW-FL-6YD","10/15/22",10573
"Customer C-20136","SW-ROLLOFF-40YD","28-Jul-21",57487
"Customer C-30377","SW-ROLLOFF-30YD","04-Sep-21",50115
"Customer C-00636","SW-RO-40YD","04/07/2021",60333
"Customer C-13147","SW-FL-6YD","02/20/2022",12670
"Customer C-21063","SW-FL-4YD","01/16/22",16867
"Customer C-11419","SW-RO-40","01/09/21",62390
"Customer C-38878","SW-RO-40","2023-01-09",58412
"Customer C-19785","SW-ROLLOFF-30YD","2023-09-26",52559
"Customer C-09404","SW-COMM-8YD","01-Apr-19",20487
"Customer C-41717","SW-ROLLOFF-10YD","2021-10-16",26223
"Customer C-14300","SW-FL-4YD","05/22/2024",8857
"Customer C-20900","SW-COMM-2YD","04/22/24",12443
"Customer C-35412","SW-RO-10YD","05/04/2020",25193
"Customer C-08603","SW-COMM-2YD","12/10/20",7093
"Customer C-44027","SW-ROLLOFF-20YD","02/12/20",38148
"Customer C-05021","SW-RO-20YD","14-Sep-19",44872
"Customer C-07519","SW-RO-10YD","2020-09-25",29664
"Customer C-00529","SW-COMM-2YD","12-Aug-22",12849
"Customer C-11880","SW-COMM-2YD","27-Oct-21",13993
"Customer C-17867","SW-RO-20","2019-06-16",35904
"Customer C-34595","SW-ROLLOFF-20YD","2020-04-11",39567
"Customer C-42961","SW-RES-1-M","2019-06-20",14000
"Customer C-07651","SW-ROLLOFF-30YD","2021-08-14",54049
"Customer C-21858","SW-RO-30","2022-05-17",50251
"Customer C-16819","SW-RO-30","06/23/19",53644
"Customer C-16866","SW-RO-10","2024-11-01",25850
"Customer C-01678","SW-ROLLOFF-20YD","27-Jun-23",43798
"Customer C-42391","SW-RO-30YD","25-Jul-23",50335
"Customer C-40461","SW-RO-10","03/12/2021",31885
"Customer C-00699","SW-RO-30YD","18-Jan-21",47936
"Customer C-28141","SW-COMM-6","2022-04-03",17677
"Customer C-33847","SW-FL-8YD","2019-08-24",14426
"Customer C-10674","SW-ROLLOFF-40YD","26-Jul-19",61869
"Customer C-02699","SW-RO-30","11-Feb-22",51994
"Customer C-06291","SW-RO-30YD","01/04/2024",49585
"Customer C-30652","SW-FL-4YD","10/06/2021",7402
"Customer C-41939","SW-RO-10YD","2024-04-23",31135
"Customer C-04259","SW-COMM-8YD","06/20/24",21085
"Customer C-27846","SW-ROLLOFF-30YD","2021-02-25",53577
"Customer C-20510","SW-RES-1-BW","12/17/24",33501
"Customer C-01702","SW-COMM-2","01-Oct-24",8066
"Customer C-02543","SW-COMM-4YD","2023-12-03",12823
"Customer C-17430","SW-RO-30YD","07-Mar-22",45429
"Customer C-27213","SW-FL-2YD","2023-05-03",9628
"Customer C-25687","SW-ROLLOFF-30YD","07/08/22",53601
"Customer C-09621","SW-ROLLOFF-10YD","09/21/2021",29132
"Customer C-02239","SW-FL-4YD","28-Nov-22",14506
"Customer C-11818","SW-RO-10","05/13/2019",34296
"Customer C-35610","SW-RO-20YD","04/15/20",38865
"Customer C-28822","SW-RO-30","06/18/20",54037
"Customer C-13114","SW-ROLLOFF-10YD","27-Oct-19",25878
"Customer C-37460","SW-COMM-8","10-Nov-19",13588
"Customer C-43942","SW-COMM-8YD","05/09/2019",22581
"Customer C-01344","SW-RO-10YD","24-Oct-24",25830
"Customer C-11145","SW-COMM-8YD","06/11/23",13234
"Customer C-14542","SW-RO-10YD","03/27/2024",29701
"Customer C-23594","SW-COMM-4YD","2020-12-26",13269
"Customer C-23848","SW-FL-2YD","17-Feb-19",5670
"Customer C-26037","OLD-SVC-7","03/09/2022",18539
"Customer C-16627","SW-RO-40YD","06/01/2022",59175
"Customer C-29317","SW-RO-20","26-Nov-19",39998
"Customer C-09462","SW-COMM-6","07/24/2020",15869
"Customer C-02216","SW-RES-1-BW","10/15/2019",11922
"Customer C-02530","SW-RES-1-BW","25-May-21",17279
"Customer C-31634","SW-FL-6YD","12/21/2021",12696
"Customer C-01061","LEGACY-CODE","06/27/24",54698
"Customer C-06657","SW-ROLLOFF-40YD","12-Apr-20",57152
"Customer C-41196","SW-ROLLOFF-40YD","2019-09-18",59087
"Customer C-04027","SW-COMM-6","2021-09-26",19626
"Customer C-21734","SW-RES-1-W","11/24/2022",60518
"Customer C-19644","SW-RO-30YD","2019-09-16",49216
"Customer C-01793","SW-FL-2YD","07/23/2024",4775
"Customer C-38213","SW-FL-6YD","04/27/2024",17282
"Customer C-22170","SW-COMM-8","02/07/2019",20495
"Customer C-12756","SW-COMM-6YD","02/11/2021",10573
"Customer C-29393","SW-RO-40YD","07/23/2020",61227
"Customer C-01442","SW-COMM-4YD","2022-04-04",16978
"Customer C-06343","SW-RO-20","01/11/2021",37905
"Customer C-30947","SW-COMM-8YD","06/10/21",18420
"Customer C-18559","SW-FL-6YD","05-Mar-23",11045
"Customer C-07793","SW-COMM-6","10/13/2023",12673
"Customer C-02364","SW-ROLLOFF-20YD","12/24/19",43693
"Customer C-07124","SW-COMM-2YD","2024-12-05",4455
"Customer C-19282","SW-COMM-6YD","02/19/21",14285
"Customer C-01450","OLD-SVC-7","10/11/2019",60131
"Customer C-07122","SW-FL-2YD","02/27/2020",10461
"Customer C-32402","SW-FL-2YD","01/10/2024",12877
"Customer C-05942","SW-ROLLOFF-20YD","24-Jul-21",40262
"Customer C-09766","SW-RES-1-M","05/21/2022",36851
"Customer C-35396","SW-RO-20","07/05/2023",38882
"Customer C-28941","SW-FL-6YD","05/27/2020",17004
"Customer C-08482","SW-COMM-4YD","01/26/19",14991
"Customer C-41199","SW-RO-40YD","10/09/2022",57488
"Customer C-21585","SW-RO-30","25-Jun-24",52247
"Customer C-14760","SW-RO-30YD","08/07/2024",53444
"Customer C-14538","SW-RO-40","05/24/2023",60642
"Customer C-15779","SW-ROLLOFF-10YD","06/21/24",26204
"Customer C-04733","SW-FL-8YD","08-Sep-23",18160
"Customer C-38180","SW-ROLLOFF-40YD","04/06/20",62185
"Customer C-20346","SW-ROLLOFF-10YD","16-Nov-24",26730
"Customer C-29590","SW-COMM-6YD","2022-03-21",18284
"Customer C-39759","SW-FL-6YD","06/07/2020",14472
"Customer C-01813","SW-RES-1-M","17-Apr-23",16202
"Customer C-23099","SW-ROLLOFF-40YD","2020-03-07",61184
"Customer C-39420","SW-RO-10YD","12-Nov-21",28545
"Customer C-37746","SW-ROLLOFF-20YD","2022-02-12",39607
"Customer C-08658","SW-FL-4YD","02/12/2021",7263
"Customer C-40749","SW-RO-40","2021-12-27",57540
"Customer C-37868","SW-RO-40","17-Aug-21",63929
"Customer C-42123","SW-COMM-4","12/13/2024",13767
"Customer C-23402","SW-COMM-8YD","2024-11-12",15977
"Customer C-26572","SW-COMM-6","09/15/2024",19350
"Customer C-09738","SW-ROLLOFF-20YD","2019-12-02",44354
"Customer C-01452","SW-FL-6YD","01/01/2021",17202
"Customer C-03115","SW-RO-10YD","09/10/2024",34095
"Customer C-26595","SW-COMM-4YD","15-Feb-21",10648
"Customer C-41244","SW-COMM-8","06/05/2020",13627
"Customer C-24226","SW-COMM-2YD","03/14/2023",11477
"Customer C-34260","SW-ROLLOFF-40YD","2021-01-17",63205
"Customer C-33233","SW-COMM-8YD","02/02/20",18660
"Customer C-08774","SW-RO-20","07/28/23",44688
"Customer C-42863","SW-FL-6YD","2019-09-07",11186
"Customer C-13080","SW-RES-1-M","28-Apr-19",30775
"Customer C-36869","SW-RO-30YD","2020-02-27",48063
"Customer C-21260","SW-RO-30YD","2024-04-26",49306
"Customer C-27980","SW-ROLLOFF-40YD","02/10/20",63400
"Customer C-41887","SW-COMM-4","10/12/2020",14696
"Customer C-28180","SW-COMM-8YD","10/12/2021",17368
"Customer C-04064","SW-RO-10","2023-09-26",30376
"Customer C-24654","SW-ROLLOFF-20YD","2024-10-21",37116
"Customer C-43285","SW-RO-10","09-Feb-21",27764
"Customer C-22426","SW-COMM-6YD","2019-06-01",19130
"Customer C-19847","SW-RO-40","01/10/2022",58230
"Customer C-15626","SW-COMM-8","10/21/2020",13706
"Customer C-06495","SW-RES-1-M","03/13/2024",12574
"Customer C-00623","SW-RO-10YD","20-Oct-20",29139
"Customer C-40578","SW-COMM-2YD","07/19/2020",12965
"Customer C-02628","SW-RO-10YD","01/19/2024",25249
"Customer C-20476","SW-RO-10","10/11/19",26950
"Customer C-24134","SW-RES-1-BW","2022-05-08",26940
"Customer C-03712","SW-FL-4YD","10/05/2019",9194
"Customer C-29376","SW-FL-8YD","07/03/20",19196
"Customer C-09815","SW-RO-10","01/01/2020",32950
"Customer C-20625","SW-COMM-8YD","2024-09-14",16558
"Customer C-37313","SW-ROLLOFF-30YD","05-Jun-23",47823
"Customer C-28970","SW-RO-20","01/11/2024",36214
"Customer C-29111","SW-RO-10","2023-08-21",28120
"Customer C-23554","SW-COMM-4","02/10/2021",12336
"Customer C-34630","SW-RO-40YD","28-Jan-24",57573
"Customer C-30977","SW-COMM-8YD","01-Apr-21",15974
"Customer C-16940","SW-FL-2YD","01/22/23",5241
"Customer C-10620","SW-RO-20YD","06/26/2022",40538
"Customer C-11627","SW-RES-1-W","09/01/2020",9802
"Customer C-20872","SW-RO-40YD","2021-12-21",55950
"Customer C-38407","SW-COMM-4","06/15/24",11561
"Customer C-24729","SW-COMM-XX","01/25/2024",16053
"Customer C-41695","SW-FL-4YD","2020-03-01",12037
"Customer C-14054","SW-RO-40","11/22/2021",59939
"Customer C-43132","SW-FL-2YD","2020-01-11",12980
"Customer C-05563","SW-COMM-4","05/26/2020",14722
"Customer C-24645","SW-RO-40YD","09/21/20",58808
"Customer C-26539","SW-COMM-4","2020-04-22",11527
"Customer C-32723","SW-ROLLOFF-40YD","06/09/21",60317
"Customer C-17517","SW-RO-20YD","11-Feb-19",39890
"Customer C-29858","SW-RO-40","09/16/2020",58343
"Customer C-35652","SW-FL-8YD","24-Aug-21",13088
"Customer C-38028","SW-RES-1-BW","09/23/20",48919
"Customer C-08885","SW-COMM-4","07-Oct-20",13190
"Customer C-32049","SW-FL-4YD","2023-12-25",15880
"Customer C-01585","SW-FL-6YD","17-Jan-20",13761
"Customer C-33638","SW-ROLLOFF-40YD","2022-06-03",62790
"Customer C-13411","SW-ROLLOFF-40YD","2021-04-10",64790
"Customer C-44836","SW-RO-20","24-Oct-24",41893
"Customer C-16008","SW-RO-20","19-Sep-23",43623
"Customer C-26234","SW-RO-30","2021-05-15",46220
"Customer C-40285","SW-ROLLOFF-20YD","09-Jul-20",43027
"Customer C-24811","SW-FL-8YD","02/17/2020",14016
"Customer C-32296","SW-RO-10","2023-06-14",31594
"Customer C-25374","SW-ROLLOFF-20YD","09/10/2021",36844
"Customer C-32095","SW-RO-30","07/13/2019",50385
"Customer C-18646","SW-ROLLOFF-10YD","2022-10-09",29714
"Customer C-09986","SW-RO-30YD","18-Mar-20",54789
"Customer C-32909","SW-RES-1-M","2020-10-26",4832
"Customer C-42205","SW-ROLLOFF-20YD","02/21/2019",41535
"Customer C-35537","SW-COMM-4YD","12/09/21",13286
"Customer C-08485","SW-RO-20YD","03/24/20",41926
"Customer C-43169","SW-RO-10","2020-08-21",27340
"Customer C-36451","SW-XX-99YD","07/28/2020",61418
"Customer C-41365","SW-ROLLOFF-40YD","04/20/2022",62186
"Customer C-09192","SW-COMM-4","04/04/2022",14645
"Customer C-08957","SW-COMM-8","03/13/2022",14799
"Customer C-36325","SW-COMM-6","10/02/23",16060
"Customer C-44402","SW-RO-20YD","27-Jun-23",40612
"Customer C-29903","SW-ROLLOFF-10YD","27-Oct-20",32251
"Customer C-19744","SW-FL-2YD","09/25/2021",13940
"Customer C-40838","SW-RO-20YD","22-Jan-23",36061
"Customer C-16140","SW-RES-1-M","02/10/2022",19427
"Customer C-17832","SW-RES-1-BW","05/15/2022",13281
"Customer C-16533","SW-RO-30YD","2020-04-15",53207
"Customer C-17571","SW-RO-10YD","2022-11-18",32098
"Customer C-00958","SW-RO-30","10/12/21",52788
"Customer C-08716","SW-COMM-4YD","2019-03-21",16769
"Customer C-29791","SW-COMM-8YD","2020-12-08",16176
"Customer C-38685","SW-ROLLOFF-10YD","2019-09-03",34577
"Customer C-34891","SW-RO-30YD","04/04/2020",54959
"Customer C-31911","SW-ROLLOFF-10YD","2020-03-06",31195
"Customer C-15453","SW-FL-8YD","2019-04-05",22804
"Customer C-01663","SW-FL-4YD","2023-11-05",10161
"Customer C-40132","SW-COMM-2","2019-01-04",6930
"Customer C-15262","SW-RO-20","12/06/2020",41797
"Customer C-09633","SW-ROLLOFF-20YD","08/19/2020",38898
"Customer C-14905","SW-RO-10","06/17/2021",28240
"Customer C-35908","SW-RO-30","09/02/2020",49625
"Customer C-33706","SW-COMM-4","25-Jan-21",13923
"Customer C-32525","SW-COMM-8YD","24-Apr-20",18726
"Customer C-02209","SW-ROLLOFF-10YD","08/09/20",33570
"Customer C-17312","SW-RO-30YD","05/04/2021",53976
"Customer C-13596","SW-COMM-4YD","08/07/2024",9890
"Customer C-38833","SW-RES-1-BW","10/20/2021",41186
"Customer C-20915","SW-RO-30YD","05/02/2024",54337
"Customer C-32472","SW-RO-10YD","05/02/23",30618
"Customer C-05530","SW-FL-8YD","2024-07-21",17778
"Customer C-32572","SW-RO-10YD","03/10/2019",30305
"Customer C-14029","SW-ROLLOFF-10YD","2024-02-17",27451
"Customer C-12738","SW-RO-40","08/05/2020",59286
"Customer C-23524","SW-RO-40","2019-02-01",58236
"Customer C-11881","SW-RO-20","16-Jul-22",37386
"Customer C-42342","SW-RO-20YD","2019-09-03",37471
"Customer C-16741","SW-RO-30","05/25/2020",49139
"Customer C-13663","SW-FL-6YD","07/02/24",16619
"Customer C-26784","SW-RO-10YD","08/19/19",31803
"Customer C-08584","SW-FL-6YD","09/14/20",11979
"Customer C-08595","SW-COMM-8","05-Mar-20",22610
"Customer C-11199","SW-FL-6YD","10/12/2022",12651
"Customer C-37575","SW-COMM-8YD","11/11/2020",13935
"Customer C-34706","SW-RES-1-M","07/23/2021",4650
"Customer C-37855","SW-FL-8YD","05/04/23",18088
"Customer C-42673","SW-FL-2YD","2021-07-08",7272
"Customer C-18216","SW-FL-2YD","06/14/22",10430
"Customer C-38096","SW-COMM-XX","2022-12-15",34361
"Customer C-36706","SW-RO-40","2021-01-23",63626
"Customer C-29251","SW-COMM-4","18-Oct-23",11861
"Customer C-42323","SW-RO-10","01/20/22",27988
"Customer C-37820","SW-FL-6YD","05/16/2024",15429
"Customer C-02520","SW-ROLLOFF-30YD","03/05/2021",49619
"Customer C-05224","SW-ROLLOFF-30YD","2024-10-03",53738
"Customer C-00886","SW-FL-8YD","2022-09-04",21358
"Customer C-23111","SW-RO-30YD","07/09/2023",49647
"Customer C-05970","SW-COMM-8YD","09-Feb-20",15490
"Customer C-15859","SW-RES-1-W","10/01/2024",58553
"Customer C-37000","SW-ROLLOFF-20YD","13-Apr-24",35511
"Customer C-37811","SW-RO-40","2019-07-15",62948
"Customer C-36416","SW-FL-8YD","11/19/20",14394
"Customer C-39885","SW-FL-4YD","12/20/2023",9452
"Customer C-41678","SW-ROLLOFF-10YD","01/01/20",29190
"Customer C-44962","SW-COMM-4YD","07/26/2021",15094
"Customer C-30884","SW-ROLLOFF-40YD","09/03/2023",64624
"Customer C-13733","SW-COMM-4","04/25/2023",12040
"Customer C-00812","SW-RES-1-BW","06/10/2022",50562
"Customer C-25206","SW-RO-30YD","11/23/2022",45967
"Customer C-20541","SW-RES-1-M","07-Jun-24",16436
"Customer C-34720","SW-RO-20","2023-07-02",39397
"Customer C-22355","SW-COMM-8YD","11/11/24",22999
"Customer C-18588","SW-ROLLOFF-10YD","06/08/2022",31098
"Customer C-13752","SW-RO-30","13-Aug-19",48002
"Customer C-12195","SW-RO-30","2021-04-24",47530
"Customer C-44313","SW-COMM-6","08/27/2024",19122
"Customer C-20234","SW-RO-20","02/09/19",37007
"Customer C-25055","SW-COMM-2YD","01/05/2022",8425
"Customer C-13228","SW-ROLLOFF-30YD","02/24/2023",53153
"Customer C-19324","SW-FL-2YD","2024-04-13",6872
"Customer C-23842","SW-COMM-2","06-Sep-21",5120
"Customer C-21690","SW-ROLLOFF-40YD","2024-07-05",61169
"Customer C-36308","SW-COMM-2YD","02/19/2024",4973
"Customer C-39874","SW-RO-40","08/19/24",57302
"Customer C-24426","SW-ROLLOFF-30YD","09/03/23",50266
"Customer C-23752","SW-XX-99YD","17-Sep-22",47737
"Customer C-27966","SW-RO-40YD","2024-01-03",57700
"Customer C-30186","SW-RO-40","08/15/2024",56462
"Customer C-25120","SW-COMM-8","07-Feb-24",21782
"Customer C-28008","SW-ROLLOFF-40YD","11/12/2022",60618
"Customer C-00830","SW-ROLLOFF-30YD","16-Aug-24",54741
"Customer C-16204","SW-RO-10","01/04/2020",29422
"Customer C-38651","SW-COMM-4YD","12/10/24",10287
"Customer C-05942","SW-ROLLOFF-20YD","19-Dec-21",38811
"Customer C-42923","SW-ROLLOFF-40YD","2024-01-02",59694
"Customer C-14756","SW-COMM-2","04/27/2022",9731
"Customer C-11037","SW-RO-20YD","09/19/2023",35167
"Customer C-42647","SW-RES-1-W","12/28/2023",12781
"Customer C-21588","SW-COMM-2YD","02/08/2022",12390
"Customer C-42676","SW-COMM-XX","13-Oct-19",33716
"Customer C-29364","SW-FL-8YD","2020-01-27",20113
"Customer C-30451","SW-RO-20","07/14/2024",35828
"Customer C-06248","SW-COMM-8YD","08/02/2020",20183
"Customer C-32923","SW-RO-40","05/09/2019",58189
"Customer C-19472","SW-COMM-6YD","02/14/2019",16702
"Customer C-26496","SW-ROLLOFF-10YD","08/17/2021",27210
"Customer C-08995","SW-COMM-6YD","12/17/2022",11557
"Customer C-00992","SW-RO-10","11-Sep-19",25190
"Customer C-38075","SW-RO-20YD","28-Oct-22",37358
"Customer C-18843","SW-ROLLOFF-40YD","01/10/2024",61820
"Customer C-20348","OLD-SVC-7","11/11/2021",30987
"Customer C-34829","SW-COMM-2YD","2020-03-15",9024
"Customer C-35210","SW-FL-8YD","08/26/23",15356
"Customer C-20448","SW-COMM-4YD","01/15/2022",13707
"Customer C-07629","SW-RO-10","20-Jul-21",34358
"Customer C-14415","SW-RO-10","06/07/2019",33161
"Customer C-20412","SW-FL-8YD","27-Mar-22",15995
"Customer C-28077","SW-RO-20","01/21/2022",44311
"Customer C-03421","SW-RO-10YD","06/11/2020",34422
"Customer C-43745","SW-RES-1-W","12/10/2021",56765
"Customer C-35092","SW-ROLLOFF-30YD","08/17/2024",47070
"Customer C-37725","SW-COMM-2YD","2023-11-23",13483
"Customer C-07369","SW-ROLLOFF-30YD","2024-04-12",52890
"Customer C-17841","SW-RO-10","2023-11-18",26681
"Customer C-31067","SW-COMM-8","03-Feb-23",22004
"Customer C-10401","SW-ROLLOFF-40YD","10/10/2024",56791
"Customer C-39192","SW-COMM-6","2019-06-03",11219
"Customer C-06372","SW-COMM-6YD","04/05/24",13187
"Customer C-07504","SW-COMM-4YD","03/03/2022",11294
"Customer C-39590","SW-COMM-6","24-Apr-19",18166
"Customer C-24827","SW-COMM-8","04/07/2023",19874
"Customer C-39268","SW-RES-1-BW","04/22/2024",16587
"Customer C-25535","SW-FL-8YD","08/17/2020",22468
"Customer C-00500","SW-COMM-XX","17-Nov-24",34718
"Customer C-34732","SW-ROLLOFF-20YD","04/18/2021",38435
"Customer C-15932","SW-COMM-4YD","12/15/2022",15509
"Customer C-36721","SW-RO-30","05/23/19",51240
"Customer C-29747","SW-ROLLOFF-30YD","08/22/24",54698
"Customer C-41229","SW-RES-1-BW","2022-11-07",57599
"Customer C-02706","SW-ROLLOFF-20YD","06/07/2021",39145
"Customer C-26171","SW-RO-20YD","09/25/2022",43048
"Customer C-21153","SW-RO-30YD","10/04/24",47090
"Customer C-25744","SW-FL-6YD","16-Sep-23",18635
"Customer C-27613","SW-FL-6YD","19-Apr-21",16014
"Customer C-38908","SW-RES-1-BW","2024-02-22",29817
"Customer C-37118","SW-COMM-8YD","2023-02-28",17176
"Customer C-37050","SW-FL-4YD","2024-07-18",11912
"Customer C-17534","SW-RO-20","13-Jul-20",39426
"Customer C-28058","SW-RO-20","2020-11-01",39513
"Customer C-39359","SW-COMM-6","08/12/24",13300
"Customer C-08619","SW-RO-20YD","05/26/2022",36589
"Customer C-20426","SW-RES-1-M","20-Feb-22",58485
"Customer C-01492","LEGACY-CODE","11/06/2024",8116
"Customer C-21299","SW-FL-6YD","11-Oct-20",12143
"Customer C-14842","SW-COMM-4","03/18/22",8730
"Customer C-17545","SW-ROLLOFF-30YD","03-Oct-19",48778
"Customer C-17193","SW-COMM-4YD","01/08/2019",12344
"Customer C-38723","SW-COMM-6","2024-11-22",13927
"Customer C-25604","SW-ROLLOFF-30YD","05/13/2022",53616
"Customer C-44821","SW-RES-1-W","11/21/2022",15956
"Customer C-05611","SW-RO-30YD","07/10/2020",47530
"Customer C-16643","SW-COMM-6YD","12/03/2020",11496
"Customer C-26441","SW-FL-8YD","2024-01-21",16645
"Customer C-36591","SW-COMM-6YD","06/08/2023",16075
"Customer C-38914","SW-COMM-6","2020-09-05",15375
"Customer C-32694","SW-RO-40YD","12/10/2019",59979
"Customer C-31980","SW-COMM-4YD","01/03/23",9893
"Customer C-09798","SW-RES-1-M","21-Nov-20",32567
"Customer C-37028","SW-FL-6YD","05-Dec-22",19374
"Customer C-11208","SW-ROLLOFF-40YD","07/13/2023",56558
"Customer C-30042","SW-RES-1-W","2019-01-26",34277
"Customer C-36286","SW-RO-20YD","07-Jul-20",44886
"Customer C-18022","SW-RO-40YD","10/06/2022",61128
"Customer C-29452","SW-RO-40YD","07/13/2023",59387
"Customer C-24801","SW-FL-2YD","01/23/2023",8130
"Customer C-43876","SW-COMM-8","12-Nov-19",22070
"Customer C-39272","SW-FL-6YD","01/12/2019",15377
"Customer C-22354","SW-RO-10YD","01/19/23",27979
"Customer C-23222","SW-COMM-6YD","2019-06-25",10504
"Customer C-35330","SW-ROLLOFF-30YD","04/12/22",45228
"Customer C-07029","SW-FL-2YD","04/08/22",10461
"Customer C-20815","SW-COMM-6","08/25/2020",19804
"Customer C-41691","SW-COMM-6","03/14/2022",10704
"Customer C-39454","SW-FL-2YD","11/18/2022",13377
"Customer C-03504","SW-RO-30YD","09/20/2022",50634
"Customer C-37160","SW-RES-1-W","02/22/2022",53644
"Customer C-32162","SW-ROLLOFF-10YD","2023-03-17",34926
"Customer C-38339","SW-FL-4YD","11/23/2023",10544
"Customer C-43945","SW-ROLLOFF-40YD","01/13/2024",61237
"Customer C-16959","SW-RO-10YD","10/24/22",31048
"Customer C-16522","SW-RO-30YD","2021-12-20",47652
"Customer C-12598","SW-ROLLOFF-40YD","05/22/22",63800
"Customer C-20444","SW-COMM-4","2021-03-07",9837
"Customer C-00705","SW-ROLLOFF-10YD","2023-11-08",31971
"Customer C-15884","SW-COMM-8","2024-08-21",17486
"Customer C-07975","SW-RES-1-W","12-Nov-23",16000
"Customer C-01587","SW-RO-30","01/07/2019",47549
"Customer C-19818","SW-XX-99YD","2023-04-21",12956
"Customer C-26849","SW-COMM-XX","14-Nov-23",19542
"Customer C-23909","SW-RO-30","08-Sep-22",46618
"Customer C-03945","SW-FL-8YD","09-Jan-22",21796
"Customer C-40732","SW-COMM-2","20-Dec-23",13872
"Customer C-09157","SW-RES-1-M","2019-01-09",43725
"Customer C-18011","SW-RES-1-BW","05/08/2024",33551
"Customer C-11837","SW-ROLLOFF-30YD","06/09/19",49398
"Customer C-05214","SW-ROLLOFF-10YD","10/28/23",32237
"Customer C-22324","SW-COMM-6YD","12-Jun-21",14497
"Customer C-28825","SW-RO-20","07/17/2019",40180
"Customer C-27219","SW-RO-10YD","11/15/2019",31006
"Customer C-00560","SW-FL-2YD","2023-06-18",8346
"Customer C-18843","SW-FL-2YD","2023-03-03",5893
"Customer C-19052","SW-FL-2YD","01/18/2022",4179
"Customer C-25418","SW-RO-30","11/14/2021",54603
"Customer C-20123","SW-COMM-4","12/12/2021",12701
"Customer C-39628","SW-RES-1-W","2023-04-05",64503
"Customer C-22482","SW-RO-40YD","19-Sep-22",60603
"Customer C-34718","SW-FL-8YD","10-Nov-24",14938
"Customer C-32160","NOPE-1","10/09/2019",41166
"Customer C-27550","SW-RO-40YD","06/06/2024",61695
"Customer C-37871","SW-RES-1-W","09/28/22",17962
"Customer C-36595","SW-RO-10","02/13/2022",31970
"Customer C-42686","SW-RO-20YD","06/03/2020",38380
"Customer C-41281","NOPE-1","03/25/2020",39649
"Customer C-37842","SW-RO-30YD","07/24/2023",46992
"Customer C-34746","SW-FL-8YD","03/04/19",13038
"Customer C-14124","SW-RO-30YD","2020-07-11",53279
"Customer C-06040","SW-COMM-2","2023-05-25",6468
"Customer C-45000","SW-ROLLOFF-40YD","07/25/2020",60018
"Customer C-03115","SW-COMM-4YD","06/22/2023",15006
"Customer C-28736","SW-FL-6YD","03/04/24",16673
"Customer C-18977","SW-RO-10","10-May-19",34178
"Customer C-22388","SW-COMM-4","05/04/23",14220
"Customer C-21930","SW-RO-20","07/12/2019",40375
"Customer C-06497","SW-RO-30YD","12/07/2019",49997
"Customer C-21721","SW-RES-1-BW","2021-05-04",43089
"Customer C-28845","SW-COMM-8YD","11/24/22",21105
"Customer C-00665","SW-ROLLOFF-40YD","2019-02-07",56473
"Customer C-41306","SW-RO-20YD","04/10/2023",37222
"Customer C-18009","SW-RO-30","2021-10-27",45318
"Customer C-27414","SW-FL-2YD","09/26/20",12262
"Customer C-36232","SW-ROLLOFF-40YD","21-Nov-23",59321
"Customer C-42385","SW-RES-1-W","04/19/21",18969
"Customer C-26118","SW-COMM-6YD","11/08/2019",12828
"Customer C-15946","SW-RO-40","27-Sep-24",64934
"Customer C-37103","NOPE-1","02/03/2022",29147
"Customer C-39209","LEGACY-CODE","04/08/2024",57598
"Customer C-34938","SW-COMM-6","04-Jul-23",14825
"Customer C-40308","SW-ROLLOFF-10YD","11-May-19",34498
"Customer C-33732","SW-RO-10YD","12/27/19",30063
"Customer C-34773","SW-RO-20","07/19/24",43365
"Customer C-36348","SW-FL-8YD","10/01/22",18656
"Customer C-38230","SW-RO-10","09/05/2022",31900
"Customer C-07696","SW-COMM-2","2023-01-03",9553
"Customer C-20466","SW-RO-10YD","05/11/2021",34807
"Customer C-38662","SW-RO-10","07/05/22",25382
"Customer C-10217","SW-RO-40YD","11/21/2019",61046
"Customer C-21411","SW-RO-20","2023-10-06",36662
"Customer C-09286","SW-ROLLOFF-20YD","04/27/2021",36505
"Customer C-22333","SW-COMM-4","03/28/2022",16240
"Customer C-34038","SW-ROLLOFF-20YD","2023-06-05",39309
"Customer C-01004","SW-RO-20YD","14-Mar-23",38591
"Customer C-01539","SW-ROLLOFF-40YD","20-Dec-24",59932
"Customer C-29225","SW-RO-20YD","2020-09-21",37360
"Customer C-43507","SW-COMM-4","27-Mar-24",16775
"Customer C-37981","SW-ROLLOFF-30YD","03-May-22",48770
"Customer C-16632","SW-XX-99YD","11/12/20",15083
"Customer C-12595","SW-COMM-2","05-Sep-23",10906
"Customer C-30563","SW-COMM-XX","10/13/2023",54442
"Customer C-06561","SW-RO-20YD","05/22/21",35607
"Customer C-26456","SW-RO-20","10/03/2021",41607
"Customer C-24482","SW-ROLLOFF-20YD","07/09/2022",38679
"Customer C-32810","SW-RO-10","06/05/20",25502
"Customer C-06755","SW-COMM-4YD","10/21/24",11210
"Customer C-07407","SW-RES-1-BW","22-Jan-23",57316
"Customer C-36115","SW-COMM-8YD","06/27/2022",13622
"Customer C-15771","SW-ROLLOFF-20YD","06/27/2019",35235
"Customer C-30823","SW-FL-4YD","2022-09-11",10094
"Customer C-38725","SW-RO-30","26-Jul-22",47823
"Customer C-25736","SW-RO-40YD","02/09/2021",57090
"Customer C-28758","SW-RO-40","2020-08-18",58940
"Customer C-04411","SW-FL-2YD","03/19/20",7992
"Customer C-42285","NOPE-1","05/24/2021",37488
"Customer C-01747","OLD-SVC-7","2020-09-12",64342
"Customer C-24310","SW-RES-1-BW","05/25/21",10481
"Customer C-36739","SW-ROLLOFF-30YD","2024-09-12",51436
"Customer C-40026","SW-FL-8YD","10-Jun-20",17974
"Customer C-40575","SW-RES-1-W","2022-04-14",36749
"Customer C-02958","SW-COMM-XX","08/04/22",45609
"Customer C-35129","SW-COMM-2YD","2020-07-11",9171
"Customer C-09833","SW-COMM-6","05/20/20",19840
"Customer C-23375","SW-ROLLOFF-30YD","06-Sep-23",46153
"Customer C-12152","SW-COMM-8","09/08/2019",16146
"Customer C-24751","SW-FL-8YD","01/05/22",17111
"Customer C-12547","SW-ROLLOFF-20YD","08/23/23",35844
"Customer C-25869","SW-XX-99YD","11/07/2020",27984
"Customer C-13319","SW-FL-4YD","02/05/2023",14352
"Customer C-16753","SW-RES-1-W","2024-12-09",29723
"Customer C-38765","SW-FL-6YD","10/24/22",11721
"Customer C-35211","SW-RO-10","07-Oct-24",29419
"Customer C-32971","SW-FL-2YD","2021-03-26",7756
"Customer C-26091","SW-COMM-4","2019-06-24",9835
"Customer C-16934","SW-ROLLOFF-30YD","11/26/2024",48403
"Customer C-09403","SW-RES-1-W","2022-12-27",62135
"Customer C-21055","SW-ROLLOFF-40YD","03/09/2021",60837
"Customer C-09854","SW-RO-30YD","28-Feb-19",49018
"Customer C-07233","LEGACY-CODE","2020-08-20",30234
"Customer C-38240","OLD-SVC-7","2024-01-06",16198
"Customer C-26005","SW-RO-40YD","12/01/2019",58392
"Customer C-28752","SW-RO-10YD","07/20/2024",28273
"Customer C-39450","SW-RO-20YD","06/04/22",41798
"Customer C-24215","SW-COMM-4","08/27/2023",8813
"Customer C-06351","SW-FL-4YD","01/18/2020",9315
"Customer C-17509","SW-RO-40YD","06/03/2023",60035
"Customer C-35363","SW-ROLLOFF-10YD","05/10/2024",34323
"Customer C-14968","SW-RO-20YD","11/16/23",44034
"Customer C-04759","SW-RO-20","12/01/2024",37323
"Customer C-26844","SW-FL-6YD","08-Jan-24",12158
"Customer C-22285","SW-RO-30YD","11/10/2023",47593
"Customer C-17308","SW-COMM-4","02/06/2021",7113
"Customer C-05731","SW-RES-1-W","07/16/24",15865
"Customer C-25075","SW-RES-1-W","12/27/2022",63209
"Customer C-09795","SW-RO-10","08/26/21",32431
"Customer C-21198","SW-RO-20","05/08/2019",40180
"Customer C-12595","SW-ROLLOFF-10YD","09/20/23",25705
"Customer C-28806","SW-ROLLOFF-30YD","01/19/22",51274
"Customer C-29518","SW-RO-20YD","10/21/2023",37841
"Customer C-08821","SW-RES-1-M","16-Feb-19",35040
"Customer C-31130","SW-FL-8YD","09/12/2019",14874
"Customer C-00166","SW-COMM-8","03/14/2021",22461
"Customer C-29953","SW-FL-4YD","2022-01-06",8446
"Customer C-23290","SW-ROLLOFF-10YD","08-Nov-23",33419
"Customer C-29977","SW-XX-99YD","12/13/2021",22947
"Customer C-13754","SW-COMM-8YD","09-Feb-21",15242
"Customer C-04955","SW-COMM-6","06-Mar-21",10250
"Customer C-23790","SW-COMM-6","09/01/2019",13005
"Customer C-23357","SW-ROLLOFF-40YD","2023-04-01",61483
"Customer C-17758","SW-RES-1-BW","02/27/20",31003
"Customer C-16694","OLD-SVC-7","08/15/22",62450
"Customer C-17622","SW-COMM-2YD","2022-04-04",11534
"Customer C-04171","SW-COMM-8","06/06/2020",17981
"Customer C-36357","SW-COMM-8","2023-03-25",20542
"Customer C-32485","SW-FL-6YD","2021-07-20",14923
"Customer C-35860","SW-FL-4YD","2024-03-07",11011
"Customer C-03334","SW-FL-8YD","07/18/2022",17394
"Customer C-24518","SW-COMM-2","06/14/21",9238
"Customer C-16261","SW-RES-1-BW","05/25/2023",17844
"Customer C-27455","SW-ROLLOFF-10YD","03-Dec-19",34664
"Customer C-24991","SW-ROLLOFF-30YD","03/28/2021",48459
"Customer C-25310","SW-COMM-8","09/21/2022",13618
"Customer C-13952","SW-FL-8YD","01/01/2023",19268
"Customer C-30869","SW-RO-10","01/15/2021",27997
"Customer C-27026","SW-COMM-6YD","10/10/2020",19471
"Customer C-22960","SW-RO-20","05/13/2024",37467
"Customer C-36877","SW-FL-8YD","08/26/2019",15541
"Customer C-26245","SW-COMM-2","16-Feb-23",13903
"Customer C-13122","SW-COMM-8YD","03/28/2020",14775
"Customer C-09191","SW-COMM-4YD","14-Jul-24",9732
"Customer C-27668","SW-COMM-6YD","07/03/19",10328
"Customer C-11631","SW-RO-40YD","2022-03-14",55462
"Customer C-11874","SW-RO-30","2022-10-12",48094
"Customer C-18481","SW-RO-20","01/05/2019",37445
"Customer C-31255","SW-ROLLOFF-40YD","10/15/2023",58111
"Customer C-30130","SW-RO-30YD","13-Apr-22",51298
"Customer C-42011","SW-COMM-8YD","12/07/2024",17962
"Customer C-03513","SW-RO-40YD","06/21/2022",62427
"Customer C-32279","SW-RO-40","05/11/2019",56063
"Customer C-37256","SW-RO-30YD","01/23/19",45200
"Customer C-38197","SW-ROLLOFF-30YD","2022-01-16",47967
"Customer C-30568","SW-RO-40","08/18/2024",64939
"Customer C-44964","SW-ROLLOFF-10YD","2021-03-06",33715
"Customer C-19949","SW-ROLLOFF-30YD","02/04/23",50751
"Customer C-05081","SW-COMM-6YD","2023-09-04",10831
"Customer C-31928","SW-FL-8YD","12/11/2019",22869
"Customer C-11456","SW-RO-20YD","11/25/2019",41433
"Customer C-44216","SW-RO-20YD","06/13/2022",42743
"Customer C-14136","SW-ROLLOFF-10YD","11-Dec-22",30296
"Customer C-13166","SW-COMM-2YD","08/06/2021",11595
"Customer C-09356","SW-RO-30","2024-01-27",53792
"Customer C-36429","SW-RO-20","2019-07-19",37472
"Customer C-26646","SW-RO-30","08/11/2024",49797
"Customer C-17322","SW-COMM-2","09/26/2021",6859
"Customer C-01392","SW-COMM-8","03/13/2020",14229
"Customer C-36440","SW-RO-10YD","2019-07-17",34084
"Customer C-03915","SW-FL-4YD","10/15/24",13181
"Customer C-12428","SW-RO-20YD","19-Jul-23",35272
"Customer C-42276","SW-ROLLOFF-40YD","2023-09-23",63019
"Customer C-05504","SW-RO-20YD","2023-09-22",42592
"Customer C-21325","SW-RO-20","02-Nov-19",38775
"Customer C-31439","SW-FL-4YD","2021-11-28",13370
"Customer C-26907","SW-RO-20","08/07/20",42360
"Customer C-28257","SW-RO-40YD","2022-11-28",59667
"Customer C-31947","SW-COMM-4YD","07/05/2019",16868
"Customer C-39370","SW-COMM-2","04/23/2019",4188
"Customer C-01832","OLD-SVC-7","12/16/24",33963
"Customer C-07336","SW-FL-8YD","09/22/2019",21560
"Customer C-40033","SW-RO-30","07/16/22",52250
"Customer C-26673","SW-RO-40","2020-05-17",60674
"Customer C-40584","SW-COMM-2YD","07/07/2023",7947
"Customer C-20329","SW-RO-10YD","10/14/24",27579
"Customer C-27203","SW-COMM-8","05/04/24",14919
"Customer C-30345","SW-COMM-8YD","25-Feb-21",20142
"Customer C-01084","SW-RES-1-M","06/03/21",29148
"Customer C-11275","SW-COMM-2YD","08-Oct-20",13861
"Customer C-27962","SW-ROLLOFF-10YD","2021-06-15",26780
"Customer C-36550","SW-ROLLOFF-40YD","25-Sep-24",57506
"Customer C-19076","SW-RO-30","2020-04-02",48987
"Customer C-07155","SW-RO-10","02/18/24",27177
"Customer C-43264","SW-RO-20YD","2019-07-08",37520
"Customer C-01548","SW-COMM-4","2020-08-27",9476
"Customer C-14213","OLD-SVC-7","04/08/20",58094
"Customer C-36888","SW-RO-40","09/23/24",63624
"Customer C-36089","SW-COMM-4","2022-07-06",14406
"Customer C-13024","SW-ROLLOFF-30YD","06/11/2024",47013
"Customer C-32395","SW-RES-1-W","08/21/19",51792
"Customer C-18924","SW-COMM-4","08/23/20",14095
"Customer C-42751","SW-RES-1-BW","06/15/2024",63718
"Customer C-00891","SW-RO-10","2023-07-25",32007
"Customer C-07564","SW-ROLLOFF-30YD","11/17/2024",49925
"Customer C-36586","SW-COMM-4","09/12/20",14415
"Customer C-21894","SW-RO-10","02/20/2021",29173
"Customer C-42525","SW-ROLLOFF-10YD","06/14/2021",32321
"Customer C-04729","SW-RO-20YD","10/20/24",35812
"Customer C-39576","SW-ROLLOFF-10YD","10/13/2022",32165
"Customer C-04196","SW-FL-8YD","10-May-22",18122
"Customer C-31896","SW-RO-30","2021-03-02",48899
"Customer C-30088","SW-ROLLOFF-10YD","2020-10-12",30112
"Customer C-42287","SW-FL-4YD","2021-11-24",8368
"Customer C-11997","SW-RO-40YD","14-Feb-20",57489
"Customer C-18048","SW-ROLLOFF-40YD","06/10/2022",61971
"Customer C-40435","SW-ROLLOFF-30YD","22-May-19",47751
"Customer C-35974","SW-FL-6YD","17-Aug-21",11146
"Customer C-27571","SW-RO-40YD","03/18/2020",63944
"Customer C-41073","SW-FL-8YD","2022-12-03",20676
"Customer C-14958","SW-FL-4YD","10-Aug-22",11815
"Customer C-01765","SW-RO-30YD","05/11/20",54840
"Customer C-09934","SW-RO-40YD","2023-03-25",60559
"Customer C-42449","SW-XX-99YD","2023-06-08",52482
"Customer C-08321","SW-COMM-4","11/19/23",9166
"Customer C-04792","SW-RO-40YD","04/13/24",57514
"Customer C-24509","SW-FL-2YD","12/10/2020",10874
"Customer C-07489","SW-COMM-2","06/09/2022",10868
"Customer C-37630","SW-ROLLOFF-40YD","09/18/2020",62540
"Customer C-41444","SW-COMM-4YD","21-Dec-23",14695
"Customer C-37950","SW-RO-40YD","2024-12-04",58591
"Customer C-35389","SW-FL-4YD","2021-01-09",16926
"Customer C-07633","SW-RO-10","07/15/22",34856
"Customer C-44373","SW-FL-4YD","10/02/22",7831
"Customer C-15258","SW-RES-1-M","02/21/24",13124
"Customer C-26561","SW-COMM-6","07/06/22",12596
"Customer C-38593","SW-ROLLOFF-30YD","2019-12-28",52935
"Customer C-17726","SW-COMM-2YD","04/07/24",10232
"Customer C-08899","SW-ROLLOFF-30YD","28-Jun-23",47046
"Customer C-39224","SW-COMM-6","02/09/2023",17094
"Customer C-06400","SW-RO-40","2024-02-23",60949
"Customer C-30340","SW-RO-10","19-May-20",31529
"Customer C-05070","SW-FL-4YD","11/20/19",13945
"Customer C-23184","SW-RO-10","23-Sep-21",31770
"Customer C-27791","SW-RES-1-BW","2024-11-07",18015
"Customer C-18691","SW-RO-30YD","12-Apr-21",50803
"Customer C-40805","SW-FL-4YD","2023-10-05",12324
"Customer C-32398","SW-COMM-2YD","08/01/2023",10791
"Customer C-08978","SW-ROLLOFF-10YD","11/24/2024",27479
"Customer C-29077","SW-COMM-2YD","01/22/2021",12707
"Customer C-33535","SW-ROLLOFF-20YD","2022-03-16",42439
"Customer C-40291","SW-RO-10","11/23/2022",26572
"Customer C-35585","SW-RO-10YD","09/28/19",28250
"Customer C-28712","SW-FL-2YD","2020-02-06",13806
"Customer C-12926","SW-RO-20","10/21/2019",41224
"Customer C-37100","SW-XX-99YD","12/17/2020",49604
"Customer C-19908","SW-ROLLOFF-40YD","04/11/19",57390
"Customer C-18378","SW-RES-1-W","05-Jul-23",18967
"Customer C-34527","SW-RES-1-W","04/25/2024",14016
"Customer C-32112","SW-RO-40YD","08-Feb-21",55365
"Customer C-16237","SW-FL-4YD","08-May-22",9252
"Customer C-08741","SW-COMM-XX","11/10/2024",45606
"Customer C-43195","SW-ROLLOFF-20YD","20-Nov-19",39735
"Customer C-15002","SW-RO-30YD","08/22/2024",50614
"Customer C-06239","SW-RO-30YD","2023-04-08",46513
"Customer C-31139","SW-RO-30","01-Jan-19",52702
"Customer C-12359","SW-COMM-4","2024-01-20",14855
"Customer C-41163","SW-RO-30","27-Jan-22",48016
"Customer C-44797","SW-XX-99YD","09/19/2022",11673
"Customer C-18206","SW-COMM-6YD","08/28/24",18338
"Customer C-10870","SW-RES-1-M","24-Aug-24",37875
"Customer C-15629","SW-RO-40","2024-09-16",55148
"Customer C-02480","SW-RO-40YD","2019-01-20",64723
"Customer C-34087","SW-COMM-6YD","2021-06-17",13678
"Customer C-05691","SW-FL-4YD","01/09/2022",7982
"Customer C-38774","SW-FL-6YD","2021-12-19",17810
"Customer C-22300","SW-ROLLOFF-40YD","02/07/2023",61081
"Customer C-06759","SW-ROLLOFF-20YD","11/16/2019",38378
"Customer C-40022","SW-FL-6YD","01/17/21",13122
"Customer C-04097","SW-COMM-8","03/17/2021",15052
"Customer C-25087","SW-ROLLOFF-10YD","2022-08-07",27962
"Customer C-38693","SW-RO-30YD","2023-04-05",45260
"Customer C-39698","SW-RO-30YD","2020-05-26",45956
"Customer C-26343","SW-RO-10","2021-03-19",28946
"Customer C-14063","SW-COMM-8YD","17-Dec-24",15264
"Customer C-21911","SW-RO-40YD","11/05/24",58724
"Customer C-00274","SW-RES-1-W","2022-07-09",11134
"Customer C-07831","SW-COMM-2YD","17-Jan-22",9550
"Customer C-09708","SW-XX-99YD","2022-10-26",20958
"Customer C-32766","SW-ROLLOFF-10YD","12/24/24",26053
"Customer C-11155","SW-COMM-4YD","02/15/19",16001
"Customer C-43153","SW-RO-10YD","03/01/23",29767
"Customer C-24903","SW-COMM-6YD","04/07/2019",17567
"Customer C-36629","SW-COMM-2YD","08/22/21",7991
"Customer C-12966","SW-COMM-6","01/19/2021",15304
"Customer C-05913","SW-RO-20","2019-11-26",37065
"Customer C-24276","SW-RO-10YD","04/24/2022",28228
"Customer C-07011","SW-RO-40","2023-07-10",55828
"Customer C-19502","SW-COMM-2","2022-02-05",7519
"Customer C-03534","SW-FL-6YD","12/27/20",17798
"Customer C-35388","SW-RES-1-M","07/18/22",53026
"Customer C-04629","SW-COMM-6YD","07-Jul-21",14862
"Customer C-14838","SW-RES-1-BW","02/13/24",16295
"Customer C-29423","SW-COMM-4","11/10/2022",7551
"Customer C-32116","SW-COMM-2YD","07/15/24",13508
"Customer C-03060","SW-ROLLOFF-10YD","17-Nov-21",34831
"Customer C-18571","SW-COMM-6YD","04/25/2021",19629
"Customer C-07815","SW-COMM-4YD","2020-08-25",14485
"Customer C-16822","SW-ROLLOFF-30YD","2021-11-14",46558
"Customer C-33005","SW-FL-4YD","12/23/2023",10596
"Customer C-29867","SW-COMM-6","25-Jan-19",10902
"Customer C-25041","SW-RO-10","2021-08-21",34933
"Customer C-42523","SW-COMM-6","24-Sep-22",13631
"Customer C-12096","SW-ROLLOFF-30YD","2023-08-04",45056
"Customer C-36494","NOPE-1","27-Oct-22",49876
"Customer C-24422","SW-RO-30","11/16/23",51432
"Customer C-22938","SW-RES-1-BW","09/13/2020",45408
"Customer C-30949","SW-ROLLOFF-10YD","01/02/2023",34793
"Customer C-37097","SW-COMM-6YD","09/06/24",18900
"Customer C-01836","SW-COMM-4","06/27/2022",9704
"Customer C-33052","SW-RO-10","12-Jul-24",33712
"Customer C-37563","SW-RO-40","19-Sep-21",60093
"Customer C-35000","SW-FL-8YD","09/25/2022",19443
"Customer C-38742","SW-COMM-XX","01/13/2019",33605
"Customer C-17645","SW-RO-40","09-Nov-22",61419
"Customer C-22420","SW-FL-8YD","05/02/23",20409
"Customer C-29048","SW-ROLLOFF-30YD","10/16/2023",51870
"Customer C-03765","SW-RO-30YD","28-Apr-22",51056
"Customer C-14884","SW-ROLLOFF-40YD","08/11/2019",55564
"Customer C-05994","SW-COMM-4YD","12/11/2024",15854
"Customer C-43662","SW-COMM-8YD","2019-12-01",17161
"Customer C-14490","SW-RO-10","2023-12-20",33972
"Customer C-01350","SW-COMM-6YD","08/25/2021",17081
"Customer C-00424","SW-COMM-6YD","03/13/2024",10837
"Customer C-07942","SW-ROLLOFF-20YD","2020-04-04",42093
"Customer C-00878","LEGACY-CODE","04/24/2019",10839
"Customer C-40727","SW-RO-30YD","2021-12-25",53734
"Customer C-18267","SW-COMM-2YD","09-Nov-24",8146
"Customer C-31858","SW-COMM-2YD","12/01/2023",10885
"Customer C-44297","SW-FL-8YD","2020-03-19",14100
"Customer C-25503","SW-COMM-2","12/13/2024",6385
"Customer C-14413","SW-COMM-8YD","12/15/2024",20658
"Customer C-19364","SW-FL-2YD","11/17/2024",9810
"Customer C-24955","SW-RES-1-W","15-Feb-19",6306
"Customer C-44432","SW-RO-10YD","12/02/22",31808
"Customer C-07901","SW-FL-8YD","11/20/2019",19944
"Customer C-43710","SW-COMM-2","07/04/2020",8276
"Customer C-44382","SW-ROLLOFF-40YD","03/02/2019",62142
"Customer C-31120","SW-RO-40YD","26-Jan-20",64792
"Customer C-17128","SW-RES-1-W","11-May-21",45631
"Customer C-43166","SW-COMM-8","07-Apr-21",14394
"Customer C-03630","SW-FL-8YD","2019-04-08",17471
"Customer C-03692","SW-FL-2YD","03/15/24",13318
"Customer C-42826","SW-RO-20YD","2021-08-04",44078
"Customer C-41157","SW-COMM-6YD","14-Oct-20",15505
"Customer C-24871","SW-COMM-4YD","10/23/2024",11439
"Customer C-43048","SW-RO-20","03/15/2019",41016
"Customer C-17599","SW-ROLLOFF-30YD","12/11/2020",47092
"Customer C-42326","SW-RO-10","28-Mar-21",26528
"Customer C-09145","SW-RO-10YD","03/11/2024",32288
"Customer C-11388","SW-RO-10","12-Jul-20",30550
"Customer C-25491","SW-FL-6YD","09/14/22",14368
"Customer C-39013","SW-ROLLOFF-20YD","06/02/19",37499
"Customer C-02234","SW-RES-1-BW","01-Dec-22",13707
"Customer C-18575","SW-COMM-6YD","09/27/2024",10241
"Customer C-44281","SW-RO-30YD","2024-03-03",48901
"Customer C-40880","SW-RO-30YD","2021-06-24",49153
"Customer C-36240","SW-ROLLOFF-30YD","2023-05-22",53418
"Customer C-32736","SW-RO-30YD","06/22/21",47029
"Customer C-00675","SW-COMM-4YD","04-Dec-19",12261
"Customer C-39404","OLD-SVC-7","06/11/2021",22794
"Customer C-17921","SW-ROLLOFF-20YD","01/04/20",42622
"Customer C-37873","SW-RO-10","2019-03-18",29810
"Customer C-25146","SW-COMM-6","11/28/2021",10232
"Customer C-32338","SW-RO-40","09/02/2023",61703
"Customer C-19514","SW-FL-6YD","2022-11-07",18895
"Customer C-41267","SW-RO-20YD","03/26/2022",38723
"Customer C-00542","SW-RO-10YD","09/24/2024",33515
"Customer C-08165","SW-COMM-4","02/10/2019",10591
"Customer C-32022","SW-ROLLOFF-20YD","05/20/22",40463
"Customer C-42662","SW-RO-40YD","2022-05-04",59587
"Customer C-35909","SW-RO-30YD","07/12/2020",51409
"Customer C-31757","SW-RO-40YD","06-Jan-23",57834
"Customer C-06162","SW-COMM-2","07/20/23",10278
"Customer C-30646","SW-RO-10YD","28-Feb-24",32151
"Customer C-44218","SW-COMM-6","04/01/2019",13233
"Customer C-17088","SW-COMM-8YD","10/21/2023",19137
"Customer C-34313","SW-ROLLOFF-30YD","2023-02-21",47674
"Customer C-40622","SW-RO-10YD","05/21/2019",25212
"Customer C-01830","SW-ROLLOFF-10YD","05/05/2024",31404
"Customer C-28179","SW-RO-10YD","11/03/2020",32008
"Customer C-39951","SW-RO-40","11/04/2022",61017
"Customer C-35655","SW-COMM-8","2020-11-09",14696
"Customer C-19644","SW-ROLLOFF-10YD","12/09/23",28540
"Customer C-39101","SW-ROLLOFF-10YD","2020-03-19",32308
"Customer C-35747","SW-COMM-2","20-Jun-23",6035
"Customer C-25759","SW-RO-10","11/16/2024",34564
"Customer C-14803","SW-COMM-8YD","12/26/20",13176
"Customer C-03326","SW-COMM-6","2020-10-26",15974
"Customer C-24830","SW-ROLLOFF-10YD","09/20/2022",28489
"Customer C-30287","SW-ROLLOFF-10YD","2023-11-07",26096
"Customer C-14132","SW-ROLLOFF-20YD","02/15/2022",44831
"Customer C-30931","SW-RO-40YD","2020-01-12",64889
"Customer C-19870","SW-FL-4YD","05-May-20",15616
"Customer C-22534","SW-COMM-4YD","09/05/20",8084
"Customer C-37043","SW-COMM-6YD","02/03/24",16921
"Customer C-00047","SW-COMM-8","05/14/2021",16320
"Customer C-17027","SW-COMM-8YD","05/18/23",20503
"Customer C-32359","SW-ROLLOFF-30YD","07/20/2021",48380
"Customer C-11130","SW-ROLLOFF-20YD","09/28/22",44191
"Customer C-40168","SW-RO-20YD","08-Sep-20",44726
"Customer C-08080","SW-COMM-6","2024-01-28",15724
"Customer C-29641","SW-RO-10","07/12/2021",28157
"Customer C-42863","SW-ROLLOFF-40YD","08/16/2023",64254
"Customer C-00801","SW-COMM-4","01/16/20",11198
"Customer C-35953","SW-COMM-4","04-May-23",12149
"Customer C-03476","SW-RO-20YD","2019-03-21",44481
"Customer C-09091","SW-RO-20","08/12/2020",43950
"Customer C-15564","SW-RO-30","2024-06-02",45589
"Customer C-20182","SW-FL-8YD","07/20/2022",15337
"Customer C-26720","SW-COMM-4YD","01/14/2020",11019
"Customer C-19936","SW-FL-8YD","2021-03-14",13892
"Customer C-09086","SW-RO-10YD","15-Apr-20",29584
"Customer C-01382","SW-RO-40YD","07/04/2021",56708
"Customer C-16362","SW-COMM-4YD","10/07/21",14484
"Customer C-35729","SW-RO-40","02/02/20",63621
"Customer C-32753","SW-RO-30","2020-10-01",48630
"Customer C-42819","NOPE-1","07/21/2021",11031
"Customer C-02368","SW-COMM-6YD","11-Jan-24",11616
"Customer C-42185","SW-COMM-6","08/19/2020",19550
"Customer C-25436","SW-COMM-4","2024-03-25",11281
"Customer C-26352","SW-COMM-8","11/15/24",15837
"Customer C-26142","SW-COMM-2YD","01/08/2022",9974
"Customer C-01038","SW-FL-4YD","08-Nov-22",16223
"Customer C-13375","SW-RO-20","2022-09-03",36170
"Customer C-32372","SW-COMM-8","09/21/2023",18809
"Customer C-04716","SW-RO-40YD","02/26/2020",60736
"Customer C-02202","SW-ROLLOFF-30YD","04/07/24",51113
"Customer C-09012","SW-COMM-4YD","07/26/2020",15704
"Customer C-26244","SW-COMM-8","07/10/2023",15970
"Customer C-27060","SW-RO-10","18-Jan-23",32767
"Customer C-15083","SW-ROLLOFF-40YD","05/06/2021",62772
"Customer C-33209","SW-ROLLOFF-40YD","11/13/2019",58562
"Customer C-31974","SW-RES-1-BW","2021-04-23",48873
"Customer C-09814","SW-FL-8YD","06-Jun-24",14586
"Customer C-12712","SW-COMM-4","12/09/19",7137
"Customer C-03140","SW-RO-40YD","02/21/2020",59941
"Customer C-27353","SW-RES-1-M","20-Nov-19",34167
"Customer C-09387","SW-ROLLOFF-20YD","07/09/2020",37618
"Customer C-12070","SW-ROLLOFF-40YD","08/13/21",55177
"Customer C-32144","SW-FL-4YD","2019-10-08",16987
"Customer C-15498","SW-COMM-4","01-Apr-20",16960
"Customer C-34579","SW-ROLLOFF-30YD","06/27/2022",54600
"Customer C-38702","SW-FL-4YD","20-Mar-20",7085
"Customer C-11624","OLD-SVC-7","04/04/2021",10292
"Customer C-21506","SW-FL-8YD","08/11/2021",17277
"Customer C-06528","SW-RO-20","02/23/24",36761
"Customer C-08710","SW-RO-40YD","01/03/24",64533
"Customer C-30617","SW-RES-1-W","10/15/2022",8880
"Customer C-07789","SW-ROLLOFF-10YD","2019-09-01",32120
"Customer C-06758","SW-ROLLOFF-10YD","11/28/2020",32401
"Customer C-22376","SW-RO-20","03/03/2024",44904
"Customer C-19973","SW-COMM-8YD","01/22/2024",13845
"Customer C-41672","SW-COMM-2YD","26-Oct-20",6663
"Customer C-17346","SW-RO-10","2019-12-05",29545
"Customer C-13462","SW-FL-2YD","07-Nov-20",11588
"Customer C-12402","SW-FL-8YD","08/17/21",13350
"Customer C-07874","SW-RO-30","03/06/24",54554
"Customer C-36879","SW-COMM-2YD","10/26/2022",4602
"Customer C-20439","SW-RES-1-BW","03/14/2024",32581
"Customer C-33102","SW-COMM-2YD","11/13/19",11074
"Customer C-32401","SW-RO-30YD","07/27/2024",50199
"Customer C-34751","SW-COMM-4","05/26/23",8163
"Customer C-25051","SW-COMM-6YD","2022-06-04",13179
"Customer C-42604","SW-RO-20YD","2022-06-10",42223
"Customer C-02769","SW-RO-40","10/03/2020",57156
"Customer C-34800","SW-COMM-6YD","2022-01-19",15748
"Customer C-09446","LEGACY-CODE","12/15/2024",14800
"Customer C-11887","SW-COMM-4","02/05/2024",14438
"Customer C-37094","SW-FL-8YD","12-Feb-22",17911
"Customer C-14350","SW-ROLLOFF-30YD","04/05/2024",47839
"Customer C-07445","SW-RO-10","03/24/20",34785
"Customer C-03948","SW-ROLLOFF-20YD","12/17/23",42275
"Customer C-34852","SW-RES-1-W","03/03/24",30140
"Customer C-16226","SW-XX-99YD","2022-09-10",30601
"Customer C-08817","SW-COMM-6","2021-02-01",12234
"Customer C-01675","SW-ROLLOFF-30YD","2021-10-20",51347
"Customer C-36352","SW-COMM-8","07/22/2022",14082
"Customer C-01077","SW-COMM-8","09/21/2023",17509
"Customer C-35772","SW-COMM-6","10/17/2024",13666
"Customer C-13428","SW-RO-20","01/13/2019",36763
"Customer C-18317","SW-RO-20YD","09/14/23",38413
"Customer C-06781","SW-RO-20","12-Nov-19",36927
"Customer C-39220","SW-RO-30","2021-01-14",49436
"Customer C-42819","SW-ROLLOFF-30YD","05/19/2022",46095
"Customer C-15389","SW-ROLLOFF-10YD","2022-06-03",27258
"Customer C-06115","SW-RES-1-W","01/28/2024",52689
"Customer C-11105","SW-RO-30","02/19/2024",54201
"Customer C-32824","SW-RO-30YD","05/05/19",53134
"Customer C-37675","SW-RO-10YD","2024-11-20",29886
"Customer C-30043","SW-ROLLOFF-30YD","24-Nov-23",51938
"Customer C-09747","SW-RO-10","03-Jan-19",32977
"Customer C-39578","NOPE-1","2020-06-24",13849
"Customer C-20705","SW-RO-10","09/03/2024",28181
"Customer C-00994","SW-RES-1-W","04/24/2019",48765
"Customer C-26032","SW-COMM-4YD","02/09/2023",7235
"Customer C-22325","SW-FL-8YD","11/05/2021",21594
"Customer C-19815","SW-RO-10","14-Nov-21",26752
"Customer C-17243","SW-FL-6YD","2023-07-15",13720
"Customer C-14568","SW-RO-40","2023-05-28",62665
"Customer C-00966","SW-RO-10YD","09/26/2024",34371
"Customer C-22877","SW-COMM-2YD","13-Mar-22",5955
"Customer C-16078","SW-COMM-2","11/20/19",12953
"Customer C-11532","SW-COMM-4","2021-03-03",8984
"Customer C-07582","SW-ROLLOFF-40YD","25-Sep-24",62453
"Customer C-26540","SW-RES-1-BW","2019-02-27",53248
"Customer C-40024","SW-COMM-4","08-Jul-24",9692
"Customer C-21566","SW-COMM-2YD","14-Jul-23",4361
"Customer C-16120","SW-RO-30YD","11/03/2019",52680
"Customer C-44259","SW-ROLLOFF-40YD","15-Feb-20",61645
"Customer C-08824","SW-COMM-4YD","06/05/24",8603
"Customer C-22378","SW-COMM-6","01/15/21",10599
"Customer C-03318","SW-COMM-4","09/16/2020",12359
"Customer C-27333","SW-RES-1-W","08/10/19",43776
"Customer C-35121","SW-COMM-2","2022-02-22",9604
"Customer C-43973","SW-ROLLOFF-20YD","03/18/20",38952
"Customer C-36814","SW-COMM-8YD","02/07/19",16190
"Customer C-33265","SW-COMM-XX","04/18/2019",18474
"Customer C-28067","SW-ROLLOFF-40YD","03/26/24",57424
"Customer C-20437","SW-COMM-2","09/02/2019",6770
"Customer C-22495","SW-FL-8YD","04/15/2020",18323
"Customer C-06606","SW-RO-20YD","28-Nov-22",41621
"Customer C-05152","SW-FL-8YD","03/26/2020",17938
"Customer C-30821","SW-FL-4YD","2020-09-27",8965
"Customer C-34538","SW-ROLLOFF-10YD","06/11/20",27129
"Customer C-20540","SW-COMM-8YD","2024-11-14",13363
"Customer C-36316","SW-RES-1-BW","2024-02-12",4257
"Customer C-32711","SW-FL-4YD","2022-03-13",9701
"Customer C-26891","SW-RO-30","01/17/2021",48662
"Customer C-20293","SW-ROLLOFF-40YD","08/22/2023",56847
"Customer C-10471","SW-RO-10YD","21-Mar-21",29800
"Customer C-08713","SW-RES-1-M","08/04/23",16878
"Customer C-15728","SW-RO-30YD","2021-02-22",52196
"Customer C-16222","SW-RO-40YD","2020-10-02",60359
"Customer C-35756","SW-COMM-8YD","10/11/2021",17144
"Customer C-00174","SW-RO-20","2022-11-21",35013
"Customer C-38662","SW-ROLLOFF-40YD","12-Dec-22",57684
"Customer C-33878","SW-RO-40YD","06/16/2021",59385
"Customer C-37583","SW-COMM-4","09/21/2023",14531
"Customer C-08339","SW-RO-10YD","04/12/22",34195
"Customer C-00085","SW-RO-40","03-Sep-23",62006
"Customer C-38627","SW-ROLLOFF-40YD","06/24/2019",55098
"Customer C-36200","SW-RO-30","18-Mar-20",50775
"Customer C-34359","SW-COMM-4","08/16/20",13547
"Customer C-11241","SW-FL-6YD","11/23/2022",10357
"Customer C-26351","SW-ROLLOFF-10YD","12-Oct-19",29112
"Customer C-43248","SW-RO-20YD","02/11/19",36126
"Customer C-11604","SW-COMM-6YD","01/08/24",18347
"Customer C-22429","SW-COMM-8","05-Sep-23",20683
"Customer C-00916","SW-ROLLOFF-10YD","2024-04-26",27659
"Customer C-11227","SW-RO-30YD","2020-01-25",46751
"Customer C-26507","SW-ROLLOFF-20YD","08/03/2019",40868
"Customer C-28239","SW-RO-20","18-Sep-19",43582
"Customer C-33607","SW-FL-4YD","12/20/22",9750
"Customer C-24470","SW-RO-40","07/27/21",63879
"Customer C-40392","SW-RO-10YD","10/01/22",25359
"Customer C-01482","SW-ROLLOFF-20YD","06/11/2020",41478
"Customer C-00336","SW-RO-40","2021-05-13",58841
"Customer C-15342","SW-RO-30YD","03/17/2020",51529
"Customer C-44054","SW-RO-20","2024-11-22",35347
"Customer C-02841","SW-COMM-6","07/05/2020",11916
"Customer C-08216","SW-FL-2YD","04/11/2019",12776
"Customer C-06133","SW-RO-20YD","01/20/2023",36642
"Customer C-36186","SW-COMM-2","09/21/2021",6140
"Customer C-22959","SW-COMM-2YD","06/08/2022",7917
"Customer C-08837","SW-ROLLOFF-10YD","02/23/2024",28268
"Customer C-12867","SW-FL-4YD","05/28/2020",15464
"Customer C-14108","SW-FL-6YD","2021-01-22",11841
"Customer C-09451","SW-COMM-8YD","10/24/2022",22414
"Customer C-41405","SW-RO-40","2021-03-07",62900
"Customer C-18815","SW-COMM-8YD","2020-05-07",17631
"Customer C-43548","SW-RO-20","22-Apr-19",44093
"Customer C-21111","SW-RO-30","23-Jul-20",49873
"Customer C-26692","SW-ROLLOFF-10YD","2023-07-25",31314
"Customer C-09336","SW-ROLLOFF-10YD","2023-09-10",32893
"Customer C-14376","SW-FL-4YD","2022-07-22",15906
"Customer C-13849","SW-FL-6YD","2022-03-27",17732
"Customer C-02027","SW-COMM-2","26-Jun-23",8584
"Customer C-06865","SW-RO-30YD","26-May-23",45571
"Customer C-37452","SW-FL-8YD","12/13/22",18164
"Customer C-05980","SW-RO-30YD","03/22/2023",52575
"Customer C-01152","SW-RO-30YD","02/23/2019",46231
"Customer C-03229","SW-RO-10","2021-06-07",25706
"Customer C-20408","SW-ROLLOFF-10YD","08/25/24",32819
"Customer C-30542","SW-RES-1-M","2019-05-07",15982
"Customer C-43862","SW-XX-99YD","2021-10-22",14949
"Customer C-01864","SW-RO-40YD","05/12/2022",64943
"Customer C-08676","SW-COMM-6YD","04/22/2024",13684
"Customer C-29154","SW-ROLLOFF-30YD","2022-02-01",50388
"Customer C-43247","SW-ROLLOFF-20YD","26-Apr-19",41190
"Customer C-25876","SW-COMM-2YD","2019-10-17",11981
"Customer C-11341","SW-COMM-4","03/22/2020",7278
"Customer C-23624","SW-ROLLOFF-20YD","05-Dec-20",36382
"Customer C-35875","SW-RO-30YD","2021-07-08",54477
"Customer C-34263","SW-COMM-8YD","2021-02-09",19671
"Customer C-42232","SW-FL-2YD","07/12/2019",7792
"Customer C-39945","SW-RO-30","2022-09-08",53325
"Customer C-10904","OLD-SVC-7","2019-01-06",29101
"Customer C-43640","SW-FL-8YD","03/10/2022",14758
"Customer C-05384","SW-RES-1-W","2023-09-06",31273
"Customer C-24639","SW-COMM-8","2019-03-18",14630
"Customer C-09069","SW-ROLLOFF-10YD","06/21/24",29844
"Customer C-31873","SW-COMM-8","12/15/24",18036
"Customer C-30599","SW-COMM-8YD","07-Mar-22",21874
"Customer C-35273","SW-ROLLOFF-30YD","07/15/20",47021
"Customer C-13676","SW-RO-40","10/12/2020",55389
"Customer C-38000","SW-FL-2YD","01-May-23",9186
"Customer C-36695","SW-COMM-XX","2019-11-10",8015
"Customer C-17994","SW-RO-20","2019-03-28",38954
"Customer C-09809","SW-COMM-8YD","12/15/23",15830
"Customer C-19458","SW-FL-6YD","03/07/2021",18694
"Customer C-24715","SW-COMM-6YD","2019-09-28",12465
"Customer C-34956","SW-RO-40YD","08/27/2024",58386
"Customer C-35731","SW-RO-10","04/22/2023",34295
"Customer C-10654","SW-COMM-6","01/07/20",17183
"Customer C-35739","SW-COMM-XX","10/24/23",19786
"Customer C-01699","SW-FL-6YD","12/18/2020",11809
"Customer C-05852","SW-FL-4YD","05-Jul-19",16221
"Customer C-29592","LEGACY-CODE","02/08/2022",60736
"Customer C-10064","SW-RO-20","03/14/24",36283
"Customer C-15623","SW-COMM-6","2022-05-25",16288
"Customer C-01119","SW-COMM-4YD","03/23/2020",13200
"Customer C-10434","SW-RO-30YD","2021-12-05",47895
"Customer C-18630","SW-RES-1-M","2021-10-20",51691
"Customer C-11610","SW-RO-10","02/05/2023",25860
"Customer C-09721","SW-COMM-6YD","2021-03-05",14072
"Customer C-15322","SW-COMM-2YD","07/09/21",6108
"Customer C-24988","SW-RO-10YD","02/09/2021",28322
"Customer C-04143","SW-COMM-2","11/01/2021",4926
"Customer C-19334","SW-FL-2YD","16-Jul-24",7986
"Customer C-12787","SW-RES-1-BW","2024-04-17",14239
"Customer C-34928","SW-ROLLOFF-40YD","02/27/2022",64217
"Customer C-26974","SW-RO-10YD","07/15/19",32652
"Customer C-07948","SW-COMM-6","05/22/23",14594
"Customer C-10624","SW-RO-10","03/21/2019",30329
"Customer C-19588","SW-COMM-4YD","03/22/2020",9595
"Customer C-17886","SW-RO-10","06/02/2022",33124
"Customer C-27245","SW-RO-30","01/22/2023",51722
"Customer C-15235","SW-FL-8YD","01/14/20",15373
"Customer C-44019","SW-FL-6YD","2022-04-15",14865
"Customer C-02470","SW-FL-4YD","03/14/2021",13733
"Customer C-29864","SW-RES-1-W","13-May-20",52471
"Customer C-13025","SW-RES-1-W","2019-05-24",31169
"Customer C-13185","SW-FL-8YD","04/17/2022",19759
"Customer C-39689","SW-RES-1-BW","11/24/24",32797
"Customer C-40918","OLD-SVC-7","04/23/24",33769
"Customer C-16379","SW-COMM-6YD","02/23/2021",15949
"Customer C-04270","SW-COMM-2","01-Oct-19",12006
"Customer C-27064","SW-RO-40YD","2024-02-13",61672
"Customer C-02437","SW-RO-40YD","12/19/2019",60202
"Customer C-04815","SW-RO-10YD","2019-11-14",26712
"Customer C-06968","SW-ROLLOFF-10YD","10/11/23",30075
"Customer C-38201","LEGACY-CODE","2022-07-19",18888
"Customer C-32935","SW-RO-30","22-Dec-22",48385
"Customer C-44455","SW-ROLLOFF-40YD","11-Jul-22",60874
"Customer C-37417","SW-RO-30","04/18/2020",54426
"Customer C-08948","SW-RO-20YD","10/11/2022",36864
"Customer C-36626","SW-COMM-8","04/10/21",21832
"Customer C-35306","SW-COMM-2YD","09/27/2023",6576
"Customer C-19702","SW-FL-6YD","08-Oct-19",19509
"Customer C-40221","SW-COMM-8","07-Jan-24",18558
"Customer C-40245","SW-RO-40","02/02/2019",55174
"Customer C-15050","SW-COMM-8YD","05/20/2019",19409
"Customer C-03439","SW-COMM-6YD","2022-09-02",16602
"Customer C-27264","SW-FL-8YD","07/12/2020",22278
"Customer C-40490","SW-FL-6YD","12-Apr-23",15447
"Customer C-07117","SW-RO-30YD","04/09/2021",46894
"Customer C-34417","SW-RO-40","2021-03-23",63752
"Customer C-37164","SW-COMM-4","07/18/2020",12624
"Customer C-05254","SW-RO-30YD","01/10/2022",53868
"Customer C-37080","SW-RO-10","05/03/2019",26107
"Customer C-21236","SW-ROLLOFF-10YD","2020-02-28",34665
"Customer C-25035","SW-FL-2YD","11/14/2020",12772
"Customer C-02593","SW-COMM-4YD","01/14/24",7779
"Customer C-17481","SW-FL-2YD","08/17/24",7604
"Customer C-01635","SW-RES-1-M","02/26/2022",63937
"Customer C-34216","SW-RO-40","2021-04-04",60743
"Customer C-33935","SW-ROLLOFF-20YD","06/08/2020",39502
"Customer C-38407","SW-COMM-2","25-Apr-20",7658
"Customer C-11608","SW-ROLLOFF-20YD","2020-01-26",44537
"Customer C-30764","SW-ROLLOFF-20YD","2021-10-28",40154
"Customer C-24219","SW-RO-10","18-Aug-19",28101
"Customer C-32589","SW-FL-4YD","2024-07-04",12618
"Customer C-31183","SW-COMM-4YD","14-Feb-22",14294
"Customer C-25839","SW-RO-20","12/06/2023",35985
"Customer C-13841","SW-ROLLOFF-20YD","12/07/2020",41366
"Customer C-40626","SW-RO-40","04/03/2021",56025
"Customer C-43639","LEGACY-CODE","08/27/2019",35339
"Customer C-22103","SW-FL-4YD","11/08/23",8078
"Customer C-07601","SW-COMM-4YD","2019-08-08",15156
"Customer C-08648","SW-RO-30YD","06/16/20",54886
"Customer C-11220","SW-RO-20YD","25-Feb-21",41366
"Customer C-10538","SW-FL-4YD","09-May-22",13832
"Customer C-39919","SW-RO-40","09/16/20",61972
"Customer C-29968","SW-COMM-4YD","06/04/2023",8768
"Customer C-44731","NOPE-1","02-Nov-24",56378
"Customer C-21066","SW-RES-1-M","2022-11-16",52785
"Customer C-21328","SW-RO-20","2024-01-18",44831
"Customer C-10613","SW-COMM-6","07/25/2020",16668
"Customer C-20292","SW-FL-4YD","08/23/2019",12711
"Customer C-30041","SW-ROLLOFF-40YD","01/14/2019",55394
"Customer C-18429","SW-COMM-6YD","2023-12-14",10371
"Customer C-21385","SW-RO-10","07/04/2023",25563
"Customer C-26735","SW-RES-1-BW","08/25/2020",14547
"Customer C-17583","SW-COMM-2YD","10/23/2019",12115
"Customer C-02579","SW-COMM-2","01/01/2023",9393
"Customer C-12354","SW-RO-20YD","07/01/19",43028
"Customer C-09501","SW-FL-6YD","2023-02-19",19450
"Customer C-40625","SW-COMM-6YD","11/22/2024",19668
"Customer C-10975","SW-FL-6YD","06/17/2024",16810
"Customer C-14674","SW-FL-6YD","2020-07-05",11881
"Customer C-38930","SW-RO-20YD","12/02/2022",38012
"Customer C-06981","SW-RES-1-M","2024-02-18",57833
"Customer C-23544","SW-RO-10","03-Jul-22",25412
"Customer C-43530","SW-COMM-4","2019-06-24",13805
"Customer C-44387","SW-ROLLOFF-40YD","09/09/2022",58377
"Customer C-35732","SW-ROLLOFF-10YD","2021-06-21",28986
"Customer C-01902","SW-COMM-XX","02/22/2022",62901
"Customer C-11370","SW-RO-20","06/19/24",40647
"Customer C-21231","SW-FL-4YD","06/11/2023",13952
"Customer C-11312","SW-ROLLOFF-10YD","2024-11-03",32991
"Customer C-03739","SW-COMM-6","2020-09-15",18349
"Customer C-10192","SW-RO-20","2020-12-04",43239
"Customer C-35614","SW-COMM-6YD","05/28/2020",18504
"Customer C-27799","SW-RO-30","10/07/2024",50150
"Customer C-43135","SW-RES-1-BW","24-Apr-23",48645
"Customer C-08199","SW-FL-4YD","04-Aug-24",16855
"Customer C-21514","SW-COMM-2YD","07/21/21",4756
"Customer C-16935","SW-RES-1-M","2022-10-06",35319
"Customer C-33880","SW-COMM-4YD","10/02/23",10844
"Customer C-37792","SW-ROLLOFF-30YD","11/09/2019",49175
"Customer C-05722","SW-FL-4YD","08/16/22",10519
"Customer C-31498","SW-COMM-8","12/18/2021",18669
"Customer C-35087","SW-COMM-XX","28-Mar-22",20589
"Customer C-08418","SW-ROLLOFF-40YD","06/22/2023",61885
"Customer C-39959","SW-COMM-6","18-Sep-23",10507
"Customer C-39250","SW-COMM-2YD","03/16/22",8669
"Customer C-37451","SW-RO-10YD","2022-12-18",26693
"Customer C-29727","SW-RO-40","02-Oct-22",58479
"Customer C-39767","SW-RES-1-W","05/22/2022",45200
"Customer C-37561","SW-FL-8YD","2019-02-17",15447
"Customer C-26266","SW-COMM-4","11/08/2019",16287
"Customer C-28181","SW-FL-8YD","05/16/2021",15257
"Customer C-12148","SW-FL-8YD","12/10/2019",18658
"Customer C-41793","SW-COMM-8YD","12/18/2021",18857
"Customer C-12544","SW-RES-1-W","02/25/19",12876
"Customer C-17198","SW-COMM-6YD","09/26/20",17131
"Customer C-40289","SW-FL-4YD","03-Dec-23",13632
"Customer C-37999","SW-ROLLOFF-10YD","2024-03-21",27030
"Customer C-06469","SW-FL-2YD","07-Feb-24",8980
"Customer C-31705","SW-RO-40","08/10/2021",62140
"Customer C-22704","SW-RO-20","09/14/2019",44644
"Customer C-30532","SW-COMM-2YD","28-Sep-20",11846
"Customer C-16262","SW-RES-1-M","11/06/2024",15528
"Customer C-21178","LEGACY-CODE","08/15/2020",15918
"Customer C-38846","SW-FL-4YD","2023-03-19",11796
"Customer C-33155","SW-COMM-6","01-Mar-21",13450
"Customer C-00582","SW-COMM-4YD","28-Feb-20",15328
"Customer C-37369","SW-RO-40","06/28/2019",62304
"Customer C-42216","SW-ROLLOFF-40YD","03/11/2024",56658
"Customer C-08017","SW-FL-6YD","2024-09-06",12665
"Customer C-37420","SW-RO-40","11/13/2023",56337
"Customer C-37099","SW-RO-10","05/16/2024",25953
"Customer C-28280","SW-FL-8YD","02/05/21",17132
"Customer C-19557","SW-COMM-8YD","2021-04-10",21380
"Customer C-29451","SW-COMM-6","2020-04-16",12576
"Customer C-02998","SW-ROLLOFF-30YD","2022-12-20",49104
"Customer C-00497","SW-RO-40","12/28/2019",61341
"Customer C-24195","SW-RO-10","11/12/2020",27937
"Customer C-11801","SW-COMM-6","2020-09-27",15812
"Customer C-33235","SW-COMM-2","04-Dec-23",9985
"Customer C-00281","SW-RO-40","08/20/2023",57293
"Customer C-44466","SW-RO-20YD","04/24/20",40935
"Customer C-18678","SW-RES-1-W","05/22/2019",28690
"Customer C-43904","SW-COMM-8","2024-06-26",16064
"Customer C-22184","SW-COMM-2","02/22/2019",7160
"Customer C-10681","SW-FL-2YD","2019-01-12",5818
"Customer C-34941","SW-RO-40YD","03/12/2020",59210
"Customer C-31584","SW-RO-10YD","06-Jul-22",31734
"Customer C-16716","SW-RO-40YD","09/23/24",58257
"Customer C-08089","SW-RO-40YD","11/08/21",58730
"Customer C-05312","SW-COMM-4YD","08/10/2023",14325
"Customer C-05543","SW-RES-1-M","09-Jul-21",11075
"Customer C-28986","SW-COMM-2","21-Apr-21",13625
"Customer C-12951","SW-COMM-XX","2021-03-01",48619
"Customer C-01704","SW-COMM-2","11/17/2021",8521
"Customer C-32804","SW-ROLLOFF-10YD","2022-10-08",25064
"Customer C-33462","SW-COMM-8","21-Jan-24",21723
"Customer C-14938","SW-ROLLOFF-20YD","07/26/2021",38801
"Customer C-31281","SW-ROLLOFF-30YD","08/21/21",52825
"Customer C-22606","SW-COMM-8","23-Oct-22",17938
"Customer C-36047","SW-ROLLOFF-30YD","12-Jan-23",54987
"Customer C-43088","SW-RO-40","08/22/2019",62765
"Customer C-32210","SW-ROLLOFF-20YD","08/12/2023",39390
"Customer C-04190","SW-ROLLOFF-10YD","2021-09-13",29871
"Customer C-13179","SW-FL-8YD","10/22/2019",15234
"Customer C-29484","SW-COMM-2","06-Apr-24",8964
"Customer C-21190","SW-RO-20","2021-02-14",36648
"Customer C-21029","SW-RO-40","2024-05-17",55234
"Customer C-01032","SW-COMM-8","04/18/19",21624
"Customer C-30786","SW-RO-30YD","06/18/2019",50717
"Customer C-19781","SW-COMM-4","06/05/22",15254
"Customer C-02306","SW-FL-4YD","11/06/2024",14890
"Customer C-38117","SW-RO-20","25-Aug-21",41153
"Customer C-04515","SW-COMM-4","03/25/2020",8287
"Customer C-33598","SW-RES-1-BW","2021-11-23",13854
"Customer C-43500","SW-ROLLOFF-20YD","2022-06-07",35222
"Customer C-06040","SW-RO-20","07/24/2020",44656
"Customer C-36564","SW-FL-2YD","07-Nov-24",6120
"Customer C-31213","SW-ROLLOFF-30YD","08/03/20",48749
"Customer C-43519","SW-ROLLOFF-20YD","10/09/2021",38801
"Customer C-06868","SW-RO-30","02/02/23",52065
"Customer C-20866","SW-FL-2YD","2022-02-02",7119
"Customer C-30565","SW-RO-40","03/18/2022",60018
"Customer C-01472","SW-COMM-4","2022-10-27",11132
"Customer C-42510","SW-RO-40","2023-04-07",57529
"Customer C-18426","SW-RO-40","22-Mar-19",60628
"Customer C-32090","SW-COMM-2","01/10/24",9644
"Customer C-09038","SW-RO-30YD","02-Nov-22",46380
"Customer C-02723","SW-COMM-6","11-May-23",12187
"Customer C-28396","SW-COMM-4","12/16/2022",13480
"Customer C-33934","SW-RO-20","06/05/2020",44743
"Customer C-01660","SW-RO-30YD","11-Dec-19",49277
"Customer C-26187","SW-FL-8YD","2023-11-01",16950
"Customer C-29228","SW-ROLLOFF-20YD","02/04/22",42875
"Customer C-26200","SW-ROLLOFF-10YD","04/25/2023",28611
"Customer C-01785","SW-ROLLOFF-20YD","10-Apr-24",37054
"Customer C-24047","SW-COMM-8","2022-07-02",21568
"Customer C-35978","SW-RO-20YD","07/20/22",35046
"Customer C-19873","SW-RES-1-M","12-Sep-21",39008
"Customer C-03774","SW-RO-20YD","2020-02-21",38943
"Customer C-37670","SW-RES-1-W","2022-03-06",27714
"Customer C-10290","SW-RES-1-M","12/25/2021",15398
"Customer C-40014","SW-COMM-8","11/14/21",16196
"Customer C-26021","SW-RO-10","2024-01-18",29351
"Customer C-19762","SW-RO-30","2021-09-01",49024
"Customer C-03054","SW-RO-20","2019-06-05",42103
"Customer C-05912","SW-RES-1-BW","03/14/22",12976
"Customer C-00805","SW-ROLLOFF-30YD","05/11/2023",52352
"Customer C-05138","SW-COMM-4YD","2024-11-02",7620
"Customer C-38149","SW-RES-1-W","24-Oct-20",49875
"Customer C-01079","SW-RES-1-W","10/14/2020",11579
"Customer C-01214","SW-RO-10YD","01/02/2021",27953
"Customer C-26673","SW-COMM-4YD","10/14/24",13131
"Customer C-23777","SW-RES-1-BW","06/17/2022",17039
"Customer C-09320","SW-RO-30","2022-04-25",48229
"Customer C-04511","SW-RO-30YD","2023-02-10",49020
"Customer C-20729","SW-RO-20YD","02/12/2024",37518
"Customer C-00109","SW-COMM-2","01/11/2019",6065
"Customer C-19720","SW-RES-1-W","2022-02-19",7061
"Customer C-27434","SW-COMM-2YD","2020-08-25",9072
"Customer C-12539","OLD-SVC-7","2022-05-25",38385
"Customer C-15693","SW-COMM-8YD","2022-09-02",18028
"Customer C-10901","SW-RO-20YD","10/07/2022",40501
"Customer C-16798","SW-COMM-XX","10/24/20",43911
"Customer C-21643","SW-RO-20YD","2024-07-17",44684
"Customer C-21742","SW-FL-8YD","2019-06-05",21371
"Customer C-42720","SW-RO-20YD","25-May-22",36745
"Customer C-19629","SW-FL-6YD","02/19/2020",18203
"Customer C-06886","SW-RO-10YD","12/21/2023",26892
"Customer C-00595","SW-RO-20","21-Aug-23",44045
"Customer C-35421","SW-FL-4YD","2019-07-17",11364
"Customer C-43004","SW-RO-20","20-May-19",40357
"Customer C-37797","SW-COMM-2","08/13/23",11881
"Customer C-13704","SW-FL-2YD","03/03/22",6311
"Customer C-10214","SW-COMM-4YD","04/17/22",8293
"Customer C-20991","SW-FL-2YD","01/24/2023",13404
"Customer C-13989","SW-RO-40","2019-03-07",64273
"Customer C-37226","LEGACY-CODE","11/11/2021",4586
"Customer C-24786","SW-RO-40YD","08-Jun-20",60179
"Customer C-00700","SW-COMM-2","04/21/2024",6070
"Customer C-10505","SW-COMM-XX","08-Feb-20",50763
"Customer C-26754","SW-FL-4YD","2021-12-25",12599
"Customer C-34485","SW-RES-1-W","05/01/23",6618
"Customer C-11401","NOPE-1","11/22/2022",12222
"Customer C-35875","SW-FL-2YD","05/27/2021",10801
"Customer C-08998","SW-COMM-6YD","2020-08-07",18103
"Customer C-12336","SW-RO-20YD","10/20/2020",38872
"Customer C-03187","SW-FL-4YD","06/19/2024",8406
"Customer C-20761","SW-COMM-2","13-Mar-23",11154
"Customer C-24811","SW-COMM-2YD","24-Sep-24",12363
"Customer C-17002","SW-RO-10YD","04/26/20",30644
"Customer C-39336","SW-RES-1-BW","03/20/19",10893
"Customer C-34639","SW-FL-8YD","10/26/22",22802
"Customer C-03496","SW-ROLLOFF-40YD","02/07/2020",62070
"Customer C-27980","SW-RO-40","2023-12-14",57722
"Customer C-40014","LEGACY-CODE","09/13/2024",42636
"Customer C-41150","SW-COMM-2YD","06-Apr-23",12011
"Customer C-20633","SW-COMM-2YD","04/01/2019",8993
"Customer C-16884","SW-COMM-XX","11-May-24",45286
"Customer C-31295","SW-COMM-4YD","11-Sep-19",10007
"Customer C-05176","SW-RO-40YD","08/07/2024",56906
"Customer C-02899","SW-FL-4YD","05/07/24",13139
"Customer C-13870","SW-COMM-2YD","2019-03-10",8636
"Customer C-26024","SW-RO-20YD","09/24/2021",44006
"Customer C-44102","SW-COMM-4YD","24-Jan-21",12543
"Customer C-07355","SW-FL-6YD","02-Jul-21",19152
"Customer C-01678","SW-RES-1-W","26-Jan-19",15893
"Customer C-19385","SW-ROLLOFF-10YD","06-Mar-24",27883
"Customer C-32343","SW-ROLLOFF-10YD","04/07/22",31417
"Customer C-01303","SW-FL-4YD","2021-06-21",12431
"Customer C-03960","SW-ROLLOFF-10YD","13-Jun-23",28435
"Customer C-38656","SW-RO-10YD","17-Jul-19",33396
"Customer C-26293","SW-RO-40","2022-06-10",61129
"Customer C-28213","SW-ROLLOFF-30YD","2022-12-22",53965
"Customer C-10116","SW-COMM-8YD","02/13/2019",14241
"Customer C-33934","SW-RES-1-M","02/09/2024",53740
"Customer C-04335","SW-XX-99YD","2023-07-01",40579
"Customer C-23008","SW-COMM-4YD","11/09/2021",11431
"Customer C-30176","SW-COMM-2YD","05/26/22",9861
"Customer C-33910","SW-FL-6YD","05/05/2023",13814
"Customer C-00066","SW-RO-10","11/23/21",31127
"Customer C-11684","SW-RO-20","04/18/2020",43866
"Customer C-26224","SW-RO-30YD","05-Sep-20",52682
"Customer C-36986","SW-COMM-4","18-Jul-22",8769
"Customer C-29617","SW-ROLLOFF-20YD","09/20/2023",40097
"Customer C-36879","SW-COMM-4YD","10/03/2021",12683
"Customer C-37669","SW-RO-20YD","2023-08-20",36149
"Customer C-14364","LEGACY-CODE","03/23/2022",14607
"Customer C-33347","SW-COMM-2YD","11/07/19",8538
"Customer C-03878","SW-ROLLOFF-20YD","2019-09-13",42701
"Customer C-01476","SW-FL-6YD","01/04/21",19958
"Customer C-28147","SW-ROLLOFF-30YD","2024-07-10",51752
"Customer C-37028","SW-FL-4YD","21-Nov-23",14145
"Customer C-19982","SW-ROLLOFF-10YD","07/12/2022",28598
"Customer C-43901","SW-RO-40","09/08/2019",57362
"Customer C-18210","SW-COMM-4YD","16-Jul-24",14796
"Customer C-31377","SW-RO-20YD","2020-10-18",42353
"Customer C-41898","SW-ROLLOFF-10YD","03/19/20",31178
"Customer C-17894","SW-RO-20","2024-06-05",43256
"Customer C-29695","SW-FL-2YD","15-Jul-20",7984
"Customer C-38830","SW-ROLLOFF-20YD","05/03/19",42390
"Customer C-06505","SW-ROLLOFF-10YD","06/11/2023",31934
"Customer C-21530","SW-COMM-2","2021-11-27",7442
"Customer C-00618","SW-RO-20YD","03/25/24",37540
"Customer C-42223","SW-COMM-6","04/20/19",17931
"Customer C-39941","SW-COMM-8","09/02/2021",13504
"Customer C-16805","SW-RO-40YD","28-Feb-21",58831
"Customer C-01240","SW-RO-20","2020-02-11",37814
"Customer C-18091","SW-COMM-4YD","05/19/2022",12319
"Customer C-09769","SW-COMM-6","14-Oct-24",12861
"Customer C-10465","SW-RO-30","18-May-21",45641
"Customer C-20252","SW-ROLLOFF-40YD","06-Feb-24",62595
"Customer C-15567","SW-COMM-8YD","2020-02-08",16066
"Customer C-17265","SW-COMM-2YD","01/07/2023",4354
"Customer C-25890","SW-RO-40","08-Jan-21",61672
"Customer C-09924","SW-RO-40YD","2019-06-22",58824
"Customer C-22237","SW-ROLLOFF-40YD","15-Feb-20",55584
"Customer C-32171","SW-RES-1-BW","09/13/2020",18056
"Customer C-07923","SW-RES-1-W","01/11/2021",8429
"Customer C-01851","SW-ROLLOFF-40YD","20-May-20",62636
"Customer C-01519","SW-RO-30","10/15/2022",50482
"Customer C-24971","SW-ROLLOFF-10YD","14-Sep-21",30437
"Customer C-15863","SW-COMM-4YD","14-Jul-21",7586
"Customer C-25419","SW-RO-20YD","07-Feb-20",40433
"Customer C-31370","SW-RO-30YD","02/14/21",50565
"Customer C-31275","SW-ROLLOFF-20YD","2022-07-24",36558
"Customer C-03473","SW-ROLLOFF-30YD","05/06/20",48776
"Customer C-03559","SW-RES-1-M","09/08/2021",53295
"Customer C-32014","SW-RO-10YD","10/25/2022",30309
"Customer C-28231","SW-COMM-2YD","25-Nov-21",8855
"Customer C-38312","SW-RO-20","11/01/2022",36577
"Customer C-08233","SW-ROLLOFF-10YD","2022-09-25",27629
"Customer C-40434","SW-COMM-4YD","2023-05-08",9367
"Customer C-28848","SW-RES-1-M","12/27/2021",21307
"Customer C-32115","SW-COMM-4YD","2022-06-03",10491
"Customer C-10632","SW-ROLLOFF-20YD","07/23/21",38492
"Customer C-17795","SW-ROLLOFF-30YD","03/26/2019",46663
"Customer C-13593","SW-ROLLOFF-10YD","2023-12-01",33420
"Customer C-37478","SW-FL-4YD","2024-09-14",14568
"Customer C-24007","SW-COMM-8YD","08/09/2023",20808
"Customer C-20503","NOPE-1","2020-04-21",56491
"Customer C-23122","SW-COMM-4","07/23/21",13298
"Customer C-38706","NOPE-1","2023-03-06",5220
"Customer C-28350","SW-RO-30","2019-12-01",49255
"Customer C-03070","SW-RO-10","08/23/23",29809
"Customer C-10302","SW-COMM-4","2020-12-07",12685
"Customer C-40724","SW-COMM-6YD","08/06/2024",16063
"Customer C-15447","SW-ROLLOFF-10YD","21-Aug-20",29976
"Customer C-26952","SW-FL-2YD","08/08/2023",4259
"Customer C-28682","SW-COMM-2","12/15/2021",10493
"Customer C-16999","SW-COMM-4","04/24/2021",12303
"Customer C-22830","SW-RES-1-W","06/02/2024",36311
"Customer C-11198","SW-COMM-8YD","2022-01-08",19590
"Customer C-37959","SW-RO-20YD","2022-08-20",37756
"Customer C-29107","SW-COMM-8YD","01/24/22",22010
"Customer C-08253","SW-FL-4YD","01-Feb-21",15800
"Customer C-01139","SW-ROLLOFF-10YD","2024-11-21",31171
"Customer C-41050","SW-RES-1-BW","10/27/2024",18460
"Customer C-44405","SW-COMM-2YD","08/08/2023",12059
"Customer C-33194","SW-FL-2YD","01/04/2021",7638
"Customer C-37055","SW-RES-1-BW","07/27/24",46878
"Customer C-02426","SW-FL-4YD","12/01/24",8526
"Customer C-21393","SW-COMM-6YD","03/23/24",19042
"Customer C-38853","SW-XX-99YD","01/13/19",31859
"Customer C-08162","SW-RO-20YD","2023-01-22",35580
"Customer C-10846","SW-FL-2YD","02/03/2019",4291
"Customer C-04951","SW-RES-1-M","17-Oct-21",58976
"Customer C-25439","SW-FL-6YD","03/08/2024",10730
"Customer C-00723","SW-FL-4YD","07/27/22",10818
"Customer C-27215","SW-COMM-8YD","06/25/20",14903
"Customer C-18475","SW-COMM-6YD","20-Mar-23",19875
"Customer C-01831","SW-FL-4YD","07-Apr-22",15803
"Customer C-12789","SW-RO-40YD","2022-05-08",63759
"Customer C-35241","SW-RO-10","2023-11-15",32157
"Customer C-09451","SW-ROLLOFF-10YD","20-Jan-19",26484
"Customer C-00856","SW-COMM-8YD","2024-02-17",20887
"Customer C-29500","SW-COMM-XX","23-Dec-23",4932
"Customer C-28216","SW-COMM-4YD","09/24/22",8641
"Customer C-09088","OLD-SVC-7","12/10/20",50686
"Customer C-35612","SW-COMM-4","06/03/2024",12762
"Customer C-33982","SW-ROLLOFF-30YD","03/21/20",52870
"Customer C-11619","SW-FL-2YD","02/24/19",5209
"Customer C-12950","SW-ROLLOFF-30YD","2024-10-17",54543
"Customer C-04958","SW-RES-1-BW","2024-05-28",28984
"Customer C-07026","NOPE-1","01/15/2023",26655
"Customer C-00844","OLD-SVC-7","09/21/22",10705
"Customer C-24139","SW-FL-6YD","11/07/2019",11140
"Customer C-27580","SW-COMM-2YD","2019-09-21",10299
"Customer C-31886","SW-ROLLOFF-30YD","2020-05-18",47358
"Customer C-08010","SW-RO-20","09/11/2019",36292
"Customer C-30665","SW-COMM-4","11/21/2019",13359
"Customer C-21125","SW-RO-40YD","09/19/2022",63986
"Customer C-29031","SW-RO-20","27-Jun-19",38688
"Customer C-42030","SW-RES-1-W","07/23/2020",48899
"Customer C-21883","SW-COMM-2YD","2024-12-12",7388
"Customer C-01113","OLD-SVC-7","20-Aug-22",17801
"Customer C-19888","SW-RO-20","2021-12-09",36995
"Customer C-10225","SW-COMM-4YD","10/06/19",8374
"Customer C-31735","SW-RO-10YD","05/10/2019",29813
"Customer C-24446","NOPE-1","07/09/2020",32695
"Customer C-17489","SW-COMM-XX","08/07/21",51655
"Customer C-06961","SW-COMM-6","2021-07-04",19892
"Customer C-04276","SW-RO-30YD","05/07/2021",49404
"Customer C-17209","SW-RO-10","04/18/2021",26171
"Customer C-16015","SW-FL-4YD","05/04/24",10844
"Customer C-15177","SW-RO-10","04/05/2023",29770
"Customer C-27845","SW-ROLLOFF-20YD","09-Jun-20",43477
"Customer C-12438","SW-RO-20YD","11/13/2021",42481
"Customer C-10020","SW-ROLLOFF-20YD","08-Jul-20",35289
"Customer C-41672","SW-RO-40YD","07/23/24",57875
"Customer C-44699","SW-RO-40","02/11/2019",57536
"Customer C-04892","SW-COMM-2","12/23/2021",5586
"Customer C-27762","SW-ROLLOFF-10YD","2022-05-05",25651
"Customer C-04434","SW-COMM-8YD","2022-06-10",17307
"Customer C-01578","SW-RO-30YD","07/01/2021",48839
"Customer C-16071","SW-RO-10YD","28-Jan-22",29740
"Customer C-00735","SW-RO-10YD","2022-02-12",29448
"Customer C-13178","OLD-SVC-7","11/08/23",28653
"Customer C-26709","SW-RO-40","02/14/20",63511
"Customer C-33484","SW-ROLLOFF-30YD","09/12/2019",48374
"Customer C-28934","SW-RES-1-M","04/01/23",13195
"Customer C-12665","SW-RO-10YD","11/02/2023",28216
"Customer C-34430","SW-COMM-6","11/02/2024",19773
"Customer C-27605","SW-COMM-2","2021-08-20",10679
"Customer C-29383","SW-FL-6YD","2023-09-05",10651
"Customer C-31903","SW-COMM-2YD","03/27/24",9161
"Customer C-39878","SW-COMM-2YD","2022-03-10",10183
"Customer C-36888","SW-ROLLOFF-30YD","05/09/2019",52330
"Customer C-24793","SW-ROLLOFF-40YD","04/06/2024",58763
"Customer C-00566","OLD-SVC-7","2023-06-09",14109
"Customer C-07547","SW-RO-30","07/27/2021",50588
"Customer C-12005","SW-FL-8YD","06/03/2022",16193
"Customer C-00825","SW-COMM-8YD","23-Apr-22",14490
"Customer C-17993","SW-COMM-4","2023-11-27",14717
"Customer C-29709","SW-RO-30","02-Jan-19",46770
"Customer C-41875","SW-FL-4YD","05/24/2019",11630
"Customer C-27203","SW-FL-2YD","12-May-19",11996
"Customer C-13759","SW-RO-30","11-Jun-19",47789
"Customer C-29605","SW-ROLLOFF-30YD","12/06/19",48409
"Customer C-15915","SW-ROLLOFF-30YD","04/25/2023",51372
"Customer C-40741","SW-COMM-6","02/15/2019",11645
"Customer C-31891","SW-RO-40YD","13-Sep-24",57895
"Customer C-44784","SW-RO-20","05/12/21",38456
"Customer C-14431","SW-RO-10","2022-09-11",26934
"Customer C-12128","SW-ROLLOFF-30YD","2019-08-10",47102
"Customer C-05275","SW-COMM-4","2021-10-28",10955
"Customer C-29438","SW-RO-40YD","2021-06-07",64209
"Customer C-14646","LEGACY-CODE","2024-10-24",58376
"Customer C-20268","SW-COMM-4YD","02/08/2024",12676
"Customer C-06115","SW-ROLLOFF-10YD","08/01/2022",32135
"Customer C-09052","SW-RES-1-M","11-Jan-24",60712
"Customer C-15754","SW-RO-40YD","14-Oct-24",59712
"Customer C-05822","SW-RO-20","2021-11-28",39726
"Customer C-40195","SW-ROLLOFF-30YD","2021-10-04",52829
"Customer C-23178","SW-ROLLOFF-10YD","2022-05-19",26573
"Customer C-28993","SW-XX-99YD","24-Dec-22",17513
"Customer C-34999","SW-XX-99YD","2023-09-03",31784
"Customer C-33245","SW-RO-30YD","2023-12-28",51767
"Customer C-13379","SW-ROLLOFF-40YD","08/28/2021",58630
"Customer C-15801","SW-COMM-4YD","06-Nov-23",7374
"Customer C-22696","SW-FL-8YD","05/18/2022",13604
"Customer C-43492","SW-RO-20YD","06/16/24",36293
"Customer C-00928","SW-COMM-6YD","05/05/19",13105
"Customer C-18713","SW-RO-20YD","08/26/19",38217
"Customer C-15186","SW-RO-20","09/28/2024",38173
"Customer C-23266","SW-RES-1-W","03/20/23",19996
"Customer C-10549","SW-RO-40","04/02/19",64798
"Customer C-08327","SW-FL-2YD","01/07/2019",13993
"Customer C-16939","SW-RO-30","06/11/22",52055
"Customer C-16667","SW-RO-40YD","01/05/19",61201
"Customer C-33377","SW-RO-20YD","2020-01-02",36210
"Customer C-12626","SW-COMM-2YD","04/27/20",4837
"Customer C-14009","SW-COMM-8","02/05/2019",14881
"Customer C-43892","SW-FL-2YD","01/26/19",13927
"Customer C-06533","SW-COMM-XX","05/02/2023",53529
"Customer C-10482","SW-RO-40","03/24/2022",58727
"Customer C-14915","SW-ROLLOFF-40YD","04-Feb-21",63947
"Customer C-17701","SW-FL-6YD","18-Apr-23",16069
"Customer C-10919","SW-COMM-8YD","11/16/2023",17889
"Customer C-00310","SW-RO-20","10/12/2023",40174
"Customer C-31193","SW-COMM-XX","01/19/21",32908
"Customer C-06727","SW-RO-40","2020-08-01",62862
"Customer C-12010","SW-RO-10YD","03/27/23",25389
"Customer C-15177","SW-FL-8YD","02/05/23",20746
"Customer C-00858","SW-FL-8YD","2022-02-05",16574
"Customer C-36865","SW-COMM-8","2019-02-11",17847
"Customer C-14503","SW-RO-10YD","02/22/2023",32164
"Customer C-13523","SW-ROLLOFF-30YD","27-Aug-24",53967
"Customer C-21186","SW-COMM-8","12/26/22",20592
"Customer C-05228","SW-RO-20YD","07/13/2022",36423
"Customer C-30567","SW-COMM-8","09/02/2022",18387
"Customer C-09736","SW-ROLLOFF-20YD","02/11/2022",38185
"Customer C-23256","SW-ROLLOFF-10YD","04/21/2024",34744
"Customer C-23030","SW-RO-40YD","10/20/2019",61513
"Customer C-23398","SW-COMM-6YD","18-Mar-23",11333
"Customer C-44542","SW-FL-8YD","14-Jun-20",21017
"Customer C-42461","SW-ROLLOFF-10YD","06/02/23",30983
"Customer C-41526","SW-RO-10YD","13-May-22",26111
"Customer C-24809","SW-RO-30","2021-09-25",49519
"Customer C-33028","SW-COMM-4","2024-10-27",9397
"Customer C-28087","SW-ROLLOFF-10YD","02-Oct-23",26057
"Customer C-13106","SW-COMM-8","06/23/23",14284
"Customer C-20281","SW-COMM-8","07/06/2020",18461
"Customer C-10964","SW-RO-30","01/07/2023",46609
"Customer C-03982","SW-ROLLOFF-20YD","2023-04-24",42424
"Customer C-21955","SW-ROLLOFF-20YD","04/04/21",36354
"Customer C-17772","SW-RO-10YD","07/25/24",26718
"Customer C-42206","NOPE-1","2024-07-25",35075
"Customer C-37297","SW-RO-40YD","06/19/2024",59394
"Customer C-16918","SW-RO-30YD","12/21/2019",52141
"Customer C-06960","SW-COMM-8YD","02/12/20",21569
"Customer C-06758","SW-RO-40YD","07/27/2023",58347
"Customer C-09693","SW-RO-40YD","2021-10-25",59660
"Customer C-27823","SW-COMM-2YD","01-Jun-22",6808
"Customer C-26188","SW-RO-10","22-Apr-19",34754
"Customer C-41103","SW-ROLLOFF-40YD","2019-12-13",55504
"Customer C-09908","SW-ROLLOFF-40YD","2022-02-27",57085
"Customer C-25879","SW-RO-10","15-Aug-20",29126
"Customer C-00322","SW-ROLLOFF-10YD","28-Jul-21",34836
"Customer C-33658","SW-COMM-4YD","10/12/2019",16130
"Customer C-10321","SW-RES-1-W","02/08/2022",33702
"Customer C-36288","SW-RO-30YD","15-Dec-22",47449
"Customer C-15225","SW-COMM-2YD","23-Mar-20",6936
"Customer C-33472","SW-COMM-2YD","11/12/2023",13616
"Customer C-04422","SW-COMM-6","2023-10-14",19226
"Customer C-05726","SW-RO-10","2020-11-04",27636
"Customer C-16674","SW-RO-20","13-Dec-20",41264
"Customer C-31959","SW-COMM-8YD","10/25/2022",21781
"Customer C-00601","SW-COMM-8YD","2021-07-13",18471
"Customer C-08267","SW-FL-2YD","05/14/2020",10392
"Customer C-15864","SW-FL-6YD","2024-04-16",13577
"Customer C-22292","SW-ROLLOFF-30YD","11-Apr-21",49110
"Customer C-03136","SW-COMM-4","09/20/2022",11025
"Customer C-02014","SW-COMM-2","11/20/22",9805
"Customer C-32451","SW-RO-30","09/17/19",52634
"Customer C-00290","SW-ROLLOFF-20YD","09/25/24",41989
"Customer C-14649","SW-RO-10","2023-11-21",31055
"Customer C-03134","SW-ROLLOFF-40YD","06-Oct-24",57907
"Customer C-27133","SW-RO-30YD","14-May-24",53860
"Customer C-05416","SW-ROLLOFF-10YD","07/21/2023",32783
"Customer C-36572","SW-RO-40YD","15-Jul-24",59355
"Customer C-12830","SW-RO-30","07/09/2023",52520
"Customer C-21319","SW-RO-10YD","25-Dec-20",32369
"Customer C-28551","OLD-SVC-7","2022-03-28",18309
"Customer C-24491","SW-ROLLOFF-40YD","06-Mar-21",60646
"Customer C-32127","SW-RO-10YD","21-Sep-23",25235
"Customer C-40082","SW-ROLLOFF-30YD","04/12/2023",51100
"Customer C-13786","SW-ROLLOFF-20YD","2019-02-05",41331
"Customer C-18018","SW-ROLLOFF-40YD","2022-09-15",61582
"Customer C-27653","SW-FL-4YD","11-Feb-24",16719
"Customer C-15623","SW-FL-4YD","03/22/2021",16175
"Customer C-13626","SW-RO-30","12/02/2021",49260
"Customer C-11850","SW-FL-4YD","2019-02-02",12579
"Customer C-36580","SW-RES-1-M","16-Nov-21",10579
"Customer C-13173","SW-RO-30","12/04/20",46089
"Customer C-15654","SW-RO-30","12/03/2021",45954
"Customer C-19066","SW-RO-20YD","10/08/24",38205
"Customer C-24459","SW-XX-99YD","10/06/2020",15535
"Customer C-33691","OLD-SVC-7","26-Feb-19",11672
"Customer C-28272","SW-ROLLOFF-40YD","11/13/22",61500
"Customer C-01196","SW-FL-8YD","2021-09-25",20317
"Customer C-31822","SW-ROLLOFF-30YD","2023-10-05",53766
"Customer C-06387","SW-COMM-2","2022-01-03",5050
"Customer C-38080","SW-RO-40YD","28-Aug-20",60396
"Customer C-36679","SW-ROLLOFF-30YD","2024-02-17",48887
"Customer C-13304","SW-COMM-8","05/17/24",14073
"Customer C-37394","SW-COMM-4","06/01/2024",8155
"Customer C-08877","SW-RO-40","2022-02-17",64112
"Customer C-41478","SW-ROLLOFF-20YD","10/14/22",38337
"Customer C-19706","SW-COMM-4YD","2021-11-15",11938
"Customer C-42022","SW-ROLLOFF-40YD","10/04/2021",58113
"Customer C-32747","SW-RO-10YD","03/15/2024",26817
"Customer C-39416","SW-FL-2YD","14-Oct-22",6473
"Customer C-18798","SW-ROLLOFF-30YD","02/08/2021",52595
"Customer C-06121","SW-ROLLOFF-20YD","26-Nov-23",41808
"Customer C-11924","SW-RO-10","11/15/2024",29281
"Customer C-26835","SW-RO-20","04/18/2020",38218
"Customer C-16659","SW-ROLLOFF-40YD","2021-02-14",59404
"Customer C-42443","SW-RO-10YD","12/14/2022",25455
"Customer C-05961","SW-ROLLOFF-30YD","10/19/2023",50893
"Customer C-22114","SW-RO-40","11/25/2020",58104
"Customer C-05859","SW-RES-1-W","04/01/2021",9063
"Customer C-35993","SW-RO-30","01-May-24",53033
"Customer C-43792","SW-FL-2YD","09/14/20",6109
"Customer C-09829","SW-RO-10YD","06/07/21",34780
"Customer C-38159","SW-RO-10","06/19/21",26734
"Customer C-25981","SW-RO-30YD","05/24/24",48754
"Customer C-07020","SW-ROLLOFF-40YD","01/22/2022",60098
"Customer C-33895","SW-COMM-6YD","2019-10-22",17541
"Customer C-27121","SW-RO-20","26-Apr-21",36302
"Customer C-28162","SW-COMM-4YD","01/25/2023",9578
"Customer C-19991","SW-ROLLOFF-30YD","2021-09-14",52859
"Customer C-41943","SW-COMM-6YD","03/12/19",17532
"Customer C-36076","SW-FL-4YD","12/18/2023",15711
"Customer C-23768","SW-COMM-2YD","02/07/20",6728
"Customer C-00199","SW-COMM-8","2020-10-24",20385
"Customer C-37797","SW-RO-40","04/02/2023",64731
"Customer C-01616","SW-COMM-8","12/28/2021",13984
"Customer C-01178","SW-RO-40","10/08/24",62893
"Customer C-15575","SW-RO-20","11/07/2024",44845
"Customer C-25224","SW-RES-1-W","01/01/21",52426
"Customer C-20243","SW-ROLLOFF-40YD","2024-11-02",61770
"Customer C-22111","SW-FL-4YD","2021-05-28",16940
"Customer C-15331","SW-FL-8YD","2024-08-04",21477
"Customer C-03053","SW-COMM-XX","09/10/2023",16752
"Customer C-21365","SW-RES-1-BW","18-Sep-19",19318
"Customer C-28076","SW-RES-1-M","2024-10-19",34820
"Customer C-26682","SW-RO-10YD","11-Jul-20",26202
"Customer C-33685","SW-COMM-4YD","08/10/20",8764
"Customer C-31371","SW-RO-30YD","04/11/2020",47436
"Customer C-03499","SW-COMM-2YD","2024-12-14",6266
"Customer C-20233","SW-FL-2YD","06/19/2020",12034
"Customer C-17898","SW-RO-40YD","07/02/2019",56741
"Customer C-39948","SW-RO-40","09/07/2021",57682
"Customer C-44281","SW-RES-1-W","04/21/2024",40178
"Customer C-41253","SW-COMM-6YD","03-Mar-24",16996
"Customer C-44937","SW-COMM-8YD","13-Feb-23",13926
"Customer C-03717","SW-FL-4YD","01/14/2024",7265
"Customer C-23757","SW-FL-6YD","13-Apr-23",10508
"Customer C-02812","SW-COMM-6","10/07/22",14314
"Customer C-14169","SW-COMM-6","09/15/2021",11991
"Customer C-20943","OLD-SVC-7","06/04/2022",8583
"Customer C-05012","SW-RO-40YD","2022-10-11",62402
"Customer C-07957","NOPE-1","2021-03-26",35772
"Customer C-23078","SW-RO-40YD","07/06/20",64741
"Customer C-44811","SW-RO-10YD","20-Aug-20",27116
"Customer C-26774","SW-COMM-XX","05/05/2023",12682
"Customer C-16545","SW-RO-40","05/19/2024",59426
"Customer C-44304","SW-COMM-6","11/23/24",10507
"Customer C-05777","SW-COMM-6YD","04/25/2024",19631
"Customer C-25367","SW-RO-30","07/16/2021",48268
"Customer C-22219","SW-RO-10","10/25/21",34423
"Customer C-22540","SW-RO-10","07/06/2019",25982
"Customer C-16693","SW-RO-10YD","05/02/2019",29733
"Customer C-26839","SW-COMM-8","12-Jan-23",17336
"Customer C-26892","SW-FL-4YD","2021-08-22",16779
"Customer C-31207","SW-RES-1-M","05/12/2020",48144
"Customer C-01123","SW-COMM-2YD","07/08/23",12132
"Customer C-00767","SW-FL-2YD","2022-12-17",6096
"Customer C-21978","SW-ROLLOFF-20YD","11/07/2020",37850
"Customer C-02737","SW-FL-2YD","02-Jul-21",10486
"Customer C-39117","SW-FL-4YD","18-Apr-21",9797
"Customer C-15645","SW-COMM-4YD","08/02/2024",8169
"Customer C-11500","SW-COMM-6YD","03/28/2022",10666
"Customer C-44222","SW-RO-20YD","07/17/22",39126
"Customer C-21795","SW-RO-20","2022-09-25",41344
"Customer C-00543","SW-COMM-8","08/11/2024",19089
"Customer C-09360","SW-FL-4YD","03/14/2019",10999
"Customer C-25559","SW-ROLLOFF-20YD","08/18/19",41784
"Customer C-17404","SW-RO-40YD","12/07/2021",63379
"Customer C-08227","SW-RO-10YD","04/28/2024",31428
"Customer C-13127","SW-RO-20","12/01/24",36409
"Customer C-25410","SW-COMM-8","05/28/2019",21227
"Customer C-29812","SW-COMM-2YD","2019-02-26",4925
"Customer C-23550","SW-RO-30","2023-08-28",45131
"Customer C-24815","SW-ROLLOFF-10YD","18-Aug-19",31217
"Customer C-40049","SW-RES-1-BW","10/01/20",45879
"Customer C-42072","SW-ROLLOFF-40YD","07/21/24",55478
"Customer C-43337","SW-COMM-6YD","2019-12-05",14326
"Customer C-02697","SW-FL-8YD","12/06/2022",15210
"Customer C-37146","SW-COMM-2YD","06/04/22",5688
"Customer C-41640","SW-FL-8YD","09-Feb-24",15595
"Customer C-41301","SW-ROLLOFF-10YD","11/26/19",33211
"Customer C-13012","OLD-SVC-7","2022-01-02",48865
"Customer C-14730","SW-FL-4YD","02/12/2021",7374
"Customer C-17280","SW-ROLLOFF-40YD","12/02/2020",63138
"Customer C-04850","SW-FL-2YD","03/14/2021",5129
"Customer C-23572","SW-COMM-8YD","11/18/2021",17022
"Customer C-17129","SW-FL-4YD","2023-11-09",16633
"Customer C-34596","SW-COMM-XX","04/07/21",62861
"Customer C-14940","SW-RO-10YD","22-Nov-24",25678
"Customer C-06189","SW-RO-10YD","2022-04-26",34002
"Customer C-43006","SW-ROLLOFF-40YD","03-Jul-23",59107
"Customer C-01961","SW-COMM-6","2019-12-11",13521
"Customer C-44984","SW-RO-30","05/08/2024",47183
"Customer C-24898","SW-COMM-2YD","01-Jul-23",4207
"Customer C-29498","SW-COMM-8YD","04/23/2022",13713
"Customer C-13765","SW-RO-10","12/26/24",30168
"Customer C-41230","SW-COMM-6YD","16-Sep-20",12656
"Customer C-41312","SW-RES-1-BW","08/16/2022",18146
"Customer C-23116","SW-RO-30","09/13/2024",52963
"Customer C-22340","SW-RES-1-M","06/09/23",12741
"Customer C-05998","SW-RO-30","2021-10-03",48504
"Customer C-44232","SW-ROLLOFF-20YD","09/07/2022",43744
"Customer C-41876","SW-ROLLOFF-10YD","10/25/2019",32847
"Customer C-23423","SW-ROLLOFF-40YD","2024-06-05",62425
"Customer C-39426","SW-COMM-6","2020-03-14",19610
"Customer C-17755","SW-RO-30YD","2022-10-11",47879
"Customer C-08091","SW-RO-40","01/15/23",58369
"Customer C-14950","SW-COMM-8YD","06/16/2021",13007
"Customer C-27483","SW-FL-4YD","01-Aug-19",8430
"Customer C-13036","SW-RO-20YD","02/07/24",37398
"Customer C-44083","SW-COMM-6","08/22/2023",19624
"Customer C-00802","SW-ROLLOFF-20YD","2024-09-11",44406
"Customer C-31391","SW-COMM-6","2024-11-04",16009
"Customer C-35543","LEGACY-CODE","03/02/2020",33605
"Customer C-04989","SW-RO-40YD","02/21/24",59923
"Customer C-01747","SW-FL-4YD","2023-09-16",10690
"Customer C-03046","SW-COMM-8","01/25/2023",15684
"Customer C-20739","SW-RES-1-M","2024-07-08",26363
"Customer C-31453","SW-RO-20YD","20-Jan-23",37628
"Customer C-06116","SW-RES-1-W","11/10/2023",14568
"Customer C-06654","SW-COMM-8","2022-04-27",19584
"Customer C-40517","SW-COMM-2","2024-12-27",13823
"Customer C-27606","NOPE-1","10/03/2022",8060
"Customer C-33173","SW-COMM-4","04/20/2023",10660
"Customer C-07014","SW-RO-20YD","01-Sep-22",38627
"Customer C-07856","OLD-SVC-7","04/24/20",38686
"Customer C-43388","SW-FL-6YD","2019-12-26",17886
"Customer C-28721","SW-RO-40","10/20/24",60258
"Customer C-07610","SW-FL-4YD","2021-07-19",16408
"Customer C-09126","OLD-SVC-7","2023-01-03",60513
"Customer C-26225","SW-RO-20","06/17/2022",41735
"Customer C-37264","SW-COMM-6YD","2024-07-16",12587
"Customer C-06455","SW-RO-40YD","05/15/2022",55144
"Customer C-18193","SW-RO-20","10/10/2022",42883
"Customer C-07126","SW-ROLLOFF-30YD","11/11/2024",53679
"Customer C-29393","SW-COMM-6YD","2021-11-15",14585
"Customer C-22062","SW-COMM-2YD","12/16/2023",9230
"Customer C-24147","SW-RES-1-W","01/03/2019",47019
"Customer C-04460","SW-COMM-6YD","2023-02-18",17352
"Customer C-21615","SW-ROLLOFF-10YD","11/24/2023",34430
"Customer C-42663","SW-COMM-2YD","20-Jun-23",8531
"Customer C-19830","SW-COMM-8YD","18-Sep-24",16808
"Customer C-28278","SW-RES-1-BW","03/25/2019",26157
"Customer C-02372","SW-ROLLOFF-30YD","01/09/2024",47539
"Customer C-20951","SW-RO-10YD","11-Jun-19",31157
"Customer C-37766","SW-RO-10","2020-03-26",26681
"Customer C-18597","OLD-SVC-7","02/17/2022",38299
"Customer C-17147","SW-ROLLOFF-30YD","2020-03-25",48352
"Customer C-00299","SW-COMM-8","10/12/2024",14749
"Customer C-37419","SW-FL-6YD","2021-06-23",11961
"Customer C-44472","SW-ROLLOFF-20YD","12-Jan-22",35249
"Customer C-42055","SW-ROLLOFF-10YD","03/25/2021",27415
"Customer C-36526","SW-FL-8YD","04/22/2022",18967
"Customer C-17256","SW-COMM-4YD","07/11/21",9910
"Customer C-22455","SW-RO-30","12/13/2023",45612
"Customer C-36374","SW-RO-30YD","10/04/2023",46992
"Customer C-41611","SW-COMM-4","25-Mar-19",16906
"Customer C-05205","SW-ROLLOFF-20YD","04/21/20",43811
"Customer C-19058","SW-COMM-4","26-Apr-22",12094
"Customer C-29016","SW-COMM-4YD","2019-12-27",7610
"Customer C-15608","SW-COMM-4","2022-07-18",7343
"Customer C-25241","SW-ROLLOFF-10YD","07/24/20",26586
"Customer C-13956","SW-RO-30","24-Apr-23",48804
"Customer C-16294","SW-COMM-4","12-Apr-22",12550
"Customer C-42538","SW-RO-30YD","11/03/2020",46509
"Customer C-29171","SW-ROLLOFF-20YD","03/05/2021",36965
"Customer C-07548","SW-ROLLOFF-10YD","2019-11-08",34364
"Customer C-36714","SW-RO-40YD","07/16/2023",58940
"Customer C-25879","SW-RO-10YD","25-Nov-20",25783
"Customer C-43486","NOPE-1","2021-02-12",35166
"Customer C-36308","SW-RES-1-BW","2019-08-07",13580
"Customer C-42996","SW-RO-30YD","2021-01-18",51248
"Customer C-40334","SW-COMM-4","10/15/19",15715
"Customer C-17154","SW-RO-30YD","01-Apr-22",50262
"Customer C-22935","SW-FL-4YD","12/26/21",7214
"Customer C-07270","SW-RO-10","03/02/2020",29323
"Customer C-21621","SW-COMM-2YD","03/02/20",11479
"Customer C-33562","SW-ROLLOFF-20YD","06/02/2020",35666
"Customer C-39864","LEGACY-CODE","2024-04-25",4117
"Customer C-05244","NOPE-1","08/16/23",60874
"Customer C-30892","SW-ROLLOFF-10YD","2021-10-21",31945
"Customer C-19644","SW-ROLLOFF-10YD","11/19/2022",25503
"Customer C-00117","OLD-SVC-7","20-Feb-22",43411
"Customer C-10632","SW-COMM-2YD","06/11/2019",5009
"Customer C-12700","SW-RO-40YD","06/21/23",58928
"Customer C-15508","SW-COMM-2","08/14/23",5321
"Customer C-00777","SW-FL-6YD","05/09/2020",14360
"Customer C-15435","SW-RO-10YD","01/14/22",31667
"Customer C-34233","SW-COMM-2","04-Jul-22",11889
"Customer C-38199","LEGACY-CODE","03-Feb-20",51919
"Customer C-39826","SW-FL-6YD","08/19/19",17664
"Customer C-02364","OLD-SVC-7","2021-06-08",33127
"Customer C-16737","SW-FL-8YD","17-Apr-23",14629
"Customer C-00922","SW-COMM-4","07/13/2019",15850
"Customer C-15480","SW-RO-40","06/17/19",55006
"Customer C-28797","SW-RO-40","03/21/2023",56755
"Customer C-29169","SW-COMM-2","2022-10-24",6538
"Customer C-18795","SW-COMM-4YD","02/09/22",16806
"Customer C-26139","SW-COMM-4","2023-02-19",10283
"Customer C-26195","SW-ROLLOFF-20YD","08-Mar-19",44885
"Customer C-15092","SW-COMM-4","12/01/2021",7850
"Customer C-24379","SW-COMM-2","10/18/2024",11905
"Customer C-27838","SW-RO-10","2023-01-27",27539
"Customer C-27343","SW-COMM-XX","09/06/2019",53492
"Customer C-33562","SW-RO-20","07/13/2020",44636
"Customer C-18444","SW-COMM-XX","2024-01-09",40711
"Customer C-29313","OLD-SVC-7","07/20/2021",41273
"Customer C-11620","SW-RO-30YD","2024-04-16",51051
"Customer C-07671","OLD-SVC-7","08/19/20",10828
"Customer C-16324","SW-RES-1-BW","07/16/2023",58443
"Customer C-39248","SW-FL-4YD","14-May-19",15410
"Customer C-20942","OLD-SVC-7","2023-03-15",14968
"Customer C-22518","SW-RO-20","09/21/20",44694
"Customer C-40523","SW-FL-4YD","2022-03-20",11459
"Customer C-20890","SW-RO-30YD","20-Aug-24",49853
"Customer C-08320","SW-COMM-8","12-Apr-21",22926
"Customer C-06315","SW-FL-8YD","07/10/2024",22589
"Customer C-24592","SW-COMM-4","2019-01-27",14521
"Customer C-02510","SW-RES-1-M","11/06/2024",31817
"Customer C-17787","SW-RES-1-W","10/26/2020",21180
"Customer C-25843","SW-RO-10","2022-11-19",34498
"Customer C-15421","SW-ROLLOFF-20YD","2022-12-10",36608
"Customer C-11345","SW-FL-8YD","19-Jan-20",16420
"Customer C-02760","SW-COMM-4","09/02/20",15464
"Customer C-27814","SW-ROLLOFF-40YD","18-Oct-19",64125
"Customer C-37654","SW-ROLLOFF-30YD","12/05/2024",54153
"Customer C-33979","SW-RO-40","05/15/2022",63993
"Customer C-30410","SW-FL-6YD","02-May-24",11866
"Customer C-16929","SW-ROLLOFF-10YD","19-Apr-24",33280
"Customer C-35839","SW-RES-1-M","21-May-22",60987
"Customer C-11972","SW-FL-6YD","2024-11-04",13096
"Customer C-00448","SW-RES-1-M","13-Apr-24",17282
"Customer C-39373","SW-COMM-8","2024-08-18",17686
"Customer C-33603","SW-COMM-4","2024-07-19",9790
"Customer C-01924","SW-COMM-6","06/11/22",19246
"Customer C-04079","SW-ROLLOFF-20YD","19-Feb-24",39336
"Customer C-26424","SW-FL-4YD","2024-09-16",11308
"Customer C-20213","SW-RO-40YD","15-Apr-19",64867
"Customer C-21555","SW-COMM-6YD","07/27/23",12109
"Customer C-01254","SW-COMM-4YD","2021-11-08",10709
"Customer C-11154","SW-RO-40YD","2019-02-22",62470
"Customer C-14262","SW-RO-20YD","2019-04-07",39491
"Customer C-04056","SW-RO-30","11-May-22",49167
"Customer C-41992","SW-RO-10YD","12/06/2024",29947
"Customer C-42516","SW-ROLLOFF-30YD","2024-06-14",51438
"Customer C-02246","SW-COMM-2YD","12/24/19",7427
"Customer C-02989","SW-FL-6YD","09/02/2019",10949
"Customer C-03758","SW-RO-10YD","2023-03-06",26004
"Customer C-21906","SW-FL-8YD","27-Dec-19",16551
"Customer C-30040","SW-COMM-4YD","09/09/2024",11770
"Customer C-39754","SW-COMM-8","11/09/23",20073
"Customer C-05210","SW-FL-8YD","12/19/24",21516
"Customer C-05266","SW-RO-20YD","17-Oct-23",37280
"Customer C-16094","SW-ROLLOFF-40YD","07/06/2023",62153
"Customer C-32635","SW-FL-6YD","03-Apr-22",15956
"Customer C-17681","SW-FL-4YD","2019-09-05",11332
"Customer C-06628","SW-RO-10","09/09/21",29158
"Customer C-36836","SW-RO-40YD","10/07/23",60679
"Customer C-39812","SW-ROLLOFF-10YD","2023-04-06",28475
"Customer C-18425","SW-COMM-8YD","10/06/2023",14181
"Customer C-33718","SW-RO-30YD","05/12/2022",54511
"Customer C-14325","SW-RO-10YD","10/17/2024",32494
"Customer C-24908","SW-RES-1-M","2020-12-13",60294
"Customer C-32140","SW-RO-40YD","02/05/2024",61665
"Customer C-01147","SW-FL-2YD","09-Dec-22",12164
"Customer C-12201","SW-RO-30YD","08/14/24",51513
"Customer C-23456","SW-RO-40YD","06/08/2020",58594
"Customer C-34979","SW-RES-1-BW","2023-04-03",46007
"Customer C-40118","SW-ROLLOFF-40YD","10/02/2021",62981
"Customer C-36387","SW-COMM-XX","01/23/2023",59364
"Customer C-40690","SW-COMM-2","08/11/20",12454
"Customer C-01459","SW-RO-30YD","03/14/2020",54554
"Customer C-14314","SW-COMM-6","07-Sep-22",19289
"Customer C-43697","SW-ROLLOFF-10YD","2024-06-13",26943
"Customer C-00306","SW-RO-30YD","08/17/2021",53307
"Customer C-44868","SW-FL-2YD","04/21/2023",9351
"Customer C-35729","SW-RO-40YD","07/06/22",59799
"Customer C-28514","SW-ROLLOFF-40YD","08/06/2020",57013
"Customer C-26619","SW-RO-30YD","03/25/2021",50359
"Customer C-05567","SW-COMM-2YD","06/17/2022",11486
"Customer C-34021","SW-RO-40","06/28/2022",59101
"Customer C-14173","SW-RO-10YD","09/16/2024",32200
"Customer C-12462","SW-RO-10YD","06-Feb-19",29132
"Customer C-26873","SW-RES-1-M","10-Sep-22",15448
"Customer C-34341","SW-XX-99YD","11/26/2021",17380
"Customer C-17665","SW-COMM-2YD","07-Nov-24",9481
"Customer C-34394","SW-RO-30YD","06/17/2019",45733
"Customer C-36154","SW-RES-1-BW","06-Jun-21",32753
"Customer C-37721","SW-COMM-2","09/14/2023",10722
"Customer C-00589","SW-RO-20","01/18/2022",42827
"Customer C-21360","SW-ROLLOFF-30YD","23-Feb-24",51620
"Customer C-28150","SW-RO-40","2020-12-03",60587
"Customer C-22744","SW-RO-40YD","2021-12-07",61733
"Customer C-35961","SW-RO-10","05/24/22",28874
"Customer C-14263","SW-RO-20YD","2023-05-02",37852
"Customer C-00742","SW-RO-30","2019-05-25",47173
"Customer C-36127","SW-RO-30YD","06/25/2020",45719
"Customer C-25478","SW-RO-40","03/22/2024",60988
"Customer C-21430","SW-FL-4YD","08/04/2023",16469
"Customer C-35883","SW-ROLLOFF-40YD","03/03/2019",62938
"Customer C-41674","SW-COMM-XX","2020-02-25",14176
"Customer C-14073","SW-FL-6YD","02/07/2021",12598
"Customer C-18536","SW-COMM-4","2021-01-11",12536
"Customer C-43810","SW-COMM-8YD","12/18/20",15429
"Customer C-34652","SW-RES-1-M","03/22/22",16942
"Customer C-42077","SW-RO-40YD","23-Feb-24",61570
"Customer C-23190","SW-FL-4YD","28-Oct-19",7435
"Customer C-33102","SW-RO-10","02/06/21",28262
"Customer C-16800","SW-RO-30YD","04/27/2019",52641
"Customer C-19107","SW-ROLLOFF-10YD","2022-11-07",29228
"Customer C-26015","SW-COMM-8YD","2022-01-18",20364
"Customer C-03736","SW-COMM-2YD","26-Oct-24",7486
"Customer C-40804","SW-FL-4YD","2024-09-19",8420
"Customer C-16929","SW-COMM-6YD","04/14/2020",15579
"Customer C-05626","SW-RO-10YD","03/10/23",33949
"Customer C-18645","SW-RO-10YD","06/09/2020",29001
"Customer C-38137","SW-COMM-2","09/06/21",12518
"Customer C-18812","SW-COMM-2YD","2020-08-20",8024
"Customer C-10837","SW-RES-1-BW","01-Feb-22",10812
"Customer C-12663","SW-COMM-2YD","22-Oct-21",7152
"Customer C-23305","SW-ROLLOFF-20YD","2022-08-12",41214
"Customer C-05828","SW-COMM-8YD","26-Oct-23",18036
"Customer C-36046","SW-RO-40","02-Sep-24",57950
"Customer C-38049","SW-RO-30","09/09/20",47044
"Customer C-18661","SW-RES-1-M","03/12/19",59672
"Customer C-17996","SW-COMM-8","19-Jul-19",17474
"Customer C-42084","SW-COMM-6","2021-11-27",14503
"Customer C-27391","SW-COMM-4","12/25/2022",11354
"Customer C-24495","SW-RO-30","2021-01-21",50372
"Customer C-36325","SW-FL-8YD","02/28/2023",18877
"Customer C-01821","SW-COMM-2YD","01/02/2022",10641
"Customer C-22385","SW-RO-20YD","10/03/2023",43269
"Customer C-28742","SW-ROLLOFF-40YD","12/19/19",63950
"Customer C-26506","SW-FL-2YD","2021-07-04",11134
"Customer C-37917","SW-ROLLOFF-40YD","2024-06-14",56747
"Customer C-08461","SW-FL-8YD","07/05/19",15212
"Customer C-30672","SW-ROLLOFF-10YD","28-Aug-19",34298
"Customer C-16905","SW-ROLLOFF-40YD","07/06/22",62345
"Customer C-28255","SW-RO-30YD","11-Apr-24",48186
"Customer C-31170","SW-COMM-6","02/23/2021",15312
"Customer C-00074","SW-FL-4YD","2020-11-13",8896
"Customer C-26943","SW-COMM-8YD","05-Mar-22",15294
"Customer C-32433","SW-ROLLOFF-20YD","04/22/2023",38526
"Customer C-29156","SW-RES-1-W","25-Aug-22",42886
"Customer C-17404","OLD-SVC-7","03/08/22",40761
"Customer C-13111","SW-RO-30YD","01-Apr-24",49150
"Customer C-21521","SW-COMM-6YD","21-Jul-22",13974
"Customer C-24903","SW-RO-20","2023-06-25",42708
"Customer C-04469","OLD-SVC-7","02/10/23",8260
"Customer C-02445","SW-RO-30YD","04-Oct-23",48429
"Customer C-15037","SW-COMM-4YD","06-Dec-19",10008
"Customer C-29996","SW-COMM-8YD","20-Aug-23",22754
"Customer C-41204","SW-ROLLOFF-40YD","2024-10-18",60235
"Customer C-14328","SW-RO-10YD","03/27/24",25521
"Customer C-21566","SW-ROLLOFF-20YD","03/21/2019",42456
"Customer C-32449","SW-RO-20","12/14/2023",41528
"Customer C-10437","SW-RO-10YD","12/01/2021",31822
"Customer C-24921","SW-RES-1-W","24-Feb-19",56607
"Customer C-19328","SW-FL-2YD","2024-11-09",10874
"Customer C-06401","SW-ROLLOFF-10YD","2020-04-20",33367
"Customer C-19383","SW-COMM-6","01/16/2020",15057
"Customer C-07245","SW-COMM-2YD","02/12/2023",8924
"Customer C-04538","SW-COMM-8YD","01/04/2023",13594
"Customer C-31756","SW-ROLLOFF-30YD","07/21/2021",46089
"Customer C-41580","SW-COMM-8","07/27/23",17850
"Customer C-35704","NOPE-1","2024-07-27",30027
"Customer C-02328","SW-RES-1-M","03/25/2022",8975
"Customer C-17075","SW-RO-20","02-Jul-24",36724
"Customer C-24665","SW-COMM-6","2020-10-13",16121
"Customer C-02351","SW-COMM-XX","04/13/2023",15736
"Customer C-21205","SW-RO-20","2024-10-15",43072
"Customer C-11068","SW-RO-40YD","07/11/2023",59986
"Customer C-44080","SW-RO-40","2021-10-07",62056
"Customer C-15866","SW-RES-1-M","2024-11-15",21176
"Customer C-04427","SW-RO-10YD","08/21/2023",34577
"Customer C-40366","SW-RO-40","10/10/2019",59871
"Customer C-37068","SW-RO-30YD","26-Aug-24",50092
"Customer C-27676","SW-ROLLOFF-30YD","02/14/2021",48112
"Customer C-01201","OLD-SVC-7","07/18/2021",34019
"Customer C-03799","SW-ROLLOFF-40YD","04/22/21",55065
"Customer C-01184","SW-FL-4YD","22-Dec-19",14952
"Customer C-30677","SW-RO-40YD","02/06/2023",56260
"Customer C-18727","SW-FL-2YD","2019-04-18",12197
"Customer C-34460","SW-RES-1-BW","2023-04-05",15428
"Customer C-08489","SW-ROLLOFF-10YD","11/01/2024",31281
"Customer C-25541","SW-COMM-8YD","2023-03-15",17420
"Customer C-00772","SW-ROLLOFF-40YD","2021-04-06",58095
"Customer C-22037","SW-ROLLOFF-20YD","2020-11-28",44504
"Customer C-17553","SW-RO-10","07/02/2023",28393
"Customer C-33984","SW-COMM-4YD","07-Aug-23",16643
"Customer C-10007","SW-COMM-6YD","04/02/2020",12299
"Customer C-03167","SW-RO-20","11/01/20",42178
"Customer C-43951","SW-FL-4YD","2024-10-04",16159
"Customer C-30384","SW-COMM-8YD","12/01/19",15441
"Customer C-01953","SW-ROLLOFF-10YD","04-Feb-20",29867
"Customer C-01796","SW-COMM-8","2019-01-01",19159
"Customer C-01506","OLD-SVC-7","11/03/24",42411
"Customer C-13235","SW-COMM-2YD","01/27/19",11293
"Customer C-19301","SW-COMM-6","2020-11-01",13046
"Customer C-43443","SW-ROLLOFF-40YD","18-Dec-21",56872
"Customer C-39566","SW-RES-1-BW","2020-12-27",13192
"Customer C-05196","SW-ROLLOFF-30YD","12/07/19",52501
"Customer C-11895","SW-RO-10","06/06/20",27125
"Customer C-08096","SW-RO-30YD","2021-12-04",54193
"Customer C-25518","LEGACY-CODE","2023-08-19",43552
"Customer C-18912","SW-COMM-6","10/15/23",17422
"Customer C-44845","OLD-SVC-7","04/13/2021",49359
"Customer C-03925","SW-COMM-4YD","2022-11-13",7633
"Customer C-40298","SW-RO-20","14-Jan-21",35803
"Customer C-28028","SW-COMM-8","01/15/2021",22455
"Customer C-35273","SW-FL-8YD","03/04/2024",13774
"Customer C-02397","SW-RO-20YD","06/07/23",44012
"Customer C-01936","SW-RO-10","06/21/19",28566
"Customer C-18871","SW-ROLLOFF-40YD","2024-07-15",57113
"Customer C-36201","SW-COMM-2","05/21/22",7108
"Customer C-42901","SW-RO-20","06/05/24",42575
"Customer C-10947","SW-ROLLOFF-20YD","01/04/2021",43382
"Customer C-29297","SW-RO-40","03/26/2024",59839
"Customer C-33814","SW-FL-6YD","04/16/24",16286
"Customer C-13274","SW-RO-30","2021-06-06",51379
"Customer C-00929","SW-COMM-4YD","07/06/24",15457
"Customer C-37674","SW-RO-40YD","07/06/2020",55719
"Customer C-26064","SW-XX-99YD","09/05/2023",57818
"Customer C-12080","SW-ROLLOFF-10YD","07/28/22",34886
"Customer C-26789","SW-RO-10YD","03/01/2022",28221
"Customer C-03156","SW-COMM-8YD","27-Apr-20",13464
"Customer C-07181","SW-RO-30","21-Jun-23",53988
"Customer C-19246","SW-ROLLOFF-10YD","08/16/24",25444
"Customer C-24589","SW-COMM-6","12/01/19",16797
"Customer C-32516","SW-RO-40","2021-07-20",56800
"Customer C-12436","SW-ROLLOFF-40YD","27-Dec-21",64825
"Customer C-39739","SW-ROLLOFF-20YD","04/09/19",39711
"Customer C-28761","SW-COMM-2YD","07/20/23",8336
"Customer C-17486","LEGACY-CODE","05/20/23",13588
"Customer C-05320","SW-COMM-2YD","08/05/2022",8843
"Customer C-39531","OLD-SVC-7","2021-07-25",16336
"Customer C-43881","SW-ROLLOFF-40YD","2024-10-20",62248
"Customer C-10463","SW-RO-40YD","09/25/2021",63744
"Customer C-29786","LEGACY-CODE","12/20/2021",33649
"Customer C-35506","SW-ROLLOFF-40YD","11/17/2020",61827
"Customer C-41532","SW-FL-6YD","28-Sep-21",17783
"Customer C-24443","SW-COMM-2","2024-10-01",6242
"Customer C-33242","SW-COMM-2YD","12/17/21",13355
"Customer C-16632","SW-RO-30","12/11/2020",52184
"Customer C-27906","SW-RES-1-BW","2020-07-01",31953
"Customer C-20009","SW-FL-6YD","08/05/2021",14420
"Customer C-05785","SW-ROLLOFF-30YD","04/06/23",51823
"Customer C-00451","SW-FL-2YD","10/17/2019",7700
"Customer C-07547","SW-ROLLOFF-10YD","02/18/2021",28137
"Customer C-11956","NOPE-1","11/02/19",54492
"Customer C-44314","SW-COMM-2YD","10/11/24",10433
"Customer C-33750","SW-COMM-2YD","2024-10-17",9110
"Customer C-23341","SW-RO-30YD","05/04/19",52805
"Customer C-23260","SW-RO-40","20-Aug-24",62185
"Customer C-44417","SW-RO-10","04/19/19",25739
"Customer C-20305","SW-COMM-6YD","03-May-21",13502
"Customer C-18551","SW-COMM-2","08-Oct-23",5027
"Customer C-00083","SW-RO-30","2022-09-15",47038
"Customer C-34792","SW-ROLLOFF-40YD","2019-07-13",58104
"Customer C-34047","SW-COMM-2","12/05/2022",13301
"Customer C-43857","SW-COMM-2","01-Dec-20",5071
"Customer C-43756","SW-ROLLOFF-10YD","02/05/2020",26722
"Customer C-11715","SW-COMM-XX","08/12/2020",22162
"Customer C-14071","SW-FL-6YD","10/13/2023",10025
"Customer C-33101","SW-FL-4YD","12/01/2024",9550
"Customer C-17603","SW-ROLLOFF-20YD","16-Nov-19",40636
"Customer C-16926","SW-ROLLOFF-30YD","10/26/23",54717
"Customer C-08997","SW-RES-1-BW","05/03/19",47123
"Customer C-37378","SW-COMM-4","12/13/23",15521
"Customer C-20032","SW-FL-6YD","12-Mar-19",11245
"Customer C-37345","NOPE-1","08/02/2019",59913
"Customer C-29255","SW-FL-4YD","02/22/24",16462
"Customer C-09332","SW-RO-40","09/13/2022",61222
"Customer C-34566","SW-RO-40YD","02/22/23",56980
"Customer C-30713","SW-FL-2YD","2020-11-23",12938
"Customer C-10199","SW-FL-4YD","04/19/24",8697
"Customer C-04376","SW-COMM-4","04/03/20",7573
"Customer C-03693","NOPE-1","11/24/23",10349
"Customer C-17304","SW-RO-10","05/25/2022",33991
"Customer C-25497","SW-COMM-8","2021-04-18",14437
"Customer C-22642","SW-COMM-8YD","01-Apr-23",17035
"Customer C-17312","SW-RO-20","11/26/22",43011
"Customer C-13454","SW-COMM-2YD","2019-12-16",7770
"Customer C-44134","SW-RO-20YD","02/26/19",42502
"Customer C-34420","SW-ROLLOFF-20YD","02/17/2020",35966
"Customer C-35453","SW-RO-40YD","09/07/2021",59123
"Customer C-24622","LEGACY-CODE","12-Oct-24",8589
"Customer C-35507","SW-COMM-4","10/14/2019",14167
"Customer C-23063","SW-COMM-4YD","12/14/2019",8545
"Customer C-37043","SW-RES-1-M","2024-01-16",44297
"Customer C-08438","SW-RO-20YD","09/23/19",43443
"Customer C-37797","SW-COMM-8YD","2023-04-21",19174
"Customer C-39082","SW-ROLLOFF-20YD","08-May-23",37820
"Customer C-24592","SW-RO-40YD","2024-09-15",56301
"Customer C-24508","SW-RO-40","09/20/20",60674
"Customer C-17852","SW-FL-8YD","02/01/2023",16156
"Customer C-28873","SW-COMM-4YD","14-Jan-23",10647
"Customer C-35266","NOPE-1","19-Jul-22",64360
"Customer C-22684","SW-COMM-8YD","09/26/2020",21341
"Customer C-11534","SW-RO-40","12-Sep-23",63935
"Customer C-00347","SW-RO-20YD","2024-01-26",35620
"Customer C-14968","SW-RO-10YD","2024-08-06",26615
"Customer C-00463","NOPE-1","09/24/2021",13867
"Customer C-32841","SW-XX-99YD","09/22/22",32754
"Customer C-19516","SW-RO-30YD","26-Jun-23",47137
"Customer C-41008","SW-ROLLOFF-40YD","06/21/19",59968
"Customer C-27488","SW-RO-40YD","09/22/21",57487
"Customer C-43398","SW-RES-1-M","2021-11-21",55631
"Customer C-35412","SW-ROLLOFF-20YD","11/24/2024",43968
"Customer C-44823","SW-ROLLOFF-30YD","19-Jul-21",49602
"Customer C-21154","SW-RES-1-W","05/15/2020",12102
"Customer C-15686","SW-FL-2YD","02/02/2023",9840
"Customer C-05311","SW-ROLLOFF-40YD","12/22/2021",60755
"Customer C-20710","SW-ROLLOFF-20YD","14-Jan-20",43930
"Customer C-21730","SW-FL-4YD","16-Jul-23",15202
"Customer C-36741","SW-RO-20YD","04/05/2021",43584
"Customer C-21637","SW-COMM-2YD","06/28/2022",8872
"Customer C-20376","SW-ROLLOFF-20YD","11/09/2023",36914
"Customer C-44786","SW-RO-40","2022-06-23",62510
"Customer C-08905","SW-COMM-2","12/04/2020",9042
"Customer C-34962","SW-ROLLOFF-30YD","02/02/2019",54416
"Customer C-18149","SW-RO-30","10/28/2022",46368
"Customer C-24919","SW-COMM-8","17-Feb-24",22479
"Customer C-33611","SW-COMM-6YD","2021-02-24",10290
"Customer C-39554","SW-COMM-2YD","2020-06-11",11993
"Customer C-21162","SW-ROLLOFF-10YD","04/22/22",32554
"Customer C-35145","SW-RO-40","07-Feb-23",62245
"Customer C-32544","SW-ROLLOFF-20YD","01/22/21",43715
"Customer C-43321","NOPE-1","08/13/2024",14825
"Customer C-11457","SW-RO-40","2023-09-26",61146
"Customer C-10815","SW-RO-40","12/25/24",61438
"Customer C-40884","SW-RO-20","19-Apr-22",35011
"Customer C-09567","SW-FL-2YD","06/05/23",5240
"Customer C-42441","SW-RO-40","2020-01-24",63676
"Customer C-41662","SW-RO-40YD","04/26/2021",63260
"Customer C-22393","SW-RO-40YD","03/25/24",63979
"Customer C-13746","SW-COMM-4YD","02-Jul-20",9869
"Customer C-12523","SW-ROLLOFF-20YD","2019-03-18",41570
"Customer C-38874","SW-FL-4YD","12/18/2024",14334
"Customer C-05844","SW-RES-1-BW","02/04/2024",4590
"Customer C-23951","SW-COMM-6YD","2021-08-08",15246
"Customer C-33852","SW-RES-1-W","2021-01-10",18801
"Customer C-15540","SW-RES-1-BW","08/15/2020",14149
"Customer C-09569","OLD-SVC-7","2021-01-27",21792
"Customer C-05511","SW-COMM-8YD","2019-03-26",17756
"Customer C-42935","SW-RO-30","08/05/2023",46181
"Customer C-22919","SW-RO-30YD","2020-05-22",47423
"Customer C-40465","SW-COMM-4","05/13/2024",9962
"Customer C-23649","SW-RO-40YD","01/02/21",56851
"Customer C-21488","SW-RES-1-M","04/02/2019",60147
"Customer C-08972","SW-COMM-8YD","07-Sep-24",20101
"Customer C-40561","SW-RO-30YD","03/14/22",50776
"Customer C-28290","SW-RO-40YD","12/14/21",58325
"Customer C-17742","SW-COMM-4","05/26/2022",11472
"Customer C-27821","SW-RES-1-BW","2021-10-14",18564
"Customer C-19452","SW-ROLLOFF-10YD","2024-02-16",25590
"Customer C-04929","SW-FL-4YD","04/23/19",15413
"Customer C-26263","SW-COMM-6YD","01/13/22",17348
"Customer C-40528","SW-FL-4YD","08/17/22",9426
"Customer C-26442","SW-RO-30YD","04/14/23",45720
"Customer C-15953","SW-COMM-8YD","09/28/22",19723
"Customer C-14876","SW-ROLLOFF-20YD","02/03/21",44990
"Customer C-37690","SW-RO-10","06/18/2021",27007
"Customer C-38115","SW-RO-20","09-Mar-23",44867
"Customer C-43369","SW-RO-10","04/10/23",33441
"Customer C-44098","SW-RO-20","2024-09-20",43411
"Customer C-18632","SW-RO-40YD","03/13/20",58603
"Customer C-01686","SW-COMM-2YD","03/12/20",6540
"Customer C-17203","SW-RO-20","09/01/2020",40852
"Customer C-39459","SW-COMM-8YD","2021-01-19",21190
"Customer C-00797","SW-RO-20","2019-12-17",35540
"Customer C-15657","SW-COMM-6YD","27-Apr-20",19492
"Customer C-13150","SW-COMM-6","05/13/2021",11480
"Customer C-25143","SW-ROLLOFF-10YD","01/26/2021",27248
"Customer C-00175","SW-RES-1-W","06/19/2024",14176
"Customer C-40261","SW-COMM-6YD","04/22/22",17014
"Customer C-31955","SW-COMM-2","17-Dec-21",10643
"Customer C-09963","SW-RO-20YD","06/14/2022",42377
"Customer C-02509","SW-FL-8YD","10/05/2022",15751
"Customer C-31990","SW-ROLLOFF-30YD","03/20/21",49290
"Customer C-11477","SW-RO-10YD","2019-11-26",32144
"Customer C-30451","SW-FL-4YD","26-Mar-22",11572
"Customer C-21341","OLD-SVC-7","2024-07-04",28347
"Customer C-44076","SW-COMM-4YD","2020-12-14",9546
"Customer C-37168","SW-RO-30","05/22/2020",45029
"Customer C-27662","SW-ROLLOFF-10YD","03/13/2021",31520
"Customer C-26099","SW-FL-4YD","02/25/21",12510
"Customer C-34192","SW-COMM-XX","11/10/2021",20480
"Customer C-33444","SW-RO-40YD","09/05/2022",61407
"Customer C-38780","SW-RO-40","02/25/2023",59934
"Customer C-02306","SW-COMM-4","2022-07-21",7246
"Customer C-35439","SW-COMM-8","04/05/2022",18447
"Customer C-22948","LEGACY-CODE","02/19/20",25428
"Customer C-11783","SW-RO-30YD","04/03/20",45913
"Customer C-11724","SW-RES-1-M","2024-11-01",16191
"Customer C-30790","SW-ROLLOFF-10YD","05/20/22",27555
"Customer C-26553","LEGACY-CODE","02/24/2023",27002
"Customer C-42541","SW-RO-40","03/21/19",62215
"Customer C-07009","SW-RO-30","10/26/22",51262
"Customer C-13722","SW-RO-30","2023-02-05",48777
"Customer C-07734","SW-ROLLOFF-40YD","04/03/22",55024
"Customer C-01565","SW-COMM-6","2019-03-20",10702
"Customer C-19103","SW-ROLLOFF-20YD","2022-07-19",43140
"Customer C-26620","SW-RES-1-BW","2022-12-04",41749
"Customer C-34072","SW-COMM-2YD","02-Oct-20",9583
"Customer C-07578","SW-COMM-2","02/23/23",11633
"Customer C-13733","SW-RES-1-M","2021-08-01",31453
"Customer C-08767","SW-ROLLOFF-40YD","08/12/2021",55873
"Customer C-28136","SW-RES-1-W","09/17/2022",21136
"Customer C-34105","SW-COMM-8YD","04/26/2019",22016
"Customer C-41727","SW-FL-8YD","2023-02-01",20700
"Customer C-02527","SW-FL-2YD","2023-05-14",9454
"Customer C-39920","SW-RES-1-W","03/13/2019",44841
"Customer C-37644","SW-COMM-4YD","11/16/23",16510
"Customer C-07844","SW-RO-30YD","01/16/2023",47003
"Customer C-21385","SW-FL-4YD","12/17/2022",8033
"Customer C-26480","SW-RO-40YD","10/25/2024",55729
"Customer C-23186","SW-ROLLOFF-10YD","2020-06-14",28497
"Customer C-21230","SW-COMM-XX","2019-05-05",14859
"Customer C-11992","SW-ROLLOFF-40YD","25-Jan-20",62599
"Customer C-17256","SW-COMM-2YD","2024-07-17",9362
"Customer C-37447","SW-RO-10YD","04/16/2024",33327
"Customer C-27433","SW-FL-2YD","02/20/2023",10381
"Customer C-38719","NOPE-1","08/14/2023",10451
"Customer C-10799","SW-COMM-2","13-Apr-20",4332
"Customer C-18861","SW-COMM-2","09/12/2024",12345
"Customer C-38232","SW-RO-10YD","2024-04-08",25904
"Customer C-31020","SW-FL-4YD","2020-10-23",7429
"Customer C-25090","SW-RO-20YD","09/15/2021",38629
"Customer C-41771","SW-RO-40YD","11-Mar-20",61800
"Customer C-13760","OLD-SVC-7","27-Nov-20",4844
"Customer C-04325","SW-RO-40YD","01-Oct-20",60165
"Customer C-40211","SW-ROLLOFF-20YD","24-Mar-21",38769
"Customer C-18105","SW-RES-1-W","07/11/2019",15459
"Customer C-22331","SW-COMM-2","2023-01-28",12227
"Customer C-25033","SW-ROLLOFF-20YD","08/12/2022",37105
"Customer C-25551","SW-COMM-6YD","2020-06-25",16095
"Customer C-38519","SW-FL-8YD","28-Oct-21",19662
"Customer C-15727","SW-RES-1-W","2020-01-11",57309
"Customer C-24602","SW-COMM-6","10-Jun-21",10352
"Customer C-01964","SW-ROLLOFF-30YD","02/05/2024",50720
"Customer C-40418","SW-FL-2YD","23-Nov-22",9763
"Customer C-33645","SW-COMM-6","2023-09-28",11722
"Customer C-02619","SW-COMM-6YD","04/15/23",18215
"Customer C-06809","SW-FL-8YD","20-Aug-24",20633
"Customer C-22307","SW-RO-20","2024-12-15",36073
"Customer C-01009","SW-FL-8YD","03/06/19",21621
"Customer C-06523","SW-COMM-2YD","28-Jan-20",13905
"Customer C-15475","SW-COMM-2YD","2021-10-26",11271
"Customer C-05676","SW-RO-30YD","04/21/2021",47636
"Customer C-26532","SW-ROLLOFF-10YD","28-Dec-23",26130
"Customer C-18803","SW-ROLLOFF-10YD","03/25/2023",31434
"Customer C-13035","SW-RO-20","2019-10-04",36119
"Customer C-25298","SW-ROLLOFF-40YD","11/17/2024",63080
"Customer C-35210","SW-COMM-2YD","03/26/2021",6258
"Customer C-34254","SW-RO-30","11/03/2019",54609
"Customer C-17491","SW-RO-40YD","18-Jul-21",59218
"Customer C-03473","SW-COMM-6YD","08/22/2020",13933
"Customer C-40358","SW-RO-10","2020-11-03",32977
"Customer C-32747","SW-RO-30YD","05/04/2019",49491
"Customer C-33599","SW-RO-30YD","12/10/2022",51180
"Customer C-41664","SW-COMM-4","2023-10-07",9675
"Customer C-00235","SW-FL-4YD","17-Oct-21",10459
"Customer C-30180","SW-COMM-4YD","21-Oct-24",16970
"Customer C-24404","SW-RO-10YD","06/03/2019",29058
"Customer C-23491","SW-COMM-8YD","2024-04-13",15915
"Customer C-07667","SW-RO-30YD","10/26/2020",47229
"Customer C-43235","SW-COMM-8YD","04/24/2020",17317
"Customer C-01231","SW-FL-2YD","10/01/22",8953
"Customer C-01781","SW-FL-2YD","2023-08-15",5340
"Customer C-02048","SW-COMM-2","12/01/2019",10530
"Customer C-33791","SW-ROLLOFF-10YD","11/09/2021",32885
"Customer C-41174","SW-RO-20","02/23/22",37410
"Customer C-18029","SW-FL-2YD","17-Apr-24",9762
"Customer C-43291","SW-ROLLOFF-10YD","2021-09-06",33287
"Customer C-13825","SW-COMM-6YD","2024-12-05",18237
"Customer C-35930","SW-COMM-6","01/28/2023",14535
"Customer C-28548","SW-COMM-6","24-Mar-20",15611
"Customer C-21427","SW-RO-40YD","21-Dec-21",62690
"Customer C-02407","OLD-SVC-7","06/15/20",17856
"Customer C-42911","SW-COMM-4","21-Feb-23",11573
"Customer C-01863","SW-ROLLOFF-10YD","06/12/2024",31280
"Customer C-01232","SW-COMM-6YD","2023-09-26",17293
"Customer C-28830","SW-RO-10","03/20/2021",26595
"Customer C-09095","SW-RO-20","11/24/2021",41006
"Customer C-31685","SW-COMM-4","08/15/2020",11733
"Customer C-32912","SW-RO-10YD","09/19/2020",28428
"Customer C-16416","SW-ROLLOFF-10YD","11/12/2022",26365
"Customer C-34329","SW-FL-2YD","04/11/2020",8486
"Customer C-12870","SW-ROLLOFF-10YD","2023-11-16",28475
"Customer C-13388","SW-ROLLOFF-20YD","2021-11-24",37897
"Customer C-37715","SW-ROLLOFF-10YD","03/15/2020",28982
"Customer C-17962","SW-ROLLOFF-20YD","2024-04-25",44331
"Customer C-43784","SW-RO-10","2022-11-04",32570
"Customer C-21833","SW-FL-8YD","10/08/24",19263
"Customer C-38623","SW-FL-8YD","11/22/2019",22786
"Customer C-22677","SW-COMM-8","08/12/23",21219
"Customer C-16381","SW-RO-30","08/15/2020",54213
"Customer C-32772","SW-RES-1-M","2020-11-08",15381
"Customer C-05815","SW-COMM-2YD","12-Nov-21",6647
"Customer C-18724","SW-FL-8YD","2019-08-13",21823
"Customer C-25594","SW-COMM-8","01/28/24",21916
"Customer C-04996","SW-FL-2YD","2022-04-02",13675
"Customer C-11521","SW-RES-1-W","14-May-20",46412
"Customer C-29457","SW-FL-6YD","13-Jul-21",19011
"Customer C-24573","SW-RO-10YD","01-Sep-19",29178
"Customer C-25424","SW-RO-20","05/16/2023",39137
"Customer C-43019","SW-COMM-8","10-Sep-24",22087
"Customer C-33447","SW-COMM-XX","12/23/2019",19795
"Customer C-29866","SW-RO-10YD","2023-10-17",28122
"Customer C-40010","SW-RO-20YD","2022-01-14",38607
"Customer C-35492","SW-FL-6YD","06/23/2023",11878
"Customer C-06766","SW-ROLLOFF-40YD","06/17/23",61069
"Customer C-33809","SW-RO-20YD","11/10/19",35904
"Customer C-08074","SW-ROLLOFF-40YD","23-Jul-21",57604
"Customer C-07864","SW-FL-6YD","10/09/21",14972
"Customer C-31757","SW-ROLLOFF-10YD","04/03/2024",28131
"Customer C-11345","SW-FL-2YD","12/19/2021",5042
"Customer C-05888","SW-RES-1-BW","09/28/2022",19731
"Customer C-23459","SW-ROLLOFF-10YD","10/22/2024",26585
"Customer C-15106","SW-FL-8YD","05/19/22",13661
"Customer C-16040","SW-RO-40","02/19/2021",56392
"Customer C-37087","SW-RO-40YD","18-Aug-20",61929
"Customer C-00075","SW-COMM-6YD","03/16/2019",14605
"Customer C-14939","SW-RES-1-W","07/12/2024",47559
"Customer C-25433","SW-ROLLOFF-10YD","2023-08-09",30243
"Customer C-08810","SW-RO-10YD","07/14/2023",29810
"Customer C-10965","SW-RO-10YD","10/01/2020",31940
"Customer C-35275","SW-RO-40YD","2019-02-05",56698
"Customer C-24758","SW-COMM-4YD","04/07/2021",11224
"Customer C-30796","SW-FL-8YD","2021-10-13",21938
"Customer C-06140","SW-ROLLOFF-30YD","26-Aug-21",53592
"Customer C-05567","SW-COMM-2YD","15-Jun-24",12646
"Customer C-25011","SW-RES-1-W","08/10/2021",50385
"Customer C-19602","SW-XX-99YD","05/26/2022",45915
"Customer C-44923","SW-RO-20","07/23/2024",37711
"Customer C-18799","SW-COMM-2","07/02/2024",4371
"Customer C-23148","SW-ROLLOFF-30YD","03/13/2022",54522
"Customer C-11727","SW-COMM-6YD","16-Jul-22",13761
"Customer C-14178","SW-RO-10","28-Mar-22",29285
"Customer C-08554","SW-COMM-2","01/14/2024",5488
"Customer C-02401","SW-RES-1-BW","23-Nov-23",14690
"Customer C-42288","SW-COMM-6","08/04/2021",17463
"Customer C-16782","SW-COMM-8YD","06/08/21",16410
"Customer C-22069","SW-COMM-6YD","01-Mar-21",17033
"Customer C-22429","SW-RO-10","2021-02-09",28251
"Customer C-32328","SW-RO-30","2023-09-28",54265
"Customer C-21020","SW-ROLLOFF-40YD","2024-02-08",61342
"Customer C-22841","SW-COMM-2","04/14/2020",5788
"Customer C-07928","SW-RO-10","06/16/2020",28446
"Customer C-16910","SW-FL-2YD","06/15/24",9823
"Customer C-04293","SW-RO-40YD","05-Nov-20",60527
"Customer C-22973","SW-ROLLOFF-20YD","09-Mar-21",37482
"Customer C-26106","SW-FL-2YD","07/20/2022",9617
"Customer C-19094","SW-RO-10YD","28-Oct-22",29492
"Customer C-35927","SW-RO-40YD","2020-04-01",64177
"Customer C-43787","SW-COMM-4","2021-06-12",14432
"Customer C-19252","SW-ROLLOFF-10YD","05/11/2021",34163
"Customer C-01332","SW-ROLLOFF-10YD","03/14/2020",31439
"Customer C-25074","SW-COMM-6YD","11/11/2021",19583
"Customer C-35621","SW-COMM-8","04/19/2024",21726
"Customer C-20018","SW-ROLLOFF-10YD","02/20/2024",33712
"Customer C-42166","SW-RES-1-M","03/26/19",45557
"Customer C-27364","SW-RES-1-M","09/18/23",17403
"Customer C-40955","SW-RO-20","2020-04-21",39437
"Customer C-10872","SW-RO-40YD","05/20/2024",60607
"Customer C-29326","SW-RO-20","06/16/2022",41651
"Customer C-19709","SW-FL-6YD","2020-02-18",17868
"Customer C-05369","SW-FL-2YD","10/04/2019",4461
"Customer C-17981","SW-ROLLOFF-20YD","06/12/2019",38803
"Customer C-00308","SW-COMM-2","2023-04-08",7934
"Customer C-35701","SW-FL-6YD","01/12/2022",10468
"Customer C-04978","SW-RO-10","07/19/20",29800
"Customer C-41654","SW-RO-20YD","2020-03-07",42291
"Customer C-00771","SW-ROLLOFF-30YD","2021-07-04",49289
"Customer C-13679","SW-COMM-8","11/26/2023",13391
"Customer C-22837","SW-ROLLOFF-10YD","2024-08-27",28243
"Customer C-33203","NOPE-1","06/16/2021",53900
"Customer C-41821","SW-RES-1-W","07/23/21",49005
"Customer C-09818","SW-ROLLOFF-30YD","04-Sep-24",52270
"Customer C-34951","SW-FL-2YD","2022-03-16",5779
"Customer C-23759","SW-COMM-6YD","02/28/24",12597
"Customer C-05261","SW-RES-1-W","08/28/23",53347
"Customer C-24652","SW-COMM-6","2020-01-23",11406
"Customer C-20370","SW-COMM-8YD","23-Dec-22",17097
"Customer C-25401","SW-COMM-2","14-Jul-21",10961
"Customer C-29416","SW-RO-30","2024-03-20",45978
"Customer C-32101","SW-ROLLOFF-30YD","2020-11-17",50830
"Customer C-32980","SW-ROLLOFF-30YD","04/21/2019",53584
"Customer C-24990","SW-ROLLOFF-20YD","02/22/2019",38984
"Customer C-29330","SW-RO-40","06/02/2021",64048
"Customer C-30543","SW-FL-4YD","11/04/2022",16111
"Customer C-42433","SW-RO-10","2020-09-13",33575
"Customer C-12675","SW-RO-10","04/02/22",27868
"Customer C-11227","SW-RO-10","11/02/23",29600
"Customer C-27142","SW-RO-30","09/21/2023",50632
"Customer C-13555","SW-RO-20YD","12/08/20",44192
"Customer C-38097","SW-ROLLOFF-10YD","02/18/21",31430
"Customer C-06668","SW-ROLLOFF-30YD","11/04/20",47775
"Customer C-21218","SW-FL-6YD","11/22/22",11145
"Customer C-37872","SW-ROLLOFF-20YD","01-Feb-24",42618
"Customer C-06487","SW-ROLLOFF-40YD","11/21/2022",63895
"Customer C-01480","SW-COMM-2YD","05/27/2022",13330
"Customer C-20783","SW-RO-10","2021-02-28",29635
"Customer C-37299","SW-COMM-2YD","2021-05-16",8902
"Customer C-31926","SW-RO-30YD","2024-08-28",48277
"Customer C-35271","SW-ROLLOFF-20YD","08/01/2024",38895
"Customer C-38720","SW-RES-1-BW","2021-01-26",15525
"Customer C-25363","SW-COMM-4YD","02-Dec-24",14564
"Customer C-43875","SW-FL-4YD","02/19/20",10323
"Customer C-20130","SW-COMM-6","2023-02-11",18439
"Customer C-43955","SW-RES-1-M","2019-05-08",50249
"Customer C-08125","SW-RO-20","2019-11-06",42201
"Customer C-34110","SW-ROLLOFF-30YD","03/18/23",50313
"Customer C-40467","SW-COMM-2","25-Mar-19",4351
"Customer C-11106","SW-RO-30YD","2020-08-18",53456
"Customer C-43303","SW-RO-10YD","2024-11-01",33087
"Customer C-00325","SW-RO-10","2024-12-25",28181
"Customer C-05451","SW-RO-10","10/09/2021",27618
"Customer C-20535","SW-RO-40","05/21/2022",56606
"Customer C-13130","SW-COMM-6YD","09/13/2021",15725
"Customer C-09949","SW-RO-20YD","09/21/20",41247
"Customer C-22279","SW-RO-30YD","2022-12-13",52042
"Customer C-42705","SW-XX-99YD","02-Oct-22",54094
"Customer C-36812","SW-COMM-2","09/11/20",11885
"Customer C-41157","SW-RO-20YD","05/02/2022",37913
"Customer C-20517","SW-COMM-8YD","03/25/2021",21507
"Customer C-00798","SW-FL-6YD","05/17/23",11635
"Customer C-01806","SW-RO-10YD","01/21/24",27723
"Customer C-19694","SW-RO-30","09/15/2024",47986
"Customer C-16317","SW-RO-10","10/12/20",34261
"Customer C-13977","SW-RES-1-BW","21-Oct-20",15924
"Customer C-10962","SW-FL-6YD","02/12/21",11008
"Customer C-13573","SW-XX-99YD","07/27/2019",15916
"Customer C-07863","SW-RO-10","2023-08-11",32985
"Customer C-08205","SW-ROLLOFF-40YD","2020-08-05",57194
"Customer C-24485","SW-COMM-6YD","02/18/19",13518
"Customer C-12667","SW-RO-40","05/27/2021",55057
"Customer C-25956","SW-RES-1-M","28-Oct-23",11120
"Customer C-38775","SW-FL-2YD","06/23/21",8389
"Customer C-14862","SW-RO-20YD","12/18/23",35202
"Customer C-37004","SW-COMM-6YD","17-Apr-24",18878
"Customer C-17501","SW-COMM-8","06/09/2021",21828
"Customer C-32281","SW-RO-20YD","04/03/23",39393
"Customer C-23288","SW-COMM-6","01/25/22",15033
"Customer C-00002","LEGACY-CODE","2019-12-22",40193
"Customer C-27572","SW-COMM-4YD","06/25/2019",12620
"Customer C-17348","SW-RO-30YD","2019-06-16",54908
"Customer C-23465","SW-FL-2YD","04/22/21",10564
"Customer C-36081","SW-FL-6YD","06/15/2024",10886
"Customer C-20765","SW-RES-1-M","03/25/23",60989
"Customer C-44626","SW-RO-20","11/26/22",37456
"Customer C-17672","SW-COMM-4YD","12/06/2021",9746
"Customer C-06543","SW-RO-20","09/04/2024",37448
"Customer C-02760","SW-COMM-4","11/10/19",9234
"Customer C-01655","SW-RES-1-W","12/05/24",37343
"Customer C-29449","SW-ROLLOFF-10YD","2023-09-17",30559
"Customer C-24075","SW-ROLLOFF-20YD","22-Jul-22",42966
"Customer C-11548","SW-COMM-4YD","27-Jan-22",15136
"Customer C-19565","SW-RO-10","2022-08-11",34705
"Customer C-30170","SW-COMM-2","2019-06-06",11964
"Customer C-12047","SW-RES-1-W","06/05/24",10728
"Customer C-40430","SW-COMM-XX","22-Apr-23",43387
"Customer C-43966","SW-COMM-2YD","04-Oct-21",11236
"Customer C-42394","SW-RO-30","01/02/23",51914
"Customer C-01152","SW-RO-10YD","16-Jul-21",33874
"Customer C-23226","SW-ROLLOFF-40YD","23-Apr-24",55032
"Customer C-02811","SW-COMM-2YD","08/21/24",9453
"Customer C-30659","SW-RO-10YD","05/01/2022",31743
"Customer C-32737","SW-COMM-6YD","03/03/2023",14719
"Customer C-06121","SW-COMM-6","03/05/2020",11486
"Customer C-26063","SW-RO-20","05/28/2019",44499
"Customer C-19970","SW-ROLLOFF-40YD","11/21/19",60838
"Customer C-24945","SW-ROLLOFF-10YD","09/28/2023",27471
"Customer C-06168","SW-RO-30","01/13/22",47908
"Customer C-04739","SW-COMM-2","09/03/22",5630
"Customer C-04443","SW-RO-30","08/28/21",50080
"Customer C-04610","SW-FL-2YD","2024-05-25",10396
"Customer C-37315","SW-COMM-6YD","03/24/2020",12274
"Customer C-03040","SW-COMM-2","04/15/2020",7538
"Customer C-09195","SW-FL-6YD","03-Nov-21",14591
"Customer C-39581","SW-RO-30","21-Feb-20",53914
"Customer C-06400","SW-COMM-6","2022-04-23",10059
"Customer C-23629","SW-FL-8YD","08/11/2021",16893
"Customer C-29734","SW-RO-40","12/19/23",63569
"Customer C-41006","SW-COMM-6YD","04/07/22",16169
"Customer C-25962","SW-RES-1-M","02/03/2021",27485
"Customer C-36949","SW-RES-1-BW","12/02/2020",47884
"Customer C-14966","SW-COMM-8YD","2023-11-10",13890
"Customer C-21654","SW-ROLLOFF-10YD","10/16/2023",31580
"Customer C-27899","SW-RO-30","2019-05-25",49364
"Customer C-27652","OLD-SVC-7","21-Feb-24",42814
"Customer C-40210","SW-ROLLOFF-10YD","06-Oct-21",26762
"Customer C-20890","SW-FL-2YD","2019-06-23",6400
"Customer C-02156","SW-RO-30","08-Mar-21",48767
"Customer C-27324","SW-RES-1-W","10/18/19",52798
"Customer C-16419","SW-RO-40YD","2021-09-05",59487
"Customer C-40401","LEGACY-CODE","02/18/22",62047
"Customer C-06078","SW-COMM-8YD","2023-01-15",20474
"Customer C-05098","SW-FL-6YD","01/04/2021",13880
"Customer C-16324","SW-RO-20YD","02/08/22",41212
"Customer C-40271","SW-RES-1-M","2023-08-06",11209
"Customer C-08772","SW-RO-30YD","2020-11-12",52745
"Customer C-26536","SW-ROLLOFF-10YD","07-Sep-24",29221
"Customer C-23205","SW-FL-8YD","07/15/2024",19320
"Customer C-01040","SW-RO-20YD","2020-12-08",41467
"Customer C-44011","SW-RO-30","2024-04-13",47168
"Customer C-28441","SW-RES-1-BW","01/01/2022",15571
"Customer C-37035","SW-RO-10","15-Nov-19",25836
"Customer C-24153","SW-FL-6YD","2019-01-22",11387
"Customer C-38711","SW-COMM-4YD","05/23/2019",11308
"Customer C-27561","SW-ROLLOFF-10YD","05/06/23",32896
"Customer C-39849","SW-ROLLOFF-10YD","04/04/2020",27864
"Customer C-04776","SW-RO-10","03/16/2023",33050
"Customer C-13944","SW-FL-6YD","16-Oct-24",17282
"Customer C-23833","SW-RO-20","28-Dec-21",40108
"Customer C-15317","SW-COMM-8YD","02/07/2024",16312
"Customer C-05374","SW-RO-30YD","09-Jun-23",48537
"Customer C-04595","SW-RO-20YD","25-May-21",38151
"Customer C-37967","SW-COMM-4","04/01/22",16870
"Customer C-19412","SW-RO-40","06/03/2024",64509
"Customer C-03569","SW-FL-2YD","03/08/23",12619
"Customer C-35376","SW-RO-30YD","2022-12-13",50439
"Customer C-41543","SW-COMM-6","17-Jun-24",19396
"Customer C-06791","SW-FL-2YD","09/02/2022",10421
"Customer C-12030","SW-RO-20YD","2023-10-10",40516
"Customer C-38588","SW-RES-1-W","23-Apr-22",16270
"Customer C-20892","SW-COMM-8","23-Jun-20",16928
"Customer C-32668","LEGACY-CODE","17-Nov-22",5014
"Customer C-42453","SW-RO-40YD","2023-12-22",61352
"Customer C-20273","SW-RO-30","02-Jul-21",48658
"Customer C-31886","SW-RO-10","02/06/23",32297
"Customer C-17079","SW-COMM-4","19-Jan-20",16064
"Customer C-11647","SW-ROLLOFF-30YD","27-Mar-20",50604
"Customer C-44039","SW-RO-30","05/16/21",48561
"Customer C-04330","SW-RO-40YD","09/26/2021",62491
"Customer C-12260","SW-COMM-6YD","2022-07-01",15178
"Customer C-00863","SW-COMM-8","09/13/2024",15562
"Customer C-27517","SW-FL-4YD","15-Feb-21",13820
"Customer C-03879","SW-RO-30YD","2022-04-17",54441
"Customer C-21393","SW-RO-20YD","28-Sep-20",43272
"Customer C-33580","SW-FL-6YD","11/01/2024",16985
"Customer C-28384","SW-ROLLOFF-20YD","10/12/2023",39517
"Customer C-34837","SW-ROLLOFF-30YD","09/16/19",48489
"Customer C-37091","SW-COMM-4","27-Sep-22",12447
"Customer C-16710","SW-FL-6YD","2023-04-24",10546
"Customer C-31418","SW-RO-10YD","2019-12-13",29107
"Customer C-35542","SW-FL-8YD","2020-01-03",19603
"Customer C-13055","SW-ROLLOFF-30YD","2019-06-25",51889
"Customer C-25627","SW-FL-4YD","11/09/23",13672
"Customer C-05995","SW-FL-2YD","01/04/2022",6623
"Customer C-21546","SW-COMM-6YD","2021-06-24",11814
"Customer C-18377","SW-FL-2YD","10/13/23",10026
"Customer C-42123","SW-RES-1-W","2022-02-19",7439
"Customer C-26696","SW-FL-6YD","11/28/2022",11058
"Customer C-04283","SW-RO-10","02/11/2024",25652
"Customer C-40536","SW-ROLLOFF-30YD","14-Mar-19",53554
"Customer C-30863","SW-RO-10","04/21/2023",26317
"Customer C-13938","SW-RO-30","2021-09-02",49064
"Customer C-22794","SW-COMM-4YD","24-Mar-24",8251
"Customer C-34561","SW-COMM-6","06-Feb-24",13534
"Customer C-08718","SW-RO-20","02/11/2019",39881
"Customer C-05568","SW-RO-10","07/21/2023",30269
"Customer C-29174","SW-COMM-8","2024-01-17",13240
"Customer C-15690","SW-RO-20YD","2022-10-24",42983
"Customer C-39906","SW-COMM-8","02/10/2019",19758
"Customer C-10055","NOPE-1","06/10/23",8594
"Customer C-16819","SW-COMM-2","2023-10-09",10336
"Customer C-09091","SW-FL-6YD","06/26/2021",15050
"Customer C-26173","SW-ROLLOFF-10YD","2019-08-06",28540
"Customer C-28238","SW-RO-10","01/01/2024",26018
"Customer C-23024","SW-COMM-2","05/23/23",5896
"Customer C-41946","SW-COMM-2","09/02/2019",10022
"Customer C-27269","SW-RO-10","08-Mar-21",31593
"Customer C-15400","SW-FL-8YD","12/02/20",22146
"Customer C-38052","SW-FL-2YD","2019-02-05",8568
"Customer C-09624","SW-COMM-2YD","08/13/22",13328
"Customer C-09267","SW-RES-1-W","2020-02-01",36591
"Customer C-06870","SW-RO-10","03/15/2023",31563
"Customer C-17429","SW-COMM-6YD","12/19/20",18293
"Customer C-38861","NOPE-1","2019-07-09",47607
"Customer C-25600","SW-COMM-6YD","2022-07-02",19278
"Customer C-14817","SW-ROLLOFF-30YD","02/10/21",47941
"Customer C-20685","SW-RO-20","2024-06-22",36673
"Customer C-34805","SW-COMM-4","04/27/2019",16818
"Customer C-36912","SW-RO-20YD","28-Aug-20",37033
"Customer C-09957","SW-COMM-6YD","2022-04-21",16795
"Customer C-33227","SW-FL-8YD","2024-08-08",15637
"Customer C-03199","SW-RO-40YD","12/11/20",60377
"Customer C-37948","SW-RO-20YD","06/25/2023",39627
"Customer C-44071","SW-RES-1-M","01/21/2019",20750
"Customer C-01510","SW-RO-10","18-Aug-24",33161
"Customer C-15498","SW-COMM-XX","2023-06-09",61828
"Customer C-27788","SW-ROLLOFF-20YD","2024-07-16",37711
"Customer C-34080","SW-RO-40","2024-04-17",61513
"Customer C-06008","SW-COMM-6YD","11/10/2019",18721
"Customer C-44251","SW-COMM-8YD","11/03/22",21651
"Customer C-01418","SW-RES-1-BW","06/16/2022",18765
"Customer C-10122","SW-COMM-XX","04/25/2019",13348
"Customer C-13682","SW-FL-8YD","01/28/19",18611
"Customer C-21894","SW-COMM-8","2024-01-25",19358
"Customer C-16817","SW-RO-30","05/21/22",50216
"Customer C-44517","SW-ROLLOFF-20YD","04/28/2019",40025
"Customer C-08690","SW-RO-40YD","10/23/21",62393
"Customer C-35402","SW-RO-20YD","05-Dec-23",39162
"Customer C-21130","SW-ROLLOFF-40YD","12-Jul-21",62424
"Customer C-26670","SW-RO-20","02/23/19",42178
"Customer C-22050","SW-RO-10","05-Jul-22",32143
"Customer C-01056","SW-COMM-6YD","07/05/2019",19557
"Customer C-02307","SW-COMM-2YD","01/14/21",12744
"Customer C-33817","SW-RES-1-W","2019-04-19",27932
"Customer C-28817","SW-RO-30","12/16/2019",53386
"Customer C-16511","SW-RO-30","24-May-22",54036
"Customer C-10020","SW-RO-20YD","03/21/2021",44782
"Customer C-44617","SW-COMM-2","04/02/24",5074
"Customer C-34351","SW-RES-1-W","05/15/2023",54532
"Customer C-43211","SW-COMM-2YD","03-Jun-20",13301
"Customer C-22285","SW-COMM-4","12/06/2024",9590
"Customer C-41044","SW-FL-6YD","2024-11-06",15257
"Customer C-39450","SW-RO-10","08/19/2024",25105
"Customer C-14066","SW-COMM-4","01-Apr-19",10276
"Customer C-37862","SW-RO-10YD","2024-10-15",28594
"Customer C-39367","SW-ROLLOFF-40YD","12/05/20",56775
"Customer C-25480","SW-COMM-6","04/22/2021",19952
"Customer C-07942","SW-RO-40YD","05/23/22",57785
"Customer C-17170","SW-FL-4YD","09/22/2024",8792
"Customer C-44078","SW-RO-10","2020-09-07",31897
"Customer C-08176","SW-COMM-2YD","07/03/2024",12691
"Customer C-22867","SW-COMM-8","02/12/2024",21301
"Customer C-21756","SW-FL-2YD","10/25/23",12930
"Customer C-20393","SW-COMM-6","2022-12-17",19841
"Customer C-04504","SW-RES-1-W","2023-11-12",10261
"Customer C-04418","SW-COMM-4YD","15-Dec-24",16976
"Customer C-24091","SW-COMM-XX","2019-03-24",38120
"Customer C-33122","SW-RO-30","2024-11-25",50087
"Customer C-02886","SW-COMM-6YD","09/28/2019",14785
"Customer C-21610","SW-RO-30YD","10/01/24",53797
"Customer C-42912","SW-FL-6YD","12/24/19",19060
"Customer C-42826","SW-RO-30YD","2022-03-04",52255
"Customer C-29197","SW-COMM-8YD","07/05/2019",14970
"Customer C-15935","SW-ROLLOFF-30YD","03/26/2022",52624
"Customer C-14956","SW-ROLLOFF-10YD","06/16/20",28743
"Customer C-37618","SW-RES-1-BW","11/03/2022",15293
"Customer C-13018","SW-COMM-8","07/25/2019",17250
"Customer C-10178","SW-RO-10","10/08/2023",31561
"Customer C-15515","SW-COMM-6","09/25/2020",16887
"Customer C-20087","SW-RO-40","2021-08-10",62311
"Customer C-43863","SW-RO-10","11-Jun-21",30675
"Customer C-28075","SW-COMM-6YD","08/09/2024",19316
"Customer C-17327","SW-RO-30","22-Mar-19",48836
"Customer C-05537","SW-RES-1-M","09/07/2023",11899
"Customer C-32203","SW-FL-8YD","2021-09-06",16090
"Customer C-14882","SW-ROLLOFF-30YD","28-Aug-24",49852
"Customer C-25110","SW-RO-40YD","22-Mar-20",60345
"Customer C-11167","SW-RO-30YD","2019-02-18",53733
"Customer C-10251","SW-FL-2YD","07/24/2020",11544
"Customer C-29573","SW-RO-30YD","03/14/23",48586
"Customer C-17374","SW-RO-40YD","04/02/23",58985
"Customer C-37840","SW-RES-1-M","02/28/2021",19363
"Customer C-05020","SW-ROLLOFF-30YD","2022-01-07",50908
"Customer C-37837","SW-RO-40YD","2022-06-21",55741
"Customer C-05079","SW-RO-40YD","2022-11-01",64762
"Customer C-41468","SW-FL-4YD","09/22/2020",7135
"Customer C-42649","SW-RES-1-W","2021-08-24",27456
"Customer C-01134","SW-ROLLOFF-40YD","11/26/2019",60514
"Customer C-12115","NOPE-1","2023-10-26",11343
"Customer C-08037","SW-RES-1-BW","2021-07-26",48759
"Customer C-41465","SW-COMM-8","02-Apr-20",14874
"Customer C-27978","SW-XX-99YD","01/11/20",31960
"Customer C-07747","SW-FL-6YD","11/22/2021",16967
"Customer C-05220","SW-RO-10","03/01/2022",33949
"Customer C-42697","SW-RO-40YD","2023-07-22",64185
"Customer C-04323","SW-RES-1-BW","22-Sep-23",10252
"Customer C-24542","SW-RO-20","12/07/22",35323
"Customer C-26658","SW-ROLLOFF-40YD","2022-05-12",60770
"Customer C-10773","SW-COMM-8YD","09-Aug-22",14323
"Customer C-35177","SW-FL-2YD","09/10/2023",11363
"Customer C-09974","SW-RO-40","2020-07-14",56143
"Customer C-20154","SW-FL-4YD","12/18/2024",9164
"Customer C-24644","SW-FL-6YD","05/13/24",10348
"Customer C-23611","SW-RO-10","2022-06-20",31881
"Customer C-29469","SW-COMM-6","08/05/2019",19438
"Customer C-25355","SW-RES-1-M","07/15/19",60226
"Customer C-24039","SW-FL-6YD","27-Apr-21",10010
"Customer C-14182","SW-RO-20","11-Jul-22",44763
"Customer C-34714","SW-COMM-4","12-Aug-19",10452
"Customer C-33695","SW-RO-20","04/06/2019",42703
"Customer C-28317","SW-ROLLOFF-30YD","07/11/2020",54416
"Customer C-01857","SW-ROLLOFF-40YD","09/18/2024",56175
"Customer C-24839","SW-RO-40YD","08-May-20",59187
"Customer C-08980","SW-RO-40YD","2021-06-14",61678
"Customer C-08851","SW-ROLLOFF-20YD","03/21/19",40875
"Customer C-21053","SW-COMM-XX","05/10/23",52198
"Customer C-13674","SW-COMM-4","03/05/22",16668
"Customer C-28701","SW-ROLLOFF-40YD","01-Nov-24",56666
"Customer C-15596","SW-ROLLOFF-20YD","2020-08-24",41303
"Customer C-29560","SW-RES-1-M","10/25/2019",15200
"Customer C-10420","SW-COMM-4","06-Aug-20",13253
"Customer C-14224","SW-RO-40","07/24/2024",59880
"Customer C-34140","SW-COMM-6","2019-12-08",16770
"Customer C-13428","SW-FL-4YD","2022-07-17",9329
"Customer C-12638","SW-ROLLOFF-10YD","2023-10-11",26843
"Customer C-09959","SW-ROLLOFF-10YD","05/18/2024",34737
"Customer C-29591","SW-RES-1-W","01/09/21",60883
"Customer C-27255","SW-COMM-6","07/20/2023",16901
"Customer C-25979","SW-COMM-6YD","11/03/22",18588
"Customer C-09299","SW-ROLLOFF-30YD","11/04/21",45997
"Customer C-18565","SW-FL-8YD","24-Jan-22",16508
"Customer C-04995","SW-FL-2YD","02/26/23",5619
"Customer C-21125","SW-RO-10YD","14-Aug-23",29497
"Customer C-02120","SW-RO-40","03/25/24",55445
"Customer C-24281","SW-RO-40YD","2020-06-06",59176
"Customer C-36922","SW-RO-30YD","03/16/24",51056
"Customer C-30844","SW-RES-1-M","12/20/2024",60447
"Customer C-08883","SW-ROLLOFF-30YD","10/05/2020",54432
"Customer C-26984","SW-COMM-6YD","2023-02-22",13971
"Customer C-38544","SW-RO-30","08/15/2022",49422
"Customer C-03982","SW-XX-99YD","10/11/21",42497
"Customer C-25465","SW-COMM-6","08-Apr-24",19315
"Customer C-31371","SW-COMM-4","06/10/20",14222
"Customer C-07969","SW-COMM-4","20-Feb-20",12096
"Customer C-29776","SW-RES-1-W","01/24/21",15387
"Customer C-30117","SW-RO-10YD","01/12/20",33516
"Customer C-10574","SW-ROLLOFF-20YD","12/15/2022",38712
"Customer C-13155","SW-COMM-4YD","04/20/2022",7302
"Customer C-07787","SW-RO-30","2020-02-17",47566
"Customer C-40439","SW-RO-40","14-Nov-21",62028
"Customer C-12510","SW-RO-40YD","2024-09-10",59333
"Customer C-37329","SW-FL-6YD","06/23/2024",16970
"Customer C-24891","SW-RES-1-BW","2020-05-25",7909
"Customer C-31042","SW-RO-20YD","2022-06-12",36693
"Customer C-40361","SW-FL-6YD","2019-01-14",15006
"Customer C-35762","SW-RO-40YD","2022-04-16",58438
"Customer C-13822","SW-RES-1-W","28-May-23",35634
"Customer C-09655","SW-FL-4YD","06/14/2024",12815
"Customer C-37790","SW-RO-20","01/01/2023",35166
"Customer C-03477","SW-FL-6YD","03/28/22",19335
"Customer C-39480","SW-ROLLOFF-30YD","03/21/24",47867
"Customer C-00094","SW-RO-10YD","2024-08-22",29694
"Customer C-00094","SW-ROLLOFF-10YD","01-Mar-19",30194
"Customer C-05056","SW-RO-40","01/28/2021",61568
"Customer C-05056","SW-RO-40YD","2019-04-23",62068
"Customer C-39552","SW-ROLLOFF-30YD","01/28/22",48392
"Customer C-39552","SW-ROLLOFF-30YD","07/22/2022",48892
"Customer C-35332","SW-COMM-4","2023-12-26",14355
"Customer C-35332","SW-COMM-4YD","2024-12-11",14855
"Customer C-05613","SW-RO-40","27-Jan-20",56077
"Customer C-05613","SW-RO-40","07/13/2020",57077
"Customer C-07692","SW-ROLLOFF-30YD","03-Jun-23",53742
"Customer C-07692","SW-RO-30","2021-07-01",54242
"Customer C-02817","SW-RO-40YD","02/08/22",62654
"Customer C-02817","SW-RO-40YD","2021-03-18",64154
"Customer C-15810","SW-FL-6YD","2024-07-16",15020
"Customer C-15810","SW-COMM-6YD","2024-11-01",16020
"Customer C-38405","NOPE-1","2021-06-06",14691
"Customer C-38405","SW-COMM-4","05/09/2022",15191
"Customer C-38215","SW-COMM-8YD","19-Oct-24",14903
"Customer C-38215","LEGACY-CODE","01/25/20",16403
"Customer C-33383","SW-FL-8YD","2021-05-11",16945
"Customer C-33383","SW-COMM-8","01/04/19",17445
"Customer C-24306","SW-COMM-8YD","02/07/2023",17594
"Customer C-24306","SW-RES-1-BW","11/27/2024",19094
"Customer C-40365","SW-COMM-4YD","06-Jun-22",12154
"Customer C-40365","SW-COMM-4YD","21-Feb-21",12654
"Customer C-36946","SW-RO-20","2021-04-25",41886
"Customer C-36946","SW-RO-20","12/11/2021",42886
"Customer C-00015","SW-COMM-8YD","2019-10-27",22185
"Customer C-00015","SW-COMM-8YD","04/09/23",23685
"Customer C-32098","SW-ROLLOFF-30YD","01/13/2020",50205
"Customer C-32098","SW-RO-30YD","03/09/2022",50705
"Customer C-25961","SW-ROLLOFF-40YD","2022-05-06",56212
"Customer C-25961","SW-ROLLOFF-40YD","13-Jul-19",56712
"Customer C-10956","SW-RES-1-W","05/28/2021",14461
"Customer C-10956","SW-COMM-6YD","03-Oct-20",14961
"Customer C-02055","SW-RO-30","11-Sep-22",47563
"Customer C-02055","SW-RO-30","03/01/23",49063
"Customer C-39101","NOPE-1","14-Jul-24",38234
"Customer C-39101","SW-RES-1-W","11-Aug-23",39234
"Customer C-32908","SW-RES-1-M","2024-08-09",16097
"Customer C-32908","SW-RES-1-M","07/13/24",17097
"Customer C-29712","SW-RO-40YD","2020-03-12",64607
"Customer C-29712","SW-RO-40","05/12/21",66107
"Customer C-05339","SW-FL-6YD","01/05/19",18738
"Customer C-05339","LEGACY-CODE","26-Jul-19",19238
"Customer C-15737","SW-ROLLOFF-20YD","06/07/23",42165
"Customer C-15737","SW-RO-20YD","27-Apr-23",43165
"Customer C-28305","SW-RO-40YD","10/05/23",62303
"Customer C-28305","SW-ROLLOFF-40YD","2023-08-09",62803
"Customer C-28723","SW-RO-40YD","07/09/2020",60977
"Customer C-28723","SW-RO-40YD","07/18/2022",61977
"Customer C-42804","SW-COMM-4YD","28-Mar-20",13637
"Customer C-42804","SW-FL-4YD","04/10/2023",15137
"Customer C-02197","SW-COMM-4YD","2024-04-13",8747
"Customer C-02197","SW-FL-4YD","02/26/2020",9247
"Customer C-25881","SW-FL-8YD","01/08/2024",16823
"Customer C-25881","SW-COMM-8YD","02/19/2020",17323
"Customer C-38465","SW-ROLLOFF-20YD","2020-08-02",41085
"Customer C-38465","SW-RO-20YD","09/21/19",42585
"Customer C-15252","SW-RO-20YD","2024-05-12",39436
"Customer C-15252","SW-RO-20YD","12/13/2019",40936
"Customer C-21659","SW-COMM-8YD","03/03/22",17854
"Customer C-21659","SW-COMM-8YD","11-Apr-23",18354
"Customer C-38194","SW-RES-1-W","08/13/2022",54190
"Customer C-38194","SW-RO-30","06/02/19",54690
"Customer C-30733","SW-RO-10","2023-01-20",25500
"Customer C-30733","SW-RO-10YD","2022-12-07",27000
"Customer C-36529","SW-COMM-2YD","01/10/23",5309
"Customer C-36529","NOPE-1","12/26/2019",6309
"Customer C-34184","SW-RO-40YD","02/27/2020",61316
"Customer C-34184","SW-XX-99YD","2020-07-12",62316
"Customer C-28619","SW-RO-30","23-Dec-22",51795
"Customer C-28619","SW-RO-30YD","06/17/2024",53295
"Customer C-04060","SW-RO-30YD","2020-06-05",48167
"Customer C-04060","SW-ROLLOFF-30YD","2021-02-05",49667
"Customer C-17276","SW-ROLLOFF-20YD","08/07/21",44595
"Customer C-17276","SW-RO-20YD","10/07/2021",45595
"Customer C-15439","SW-RO-10YD","02/21/23",32627
"Customer C-15439","SW-RO-10YD","01/27/23",33627
"Customer C-20997","SW-RO-10YD","08/28/19",33047
"Customer C-20997","NOPE-1","09/08/2019",34547
"Customer C-15743","SW-RO-20YD","16-Mar-24",39111
"Customer C-15743","SW-ROLLOFF-20YD","2024-11-06",39611
"Customer C-17142","SW-RES-1-M","2022-08-16",43410
"Customer C-17142","SW-RO-20YD","2022-09-07",44910
"Customer C-38878","SW-ROLLOFF-30YD","01/14/2022",50794
"Customer C-38878","SW-RO-30YD","2022-02-06",51794
"Customer C-35283","SW-FL-6YD","01/19/23",13256
"Customer C-35283","SW-COMM-6","24-Jul-23",13756
"Customer C-29148","SW-RO-30","02-Oct-23",51328
"Customer C-29148","SW-RO-30","04/13/2022",52328
"Customer C-43367","SW-COMM-8","07/27/2023",16984
"Customer C-43367","SW-FL-8YD","12/16/2021",18484
"Customer C-04540","SW-COMM-4YD","2024-05-24",9171
"Customer C-04540","SW-COMM-4","07/02/23",10671
"Customer C-16834","SW-RO-10","15-Sep-19",34599
"Customer C-16834","SW-RO-10","28-Dec-22",36099
"Customer C-30247","SW-ROLLOFF-20YD","2020-05-09",43439
"Customer C-30247","SW-ROLLOFF-20YD","2019-07-01",43939
"Customer C-43560","SW-RO-10YD","11/23/20",34988
"Customer C-43560","SW-RO-10YD","06/27/2020",35488
"Customer C-41989","SW-RO-10YD","12/14/24",33535
"Customer C-41989","SW-RO-10","10/22/23",35035
"Customer C-38344","SW-COMM-8","07/09/2019",13234
"Customer C-38344","SW-RES-1-W","11/28/2019",14234
"Customer C-15511","SW-FL-2YD","10/12/2023",8691
"Customer C-15511","SW-COMM-2YD","12/22/2019",9191
"Customer C-15710","SW-RES-1-BW","12/21/23",11562
"Customer C-15710","SW-COMM-4YD","19-Apr-24",13062
"Customer C-09693","SW-ROLLOFF-20YD","02/27/2024",40916
"Customer C-09693","SW-RO-20","08/26/2023",41916
"Customer C-30104","SW-FL-6YD","2021-06-09",10082
"Customer C-30104","SW-FL-6YD","02/16/2024",10582
"Customer C-42978","SW-RO-30YD","01/09/2022",51392
"Customer C-42978","SW-ROLLOFF-30YD","08/11/19",52892
"Customer C-29939","SW-COMM-6","05/26/2024",18955
"Customer C-29939","SW-COMM-6YD","01/13/2022",19455
"Customer C-15311","SW-RO-30YD","06/09/2021",47322
"Customer C-15311","OLD-SVC-7","06/12/23",48322
"Customer C-43375","SW-ROLLOFF-10YD","22-Jul-23",27028
"Customer C-43375","SW-ROLLOFF-10YD","2022-08-27",28028
"Customer C-01614","SW-COMM-6YD","09-Apr-24",10646
"Customer C-01614","SW-COMM-6","08/05/2020",11146
"Customer C-42311","SW-RO-40YD","12/22/21",64000
"Customer C-42311","SW-COMM-XX","2024-01-07",65000
"Customer C-07289","SW-RO-10","07-Oct-24",28209
"Customer C-07289","SW-ROLLOFF-10YD","2024-06-15",29709
"Customer C-17205","SW-RO-20YD","09/07/2023",35531
"Customer C-17205","SW-ROLLOFF-20YD","04/10/20",36531
"Customer C-20129","SW-FL-2YD","2024-11-09",10536
"Customer C-20129","SW-COMM-2","07/24/2024",11536
"Customer C-17359","SW-RES-1-M","2021-11-25",49699
"Customer C-17359","SW-COMM-XX","12/06/2020",50199
"Customer C-15962","SW-ROLLOFF-30YD","07-May-20",48449
"Customer C-15962","SW-RO-30","12/01/2024",49449
"Customer C-07203","SW-ROLLOFF-10YD","2024-10-18",32147
"Customer C-07203","SW-RO-10YD","10/14/20",33147
"Customer C-31153","SW-FL-6YD","01/09/19",12635
"Customer C-31153","SW-FL-6YD","05/15/20",13635
"Customer C-02132","SW-RO-20YD","10/23/23",44559
"Customer C-02132","SW-RO-20YD","2021-01-23",45059
"Customer C-03971","SW-RO-30","2024-12-06",45820
"Customer C-03971","SW-RO-30YD","23-Jan-22",46820
"Customer C-02939","SW-RO-10YD","01-Mar-22",32568
"Customer C-02939","SW-RES-1-BW","01/14/23",33068
"Customer C-43050","SW-RO-20","03/11/23",37291
"Customer C-43050","SW-RO-20","02/09/19",38791
"Customer C-19428","SW-FL-2YD","03/07/23",9015
"Customer C-19428","SW-COMM-2YD","20-Dec-20",9515
"Customer C-29337","SW-RO-10","03/19/2020",30404
"Customer C-29337","OLD-SVC-7","28-Mar-23",30904
"Customer C-00386","SW-COMM-8YD","03-May-20",18605
"Customer C-00386","SW-FL-8YD","21-Jan-21",19605
"Customer C-10563","SW-ROLLOFF-40YD","11/22/2020",62088
"Customer C-10563","SW-ROLLOFF-40YD","03/16/2024",62588
"Customer C-31354","SW-COMM-XX","2022-10-19",9055
"Customer C-31354","SW-COMM-4","17-Apr-21",10055
"Customer C-19103","SW-RO-30","04/01/2023",53680
"Customer C-19103","SW-RO-30","12/20/21",54180
"Customer C-41631","SW-RO-10","08/03/2021",26399
"Customer C-41631","SW-RO-10","10/13/2023",27399
"Customer C-40282","SW-ROLLOFF-40YD","07/28/2023",62415
"Customer C-40282","SW-RO-40","07/20/20",62915
"Customer C-44876","SW-FL-6YD","02/20/2019",19972
"Customer C-44876","SW-FL-6YD","08/16/2020",21472
"Customer C-21384","SW-COMM-6","03/22/2020",16429
"Customer C-21384","SW-COMM-6YD","2023-03-08",17929
"Customer C-09593","SW-FL-4YD","09/06/2021",16759
"Customer C-09593","SW-COMM-4YD","07/15/2024",17759
"Customer C-32032","SW-RO-10YD","08/05/2022",26821
"Customer C-32032","SW-ROLLOFF-10YD","11/08/22",28321
"Customer C-34649","SW-COMM-6","20-Oct-20",18831
"Customer C-34649","SW-RES-1-W","11/13/2019",20331
"Customer C-39813","SW-RO-10","03/28/2019",34819
"Customer C-39813","SW-RO-10","2021-12-11",36319
"Customer C-16077","SW-ROLLOFF-30YD","05/17/22",47871
"Customer C-16077","SW-RO-30","11/26/2022",48871
"Customer C-34432","SW-RO-10YD","07/16/2022",31268
"Customer C-34432","SW-RO-10","11/16/2020",32768
"Customer C-12462","SW-RES-1-BW","2019-09-03",21937
"Customer C-12462","SW-FL-8YD","2019-12-27",22937
"Customer C-06666","SW-RO-20","24-Dec-24",35018
"Customer C-06666","SW-RES-1-M","10/03/24",36018
"Customer C-14364","SW-FL-6YD","2023-08-25",17320
"Customer C-14364","SW-COMM-6YD","02/13/2022",18320
"Customer C-12301","SW-COMM-4","15-Jan-19",9065
"Customer C-12301","SW-FL-4YD","02/10/2022",10065
"Customer C-38314","SW-ROLLOFF-40YD","10/13/2021",55203
"Customer C-38314","SW-ROLLOFF-40YD","08/27/2020",56703
"Customer C-29145","SW-RES-1-W","06-May-20",10700
"Customer C-29145","SW-RES-1-BW","03/18/2019",11200
"Customer C-29644","SW-COMM-8YD","2023-05-25",13778
"Customer C-29644","SW-FL-8YD","2021-03-12",14278
"Customer C-26815","SW-FL-4YD","05/26/22",9935
"Customer C-26815","SW-COMM-4","02-Oct-20",11435
"Customer C-27507","SW-RO-10YD","06/25/2024",32088
"Customer C-27507","SW-ROLLOFF-10YD","03/25/2020",33088
"Customer C-39497","SW-ROLLOFF-40YD","2024-07-11",57413
"Customer C-39497","SW-RO-40","03-Jan-24",58413
"Customer C-42994","SW-RES-1-BW","2021-01-25",43023
"Customer C-42994","SW-RO-20","2022-12-19",43523
"Customer C-23412","SW-XX-99YD","07/13/2023",14811
"Customer C-23412","SW-COMM-4","2019-12-24",16311
"Customer C-07385","SW-ROLLOFF-30YD","23-Apr-22",51008
"Customer C-07385","SW-RO-30YD","03/03/20",51508
"Customer C-03238","SW-ROLLOFF-10YD","04/26/20",27154
"Customer C-03238","SW-ROLLOFF-10YD","03/22/2020",28654
"Customer C-14973","SW-COMM-8","27-Oct-19",17318
"Customer C-14973","SW-COMM-8YD","2021-01-03",17818
"Customer C-20963","SW-COMM-8YD","08/03/23",17755
"Customer C-20963","SW-COMM-8YD","03/10/21",19255
"Customer C-41380","SW-ROLLOFF-10YD","12/16/2022",30401
"Customer C-41380","SW-RO-10YD","2021-05-08",30901
"Customer C-18226","NOPE-1","12/08/2019",22659
"Customer C-18226","SW-FL-8YD","04/04/2021",23659
"Customer C-27197","SW-ROLLOFF-20YD","11/12/21",37858
"Customer C-27197","SW-RO-20","04/04/2024",38858
"Customer C-19408","SW-COMM-6","11/18/2020",15652
"Customer C-19408","SW-FL-6YD","2020-05-11",16652
"Customer C-24131","SW-RO-40YD","05/12/2023",63525
"Customer C-24131","SW-ROLLOFF-40YD","03-Dec-24",64525
"Customer C-34422","SW-ROLLOFF-20YD","11/17/2020",39108
"Customer C-34422","SW-RO-20YD","2022-10-28",39608
"Customer C-38712","SW-RO-30","10/11/19",53090
"Customer C-38712","SW-RO-30","08/22/2021",54590
"Customer C-07550","SW-RES-1-W","07/12/2021",49663
"Customer C-07550","SW-ROLLOFF-30YD","02/02/21",51163
"Customer C-21732","SW-ROLLOFF-10YD","2024-06-14",32793
"Customer C-21732","SW-RO-10","12/25/20",33793
"Customer C-02663","SW-RO-20YD","10-May-20",35952
"Customer C-02663","SW-RO-20YD","2020-06-15",36952
"Customer C-08186","SW-COMM-4","2023-08-13",12870
"Customer C-08186","SW-COMM-4","16-Dec-24",14370
"Customer C-08091","SW-ROLLOFF-40YD","01/11/2024",58574
"Customer C-08091","SW-ROLLOFF-40YD","06/07/19",59074
"Customer C-02545","SW-ROLLOFF-20YD","10/08/2019",38892
"Customer C-02545","SW-ROLLOFF-20YD","20-Jan-22",39892
"Customer C-40547","SW-RO-20","05-May-22",36357
"Customer C-40547","SW-RO-20","09/04/2020",37857
"Customer C-23684","SW-RO-30YD","05-Aug-20",54357
"Customer C-23684","SW-ROLLOFF-30YD","2020-03-26",54857
"Customer C-33552","SW-RES-1-BW","2022-03-07",32060
"Customer C-33552","SW-ROLLOFF-10YD","11-Mar-22",33060
"Customer C-10624","SW-ROLLOFF-40YD","03-Dec-24",62119
"Customer C-10624","SW-RO-40YD","09/25/2020",63119
"Customer C-33756","SW-FL-6YD","07-Nov-20",13281
"Customer C-33756","SW-FL-6YD","13-May-22",13781
"Customer C-35661","SW-COMM-8YD","12/07/22",22376
"Customer C-35661","SW-COMM-8YD","12/09/2022",22876
"Customer C-40399","SW-RO-20","2022-01-21",36146
"Customer C-40399","SW-ROLLOFF-20YD","11/22/2023",37146
"Customer C-31250","SW-FL-2YD","03/03/2023",7856
"Customer C-31250","SW-FL-2YD","2024-05-08",8856
"Customer C-14463","SW-COMM-8","2021-04-26",20834
"Customer C-14463","SW-RES-1-M","12/02/23",21334
"Customer C-36406","SW-RO-40YD","02/16/2021",58978
"Customer C-36406","SW-RES-1-BW","2022-11-28",60478
"Customer C-01275","SW-RES-1-BW","04/19/2020",48700
"Customer C-01275","SW-RES-1-W","10/20/2022",49200
"Customer C-19891","SW-COMM-4","11/02/2022",16028
"Customer C-19891","SW-FL-4YD","03/27/2022",16528
"Customer C-23350","SW-FL-6YD","03/04/2024",10312
"Customer C-23350","SW-FL-6YD","22-Feb-23",11812
"Customer C-32202","SW-RO-20YD","13-Apr-20",36470
"Customer C-32202","SW-XX-99YD","04/27/23",37470
"Customer C-40193","SW-ROLLOFF-10YD","04/16/23",25671
"Customer C-40193","SW-RES-1-M","20-Feb-21",27171
"Customer C-07983","SW-ROLLOFF-30YD","12/04/2022",46227
"Customer C-07983","SW-RO-30YD","04-Aug-19",47727
"Customer C-02135","SW-RO-40","2024-05-13",57871
"Customer C-02135","SW-RO-40","01/01/22",59371
"Customer C-23196","SW-COMM-8","06/24/2020",21502
"Customer C-23196","SW-FL-8YD","2019-01-06",22002
"Customer C-15573","SW-RO-10","2019-07-06",26192
"Customer C-15573","SW-RES-1-W","20-Jul-21",27192
"Customer C-29363","SW-COMM-2YD","15-Jul-20",5371
"Customer C-29363","SW-COMM-2","2024-08-25",5871
"Customer C-21761","SW-COMM-6","2021-11-06",17193
"Customer C-21761","SW-RES-1-W","2020-06-17",17693
"Customer C-17176","SW-COMM-6","03/05/2022",16347
"Customer C-17176","SW-COMM-6","2022-05-19",17847
"Customer C-12722","SW-RES-1-M","06-Aug-22",42914
"Customer C-12722","SW-ROLLOFF-20YD","02/05/2024",43414
"Customer C-02946","SW-ROLLOFF-20YD","08/21/24",37840
"Customer C-02946","SW-ROLLOFF-20YD","04/16/20",38840
"Customer C-17596","SW-RO-30YD","03/03/23",54858
"Customer C-17596","SW-ROLLOFF-30YD","12-Oct-20",55358
"Customer C-05908","SW-RES-1-BW","01/21/2024",30449
"Customer C-05908","SW-ROLLOFF-10YD","11/05/2021",30949
"Customer C-29755","SW-ROLLOFF-20YD","27-Sep-19",38620
"Customer C-29755","SW-RO-20","01/18/2020",39620
"Customer C-04283","SW-COMM-2","06-Nov-22",5485
"Customer C-04283","SW-COMM-2YD","03/05/2022",6985
"Customer C-13928","SW-ROLLOFF-20YD","2024-10-22",40626
"Customer C-13928","SW-RO-20","2019-05-14",41626
"Customer C-07443","SW-RO-40","2019-05-09",56834
"Customer C-07443","SW-RO-40YD","2020-02-18",57834
"Customer C-12911","OLD-SVC-7","01/17/2021",18441
"Customer C-12911","SW-COMM-8","05-Jan-22",19441
Total,150000,,
